1,タネばくだん
1,しめつける
1,いびき
1,はたきおとす
1,こうごうせい
1,ギガドレイン
1,なやみのタネ
1,ねごと
1,くさのちかい
2,タネばくだん
2,しめつける
2,いびき
2,はたきおとす
2,こうごうせい
2,ギガドレイン
2,なやみのタネ
2,ねごと
2,くさのちかい
3,タネばくだん
3,とおせんぼう
3,しめつける
3,いびき
3,はたきおとす
3,こうごうせい
3,ギガドレイン
3,なやみのタネ
3,げきりん
3,ねごと
3,くさのちかい
4,かみなりパンチ
4,ほのおのパンチ
4,アイアンテール
4,いびき
4,ねっぷう
4,げきりん
4,ねごと
4,ほのおのちかい
5,かみなりパンチ
5,ほのおのパンチ
5,アイアンテール
5,いびき
5,ねっぷう
5,げきりん
5,ねごと
5,ほのおのちかい
6,かみなりパンチ
6,ほのおのパンチ
6,りゅうのはどう
6,アイアンテール
6,いびき
6,ねっぷう
6,おいかぜ
6,はねやすめ
6,げきりん
6,ねごと
6,ほのおのちかい
7,れいとうパンチ
7,てっぺき
7,こごえるかぜ
7,アクアテール
7,しねんのずつき
7,アイアンテール
7,いびき
7,ねごと
7,みずのちかい
8,れいとうパンチ
8,てっぺき
8,こごえるかぜ
8,アクアテール
8,しねんのずつき
8,アイアンテール
8,いびき
8,ねごと
8,みずのちかい
9,シグナルビーム
9,れいとうパンチ
9,てっぺき
9,こごえるかぜ
9,アクアテール
9,しねんのずつき
9,アイアンテール
9,いびき
9,げきりん
9,ねごと
9,みずのちかい
10,むしくい
10,エレキネット
10,いびき
11,むしくい
11,てっぺき
11,エレキネット
12,むしくい
12,シグナルビーム
12,エレキネット
12,いびき
12,おいかぜ
12,ギガドレイン
12,はねやすめ
12,ねごと
12,スキルスワップ
13,むしくい
13,エレキネット
14,むしくい
14,てっぺき
14,エレキネット
15,むしくい
15,ドリルライナー
15,エレキネット
15,いびき
15,はたきおとす
15,おいかぜ
15,ギガドレイン
15,はねやすめ
15,がむしゃら
15,ねごと
16,さわぐ
16,いびき
16,ねっぷう
16,おいかぜ
16,はねやすめ
16,ねごと
17,さわぐ
17,いびき
17,ねっぷう
17,おいかぜ
17,はねやすめ
17,ねごと
18,さわぐ
18,いびき
18,ねっぷう
18,おいかぜ
18,ゴッドバード
18,はねやすめ
18,ねごと
19,ほしがる
19,いかりのまえば
19,さわぐ
19,とっておき
19,こごえるかぜ
19,しねんのずつき
19,アイアンテール
19,いびき
19,がむしゃら
19,ねごと
20,ほしがる
20,いかりのまえば
20,さわぐ
20,とっておき
20,こごえるかぜ
20,しねんのずつき
20,アイアンテール
20,いびき
20,がむしゃら
20,ねごと
21,ドリルライナー
21,さわぐ
21,いびき
21,ねっぷう
21,おいかぜ
21,ゴッドバード
21,はねやすめ
21,ねごと
22,ドリルライナー
22,さわぐ
22,いびき
22,ねっぷう
22,おいかぜ
22,ゴッドバード
22,はねやすめ
22,ねごと
23,タネばくだん
23,ダストシュート
23,アクアテール
23,あくのはどう
23,アイアンテール
23,しめつける
23,いびき
23,ギガドレイン
23,いえき
23,うらみ
23,よこどり
23,ねごと
24,タネばくだん
24,ダストシュート
24,アクアテール
24,あくのはどう
24,アイアンテール
24,しめつける
24,いびき
24,ギガドレイン
24,いえき
24,うらみ
24,よこどり
24,ねごと
25,ほしがる
25,シグナルビーム
25,かみなりパンチ
25,でんじふゆう
25,アイアンテール
25,いびき
25,はたきおとす
25,てだすけ
25,ねごと
26,ほしがる
26,シグナルビーム
26,かみなりパンチ
26,でんじふゆう
26,アイアンテール
26,いびき
26,はたきおとす
26,てだすけ
26,ねごと
27,ほしがる
27,いかりのまえば
27,だいちのちから
27,アイアンテール
27,いびき
27,はたきおとす
27,ステルスロック
27,ねごと
28,ほしがる
28,いかりのまえば
28,だいちのちから
28,アイアンテール
28,いびき
28,はたきおとす
28,ステルスロック
28,ねごと
29,いかりのまえば
29,アイアンテール
29,いびき
29,てだすけ
29,ねごと
30,いかりのまえば
30,アイアンテール
30,いびき
30,てだすけ
30,ねごと
31,いかりのまえば
31,さわぐ
31,かみなりパンチ
31,ほのおのパンチ
31,れいとうパンチ
31,だいちのちから
31,ばかぢから
31,こごえるかぜ
31,アクアテール
31,りゅうのはどう
31,アイアンテール
31,いびき
31,てだすけ
31,げきりん
31,ステルスロック
31,ねごと
32,いかりのまえば
32,ドリルライナー
32,アイアンテール
32,いびき
32,てだすけ
32,ねごと
33,いかりのまえば
33,ドリルライナー
33,アイアンテール
33,いびき
33,てだすけ
33,ねごと
34,いかりのまえば
34,ドリルライナー
34,さわぐ
34,かみなりパンチ
34,ほのおのパンチ
34,れいとうパンチ
34,だいちのちから
34,ばかぢから
34,こごえるかぜ
34,アクアテール
34,りゅうのはどう
34,アイアンテール
34,いびき
34,てだすけ
34,げきりん
34,ステルスロック
34,ねごと
35,ほしがる
35,シグナルビーム
35,とびはねる
35,かみなりパンチ
35,ほのおのパンチ
35,れいとうパンチ
35,マジックコート
35,じゅうりょく
35,とっておき
35,こごえるかぜ
35,しねんのずつき
35,ハイパーボイス
35,アイアンテール
35,いびき
35,はたきおとす
35,なりきり
35,いやしのすず
35,ドレインパンチ
35,おさきにどうぞ
35,てだすけ
35,トリック
35,ワンダールーム
35,がむしゃら
35,リサイクル
35,よこどり
35,ステルスロック
35,ねごと
36,ほしがる
36,シグナルビーム
36,とびはねる
36,かみなりパンチ
36,ほのおのパンチ
36,れいとうパンチ
36,マジックコート
36,じゅうりょく
36,とっておき
36,こごえるかぜ
36,しねんのずつき
36,ハイパーボイス
36,アイアンテール
36,いびき
36,はたきおとす
36,なりきり
36,いやしのすず
36,ドレインパンチ
36,おさきにどうぞ
36,てだすけ
36,トリック
36,ワンダールーム
36,がむしゃら
36,リサイクル
36,よこどり
36,ステルスロック
36,ねごと
37,ほしがる
37,イカサマ
37,あくのはどう
37,しねんのずつき
37,アイアンテール
37,いびき
37,ねっぷう
37,なりきり
37,いたみわけ
37,うらみ
37,ねごと
38,ほしがる
38,イカサマ
38,あくのはどう
38,しねんのずつき
38,アイアンテール
38,いびき
38,ねっぷう
38,なりきり
38,いたみわけ
38,うらみ
38,ねごと
39,ほしがる
39,とびはねる
39,かみなりパンチ
39,ほのおのパンチ
39,れいとうパンチ
39,マジックコート
39,じゅうりょく
39,とっておき
39,こごえるかぜ
39,ハイパーボイス
39,いびき
39,はたきおとす
39,なりきり
39,いやしのすず
39,いたみわけ
39,ドレインパンチ
39,てだすけ
39,がむしゃら
39,リサイクル
39,よこどり
39,ステルスロック
39,ねごと
40,ほしがる
40,とびはねる
40,かみなりパンチ
40,ほのおのパンチ
40,れいとうパンチ
40,マジックコート
40,じゅうりょく
40,とっておき
40,こごえるかぜ
40,ハイパーボイス
40,いびき
40,はたきおとす
40,なりきり
40,いやしのすず
40,いたみわけ
40,ドレインパンチ
40,てだすけ
40,マジックルーム
40,がむしゃら
40,リサイクル
40,よこどり
40,ステルスロック
40,ねごと
41,いかりのまえば
41,さわぐ
41,しねんのずつき
41,いびき
41,ねっぷう
41,おいかぜ
41,ギガドレイン
41,はねやすめ
41,よこどり
41,ねごと
42,いかりのまえば
42,さわぐ
42,しねんのずつき
42,いびき
42,ねっぷう
42,おいかぜ
42,ギガドレイン
42,はねやすめ
42,よこどり
42,ねごと
43,タネばくだん
43,いびき
43,こうごうせい
43,ギガドレイン
43,いえき
43,なやみのタネ
43,おさきにどうぞ
43,ねごと
44,タネばくだん
44,いびき
44,こうごうせい
44,ギガドレイン
44,ドレインパンチ
44,いえき
44,なやみのタネ
44,おさきにどうぞ
44,ねごと
45,タネばくだん
45,いびき
45,こうごうせい
45,ギガドレイン
45,ドレインパンチ
45,いえき
45,なやみのタネ
45,おさきにどうぞ
45,ねごと
46,むしくい
46,タネばくだん
46,いびき
46,はたきおとす
46,こうごうせい
46,ギガドレイン
46,なやみのタネ
46,おさきにどうぞ
46,ねごと
47,むしくい
47,タネばくだん
47,いびき
47,はたきおとす
47,こうごうせい
47,ギガドレイン
47,なやみのタネ
47,おさきにどうぞ
47,ねごと
48,むしくい
48,シグナルビーム
48,しねんのずつき
48,いびき
48,ギガドレイン
48,ねごと
48,スキルスワップ
49,むしくい
49,シグナルビーム
49,しねんのずつき
49,いびき
49,おいかぜ
49,ギガドレイン
49,はねやすめ
49,ねごと
49,スキルスワップ
50,さわぐ
50,だいちのちから
50,いびき
50,ステルスロック
50,ねごと
51,さわぐ
51,だいちのちから
51,いびき
51,ステルスロック
51,ねごと
52,ほしがる
52,タネばくだん
52,ダストシュート
52,さわぐ
52,イカサマ
52,とっておき
52,こごえるかぜ
52,あくのはどう
52,ハイパーボイス
52,アイアンテール
52,いびき
52,はたきおとす
52,うらみ
52,よこどり
52,ねごと
53,ほしがる
53,タネばくだん
53,ダストシュート
53,さわぐ
53,イカサマ
53,とっておき
53,こごえるかぜ
53,あくのはどう
53,ハイパーボイス
53,アイアンテール
53,いびき
53,はたきおとす
53,うらみ
53,よこどり
53,ねごと
54,シグナルビーム
54,れいとうパンチ
54,こごえるかぜ
54,アクアテール
54,しねんのずつき
54,アイアンテール
54,いびき
54,なりきり
54,なやみのタネ
54,ワンダールーム
54,ねごと
55,シグナルビーム
55,けたぐり
55,れいとうパンチ
55,こごえるかぜ
55,アクアテール
55,しねんのずつき
55,アイアンテール
55,いびき
55,なりきり
55,なやみのタネ
55,ワンダールーム
55,ねごと
56,ほしがる
56,ダブルチョップ
56,タネばくだん
56,けたぐり
56,ダストシュート
56,さわぐ
56,かみなりパンチ
56,ほのおのパンチ
56,れいとうパンチ
56,アイアンテール
56,なりきり
56,うらみ
56,てだすけ
56,がむしゃら
56,げきりん
56,ねごと
57,ほしがる
57,ダブルチョップ
57,タネばくだん
57,けたぐり
57,ダストシュート
57,さわぐ
57,かみなりパンチ
57,ほのおのパンチ
57,れいとうパンチ
57,アイアンテール
57,なりきり
57,うらみ
57,てだすけ
57,がむしゃら
57,げきりん
57,ねごと
58,ほしがる
58,アイアンテール
58,いびき
58,ねっぷう
58,てだすけ
58,げきりん
58,ねごと
59,ほしがる
59,アイアンヘッド
59,りゅうのはどう
59,アイアンテール
59,いびき
59,ねっぷう
59,てだすけ
59,げきりん
59,ねごと
60,こごえるかぜ
60,いびき
60,てだすけ
60,がむしゃら
60,ねごと
61,れいとうパンチ
61,こごえるかぜ
61,いびき
61,てだすけ
61,がむしゃら
61,ねごと
62,れいとうパンチ
62,こごえるかぜ
62,いびき
62,てだすけ
62,がむしゃら
62,ねごと
63,シグナルビーム
63,かみなりパンチ
63,ほのおのパンチ
63,れいとうパンチ
63,マジックコート
63,イカサマ
63,じゅうりょく
63,しねんのずつき
63,アイアンテール
63,いびき
63,はたきおとす
63,なりきり
63,ドレインパンチ
63,トリック
63,マジックルーム
63,ワンダールーム
63,リサイクル
63,よこどり
63,ねごと
63,スキルスワップ
64,シグナルビーム
64,かみなりパンチ
64,ほのおのパンチ
64,れいとうパンチ
64,マジックコート
64,イカサマ
64,じゅうりょく
64,しねんのずつき
64,アイアンテール
64,いびき
64,はたきおとす
64,なりきり
64,ドレインパンチ
64,トリック
64,マジックルーム
64,ワンダールーム
64,リサイクル
64,よこどり
64,ねごと
64,スキルスワップ
65,シグナルビーム
65,かみなりパンチ
65,ほのおのパンチ
65,れいとうパンチ
65,マジックコート
65,イカサマ
65,じゅうりょく
65,しねんのずつき
65,アイアンテール
65,いびき
65,はたきおとす
65,なりきり
65,ドレインパンチ
65,トリック
65,マジックルーム
65,ワンダールーム
65,リサイクル
65,よこどり
65,ねごと
65,スキルスワップ
66,ダブルチョップ
66,けたぐり
66,かみなりパンチ
66,ほのおのパンチ
66,れいとうパンチ
66,ばかぢから
66,いびき
66,はたきおとす
66,なりきり
66,てだすけ
66,ねごと
67,ダブルチョップ
67,けたぐり
67,かみなりパンチ
67,ほのおのパンチ
67,れいとうパンチ
67,ばかぢから
67,いびき
67,はたきおとす
67,なりきり
67,てだすけ
67,ねごと
68,ダブルチョップ
68,けたぐり
68,かみなりパンチ
68,ほのおのパンチ
68,れいとうパンチ
68,ばかぢから
68,いびき
68,はたきおとす
68,なりきり
68,てだすけ
68,ねごと
69,タネばくだん
69,しめつける
69,いびき
69,はたきおとす
69,こうごうせい
69,ギガドレイン
69,いえき
69,なやみのタネ
69,ねごと
70,むしくい
70,タネばくだん
70,しめつける
70,いびき
70,はたきおとす
70,こうごうせい
70,ギガドレイン
70,いえき
70,なやみのタネ
70,ねごと
71,むしくい
71,タネばくだん
71,しめつける
71,いびき
71,はたきおとす
71,こうごうせい
71,ギガドレイン
71,いえき
71,なやみのタネ
71,ねごと
72,マジックコート
72,こごえるかぜ
72,しめつける
72,いびき
72,はたきおとす
72,ギガドレイン
72,ねごと
73,マジックコート
73,こごえるかぜ
73,しめつける
73,いびき
73,はたきおとす
73,ギガドレイン
73,ねごと
74,かみなりパンチ
74,ほのおのパンチ
74,とおせんぼう
74,だいちのちから
74,てっぺき
74,ばかぢから
74,いびき
74,ステルスロック
74,ねごと
75,かみなりパンチ
75,ほのおのパンチ
75,とおせんぼう
75,だいちのちから
75,てっぺき
75,ばかぢから
75,いびき
75,ステルスロック
75,ねごと
76,アイアンヘッド
76,かみなりパンチ
76,ほのおのパンチ
76,とおせんぼう
76,だいちのちから
76,てっぺき
76,ばかぢから
76,いびき
76,ステルスロック
76,ねごと
77,とびはねる
77,けたぐり
77,アイアンテール
77,いびき
77,ねっぷう
77,ねごと
78,ドリルライナー
78,とびはねる
78,けたぐり
78,アイアンテール
78,いびき
78,ねっぷう
78,ねごと
79,シグナルビーム
79,マジックコート
79,とおせんぼう
79,こごえるかぜ
79,アクアテール
79,しねんのずつき
79,アイアンテール
79,いびき
79,おさきにどうぞ
79,トリック
79,ワンダールーム
79,リサイクル
79,ねごと
79,スキルスワップ
80,シグナルビーム
80,れいとうパンチ
80,マジックコート
80,とおせんぼう
80,イカサマ
80,てっぺき
80,こごえるかぜ
80,アクアテール
80,しねんのずつき
80,アイアンテール
80,いびき
80,ドレインパンチ
80,おさきにどうぞ
80,トリック
80,ワンダールーム
80,リサイクル
80,ねごと
80,スキルスワップ
81,シグナルビーム
81,マジックコート
81,じゅうりょく
81,でんじふゆう
81,てっぺき
81,エレキネット
81,いびき
81,リサイクル
81,ねごと
82,シグナルビーム
82,マジックコート
82,じゅうりょく
82,でんじふゆう
82,てっぺき
82,エレキネット
82,いびき
82,リサイクル
82,ねごと
83,ほしがる
83,さわぐ
83,とっておき
83,アイアンテール
83,いびき
83,はたきおとす
83,ねっぷう
83,おいかぜ
83,ゴッドバード
83,はねやすめ
83,てだすけ
83,ねごと
84,さわぐ
84,いびき
84,はたきおとす
84,はねやすめ
84,がむしゃら
84,ねごと
85,さわぐ
85,いびき
85,はたきおとす
85,ゴッドバード
85,はねやすめ
85,がむしゃら
85,ねごと
86,シグナルビーム
86,ドリルライナー
86,こごえるかぜ
86,アクアテール
86,アイアンテール
86,いびき
86,ねごと
87,シグナルビーム
87,ドリルライナー
87,こごえるかぜ
87,アクアテール
87,アイアンテール
87,いびき
87,ねごと
88,ダストシュート
88,かみなりパンチ
88,ほのおのパンチ
88,れいとうパンチ
88,いびき
88,いたみわけ
88,ギガドレイン
88,ねごと
89,ダストシュート
89,かみなりパンチ
89,ほのおのパンチ
89,れいとうパンチ
89,とおせんぼう
89,あくのはどう
89,いびき
89,いたみわけ
89,ギガドレイン
89,ねごと
90,てっぺき
90,こごえるかぜ
90,いびき
90,ねごと
91,シグナルビーム
91,てっぺき
91,こごえるかぜ
91,いびき
91,ねごと
92,さわぐ
92,かみなりパンチ
92,ほのおのパンチ
92,れいとうパンチ
92,イカサマ
92,こごえるかぜ
92,あくのはどう
92,いびき
92,はたきおとす
92,いたみわけ
92,ギガドレイン
92,うらみ
92,トリック
92,ワンダールーム
92,よこどり
92,ねごと
92,スキルスワップ
93,さわぐ
93,かみなりパンチ
93,ほのおのパンチ
93,れいとうパンチ
93,イカサマ
93,こごえるかぜ
93,あくのはどう
93,いびき
93,はたきおとす
93,いたみわけ
93,ギガドレイン
93,うらみ
93,トリック
93,ワンダールーム
93,よこどり
93,ねごと
93,スキルスワップ
94,さわぐ
94,かみなりパンチ
94,ほのおのパンチ
94,れいとうパンチ
94,イカサマ
94,こごえるかぜ
94,あくのはどう
94,いびき
94,はたきおとす
94,なりきり
94,いたみわけ
94,ギガドレイン
94,ドレインパンチ
94,うらみ
94,トリック
94,ワンダールーム
94,よこどり
94,ねごと
94,スキルスワップ
95,アイアンヘッド
95,とおせんぼう
95,だいちのちから
95,りゅうのはどう
95,アイアンテール
95,しめつける
95,いびき
95,ステルスロック
95,ねごと
96,シグナルビーム
96,けたぐり
96,かみなりパンチ
96,ほのおのパンチ
96,れいとうパンチ
96,マジックコート
96,イカサマ
96,しねんのずつき
96,なりきり
96,ドレインパンチ
96,トリック
96,マジックルーム
96,リサイクル
96,よこどり
96,ねごと
96,スキルスワップ
97,シグナルビーム
97,けたぐり
97,かみなりパンチ
97,ほのおのパンチ
97,れいとうパンチ
97,マジックコート
97,イカサマ
97,しねんのずつき
97,なりきり
97,ドレインパンチ
97,トリック
97,マジックルーム
97,リサイクル
97,よこどり
97,ねごと
97,スキルスワップ
98,てっぺき
98,ばかぢから
98,こごえるかぜ
98,いびき
98,はたきおとす
98,ねごと
99,てっぺき
99,ばかぢから
99,こごえるかぜ
99,いびき
99,はたきおとす
99,ねごと
100,シグナルビーム
100,マジックコート
100,イカサマ
100,でんじふゆう
100,いびき
100,ねごと
101,シグナルビーム
101,マジックコート
101,イカサマ
101,でんじふゆう
101,いびき
101,ねごと
102,タネばくだん
102,さわぐ
102,とおせんぼう
102,じゅうりょく
102,いびき
102,こうごうせい
102,ギガドレイン
102,なやみのタネ
102,ねごと
102,スキルスワップ
103,タネばくだん
103,けたぐり
103,とおせんぼう
103,じゅうりょく
103,しねんのずつき
103,いびき
103,こうごうせい
103,ギガドレイン
103,なやみのタネ
103,ねごと
103,スキルスワップ
104,アイアンヘッド
104,けたぐり
104,さわぐ
104,かみなりパンチ
104,ほのおのパンチ
104,だいちのちから
104,てっぺき
104,こごえるかぜ
104,アイアンテール
104,いびき
104,はたきおとす
104,がむしゃら
104,ステルスロック
104,ねごと
105,アイアンヘッド
105,けたぐり
105,さわぐ
105,かみなりパンチ
105,ほのおのパンチ
105,だいちのちから
105,てっぺき
105,こごえるかぜ
105,アイアンテール
105,いびき
105,はたきおとす
105,がむしゃら
105,げきりん
105,ステルスロック
105,ねごと
106,ほしがる
106,とびはねる
106,けたぐり
106,ばかぢから
106,いびき
106,はたきおとす
106,なりきり
106,てだすけ
106,ねごと
107,ほしがる
107,けたぐり
107,かみなりパンチ
107,ほのおのパンチ
107,れいとうパンチ
107,いびき
107,なりきり
107,ドレインパンチ
107,てだすけ
107,ねごと
108,かみなりパンチ
108,ほのおのパンチ
108,れいとうパンチ
108,こごえるかぜ
108,アクアテール
108,しねんのずつき
108,アイアンテール
108,しめつける
108,いびき
108,はたきおとす
108,ねごと
109,さわぐ
109,あくのはどう
109,いびき
109,いたみわけ
109,うらみ
109,ねごと
110,さわぐ
110,あくのはどう
110,いびき
110,いたみわけ
110,うらみ
110,ねごと
111,ドリルライナー
111,さわぐ
111,だいちのちから
111,ばかぢから
111,こごえるかぜ
111,アクアテール
111,りゅうのはどう
111,アイアンテール
111,いびき
111,うらみ
111,がむしゃら
111,ステルスロック
111,ねごと
112,ドリルライナー
112,さわぐ
112,かみなりパンチ
112,ほのおのパンチ
112,れいとうパンチ
112,とおせんぼう
112,だいちのちから
112,ばかぢから
112,こごえるかぜ
112,アクアテール
112,りゅうのはどう
112,アイアンテール
112,いびき
112,うらみ
112,がむしゃら
112,げきりん
112,ステルスロック
112,ねごと
113,ほしがる
113,かみなりパンチ
113,ほのおのパンチ
113,れいとうパンチ
113,じゅうりょく
113,とっておき
113,こごえるかぜ
113,しねんのずつき
113,ハイパーボイス
113,アイアンテール
113,いびき
113,いやしのすず
113,ドレインパンチ
113,てだすけ
113,がむしゃら
113,リサイクル
113,よこどり
113,ステルスロック
113,ねごと
113,スキルスワップ
114,タネばくだん
114,しめつける
114,いびき
114,はたきおとす
114,こうごうせい
114,いたみわけ
114,ギガドレイン
114,なやみのタネ
114,がむしゃら
114,ねごと
115,ほしがる
115,けたぐり
115,さわぐ
115,かみなりパンチ
115,ほのおのパンチ
115,れいとうパンチ
115,こごえるかぜ
115,アクアテール
115,アイアンテール
115,いびき
115,ドレインパンチ
115,うらみ
115,てだすけ
115,がむしゃら
115,げきりん
115,ねごと
116,シグナルビーム
116,とびはねる
116,こごえるかぜ
116,りゅうのはどう
116,いびき
116,げきりん
116,ねごと
117,シグナルビーム
117,とびはねる
117,こごえるかぜ
117,りゅうのはどう
117,いびき
117,げきりん
117,ねごと
118,シグナルビーム
118,ドリルライナー
118,とびはねる
118,こごえるかぜ
118,アクアテール
118,いびき
118,はたきおとす
118,ねごと
119,シグナルビーム
119,ドリルライナー
119,とびはねる
119,こごえるかぜ
119,アクアテール
119,いびき
119,はたきおとす
119,ねごと
120,シグナルビーム
120,マジックコート
120,じゅうりょく
120,こごえるかぜ
120,いびき
120,いたみわけ
120,リサイクル
120,ねごと
121,シグナルビーム
121,マジックコート
121,じゅうりょく
121,こごえるかぜ
121,いびき
121,いたみわけ
121,トリック
121,ワンダールーム
121,リサイクル
121,ねごと
121,スキルスワップ
122,ほしがる
122,シグナルビーム
122,かみなりパンチ
122,ほのおのパンチ
122,れいとうパンチ
122,マジックコート
122,イカサマ
122,てっぺき
122,こごえるかぜ
122,しねんのずつき
122,いびき
122,なりきり
122,ドレインパンチ
122,てだすけ
122,トリック
122,マジックルーム
122,ワンダールーム
122,リサイクル
122,よこどり
122,ねごと
122,スキルスワップ
123,むしくい
123,いびき
123,はたきおとす
123,おいかぜ
123,はねやすめ
123,ねごと
124,ほしがる
124,シグナルビーム
124,れいとうパンチ
124,マジックコート
124,こごえるかぜ
124,しねんのずつき
124,ハイパーボイス
124,いびき
124,なりきり
124,いやしのすず
124,ドレインパンチ
124,てだすけ
124,トリック
124,マジックルーム
124,リサイクル
124,ねごと
124,スキルスワップ
125,ほしがる
125,ダブルチョップ
125,シグナルビーム
125,けたぐり
125,かみなりパンチ
125,ほのおのパンチ
125,れいとうパンチ
125,でんじふゆう
125,エレキネット
125,アイアンテール
125,いびき
125,てだすけ
125,ねごと
126,ほしがる
126,ダブルチョップ
126,けたぐり
126,かみなりパンチ
126,ほのおのパンチ
126,アイアンテール
126,いびき
126,ねっぷう
126,てだすけ
126,ねごと
127,むしくい
127,てっぺき
127,ばかぢから
127,しめつける
127,いびき
127,はたきおとす
127,ステルスロック
127,ねごと
128,アイアンヘッド
128,さわぐ
128,こごえるかぜ
128,しねんのずつき
128,アイアンテール
128,いびき
128,なりきり
128,うらみ
128,てだすけ
128,がむしゃら
128,げきりん
128,ねごと
129,とびはねる
130,アイアンヘッド
130,とびはねる
130,さわぐ
130,こごえるかぜ
130,アクアテール
130,あくのはどう
130,りゅうのはどう
130,アイアンテール
130,いびき
130,うらみ
130,げきりん
130,ねごと
131,シグナルビーム
131,アイアンヘッド
131,ドリルライナー
131,とおせんぼう
131,こごえるかぜ
131,アクアテール
131,しねんのずつき
131,りゅうのはどう
131,ハイパーボイス
131,アイアンテール
131,いびき
131,いやしのすず
131,げきりん
131,ねごと
133,ほしがる
133,とっておき
133,ハイパーボイス
133,アイアンテール
133,いびき
133,いやしのすず
133,てだすけ
133,ねごと
134,ほしがる
134,シグナルビーム
134,とっておき
134,こごえるかぜ
134,アクアテール
134,ハイパーボイス
134,アイアンテール
134,いびき
134,いやしのすず
134,てだすけ
134,ねごと
135,ほしがる
135,シグナルビーム
135,でんじふゆう
135,とっておき
135,ハイパーボイス
135,アイアンテール
135,いびき
135,いやしのすず
135,てだすけ
135,ねごと
136,ほしがる
136,とっておき
136,ばかぢから
136,ハイパーボイス
136,アイアンテール
136,いびき
136,ねっぷう
136,いやしのすず
136,てだすけ
136,ねごと
137,シグナルビーム
137,マジックコート
137,イカサマ
137,じゅうりょく
137,でんじふゆう
137,とっておき
137,エレキネット
137,こごえるかぜ
137,しねんのずつき
137,アイアンテール
137,いびき
137,いたみわけ
137,トリック
137,ワンダールーム
137,リサイクル
137,ねごと
138,だいちのちから
138,てっぺき
138,こごえるかぜ
138,しめつける
138,いびき
138,はたきおとす
138,ステルスロック
138,ねごと
139,だいちのちから
139,てっぺき
139,こごえるかぜ
139,しめつける
139,いびき
139,はたきおとす
139,ステルスロック
139,ねごと
140,だいちのちから
140,てっぺき
140,こごえるかぜ
140,いびき
140,はたきおとす
140,ギガドレイン
140,ステルスロック
140,ねごと
141,けたぐり
141,だいちのちから
141,てっぺき
141,ばかぢから
141,こごえるかぜ
141,アクアテール
141,いびき
141,はたきおとす
141,ギガドレイン
141,ステルスロック
141,ねごと
142,アイアンヘッド
142,だいちのちから
142,アクアテール
142,りゅうのはどう
142,アイアンテール
142,いびき
142,ねっぷう
142,おいかぜ
142,ゴッドバード
142,はねやすめ
142,ステルスロック
142,ねごと
143,ほしがる
143,アイアンヘッド
143,タネばくだん
143,ダストシュート
143,かみなりパンチ
143,ほのおのパンチ
143,れいとうパンチ
143,とおせんぼう
143,とっておき
143,ばかぢから
143,こごえるかぜ
143,しねんのずつき
143,ハイパーボイス
143,いびき
143,おさきにどうぞ
143,げきりん
143,リサイクル
143,ねごと
144,シグナルビーム
144,こごえるかぜ
144,いびき
144,おいかぜ
144,ゴッドバード
144,はねやすめ
144,ねごと
145,シグナルビーム
145,いびき
145,ねっぷう
145,おいかぜ
145,ゴッドバード
145,はねやすめ
145,ねごと
146,いびき
146,ねっぷう
146,おいかぜ
146,ゴッドバード
146,はねやすめ
146,ねごと
147,こごえるかぜ
147,アクアテール
147,りゅうのはどう
147,アイアンテール
147,しめつける
147,いびき
147,げきりん
147,ねごと
148,こごえるかぜ
148,アクアテール
148,りゅうのはどう
148,アイアンテール
148,しめつける
148,いびき
148,げきりん
148,ねごと
149,アイアンヘッド
149,かみなりパンチ
149,ほのおのパンチ
149,れいとうパンチ
149,ばかぢから
149,こごえるかぜ
149,アクアテール
149,りゅうのはどう
149,アイアンテール
149,しめつける
149,いびき
149,ねっぷう
149,おいかぜ
149,はねやすめ
149,げきりん
149,ねごと
150,シグナルビーム
150,けたぐり
150,かみなりパンチ
150,ほのおのパンチ
150,れいとうパンチ
150,マジックコート
150,イカサマ
150,じゅうりょく
150,こごえるかぜ
150,アクアテール
150,しねんのずつき
150,アイアンテール
150,いびき
150,なりきり
150,ドレインパンチ
150,トリック
150,マジックルーム
150,ワンダールーム
150,リサイクル
150,よこどり
150,ねごと
150,スキルスワップ
151,むしくい
151,ほしがる
151,いかりのまえば
151,ダブルチョップ
151,シグナルビーム
151,アイアンヘッド
151,タネばくだん
151,ドリルライナー
151,とびはねる
151,けたぐり
151,ダストシュート
151,さわぐ
151,かみなりパンチ
151,ほのおのパンチ
151,れいとうパンチ
151,マジックコート
151,とおせんぼう
151,だいちのちから
151,イカサマ
151,じゅうりょく
151,でんじふゆう
151,てっぺき
151,とっておき
151,ばかぢから
151,エレキネット
151,こごえるかぜ
151,アクアテール
151,あくのはどう
151,しねんのずつき
151,りゅうのはどう
151,ハイパーボイス
151,アイアンテール
151,しめつける
151,いびき
151,はたきおとす
151,こうごうせい
151,ねっぷう
151,なりきり
151,いやしのすず
151,おいかぜ
151,ゴッドバード
151,いたみわけ
151,ギガドレイン
151,ドレインパンチ
151,はねやすめ
151,いえき
151,なやみのタネ
151,うらみ
151,おさきにどうぞ
151,てだすけ
151,トリック
151,マジックルーム
151,ワンダールーム
151,がむしゃら
151,げきりん
151,リサイクル
151,よこどり
151,ステルスロック
151,ねごと
151,スキルスワップ
152,タネばくだん
152,マジックコート
152,アイアンテール
152,いびき
152,こうごうせい
152,ギガドレイン
152,なやみのタネ
152,ねごと
152,くさのちかい
153,タネばくだん
153,マジックコート
153,アイアンテール
153,いびき
153,こうごうせい
153,ギガドレイン
153,なやみのタネ
153,ねごと
153,くさのちかい
154,タネばくだん
154,マジックコート
154,アイアンテール
154,いびき
154,こうごうせい
154,ギガドレイン
154,なやみのタネ
154,げきりん
154,ねごと
154,くさのちかい
155,ほしがる
155,いびき
155,ねっぷう
155,ねごと
155,ほのおのちかい
156,ほしがる
156,いびき
156,ねっぷう
156,ねごと
156,ほのおのちかい
157,ほしがる
157,けたぐり
157,かみなりパンチ
157,ほのおのパンチ
157,いびき
157,ねっぷう
157,ねごと
157,ほのおのちかい
158,けたぐり
158,さわぐ
158,れいとうパンチ
158,とおせんぼう
158,ばかぢから
158,こごえるかぜ
158,アクアテール
158,アイアンテール
158,いびき
158,うらみ
158,ねごと
158,みずのちかい
159,けたぐり
159,さわぐ
159,れいとうパンチ
159,とおせんぼう
159,ばかぢから
159,こごえるかぜ
159,アクアテール
159,アイアンテール
159,いびき
159,うらみ
159,ねごと
159,みずのちかい
160,けたぐり
160,さわぐ
160,れいとうパンチ
160,とおせんぼう
160,ばかぢから
160,こごえるかぜ
160,アクアテール
160,りゅうのはどう
160,アイアンテール
160,いびき
160,うらみ
160,げきりん
160,ねごと
160,みずのちかい
161,ほしがる
161,いかりのまえば
161,さわぐ
161,かみなりパンチ
161,ほのおのパンチ
161,れいとうパンチ
161,とっておき
161,アクアテール
161,ハイパーボイス
161,アイアンテール
161,いびき
161,はたきおとす
161,てだすけ
161,トリック
161,ねごと
162,ほしがる
162,いかりのまえば
162,さわぐ
162,かみなりパンチ
162,ほのおのパンチ
162,れいとうパンチ
162,とっておき
162,アクアテール
162,ハイパーボイス
162,アイアンテール
162,いびき
162,はたきおとす
162,てだすけ
162,トリック
162,ねごと
163,さわぐ
163,マジックコート
163,しねんのずつき
163,ハイパーボイス
163,ねっぷう
163,おいかぜ
163,ゴッドバード
163,はねやすめ
163,リサイクル
163,ねごと
164,さわぐ
164,マジックコート
164,しねんのずつき
164,ハイパーボイス
164,ねっぷう
164,おいかぜ
164,ゴッドバード
164,はねやすめ
164,リサイクル
164,ねごと
165,むしくい
165,さわぐ
165,かみなりパンチ
165,れいとうパンチ
165,いびき
165,はたきおとす
165,おいかぜ
165,ギガドレイン
165,ドレインパンチ
165,はねやすめ
165,ねごと
166,むしくい
166,さわぐ
166,かみなりパンチ
166,れいとうパンチ
166,いびき
166,はたきおとす
166,おいかぜ
166,ギガドレイン
166,ドレインパンチ
166,はねやすめ
166,ねごと
167,むしくい
167,シグナルビーム
167,とびはねる
167,イカサマ
167,エレキネット
167,ギガドレイン
167,ねごと
168,むしくい
168,シグナルビーム
168,とびはねる
168,イカサマ
168,エレキネット
168,ギガドレイン
168,ねごと
169,いかりのまえば
169,さわぐ
169,あくのはどう
169,しねんのずつき
169,いびき
169,ねっぷう
169,おいかぜ
169,ゴッドバード
169,ギガドレイン
169,はねやすめ
169,よこどり
169,ねごと
170,シグナルビーム
170,とびはねる
170,こごえるかぜ
170,いびき
170,いやしのすず
170,ねごと
171,シグナルビーム
171,とびはねる
171,こごえるかぜ
171,アクアテール
171,いびき
171,いやしのすず
171,ねごと
172,ほしがる
172,シグナルビーム
172,さわぐ
172,でんじふゆう
172,アイアンテール
172,いびき
172,てだすけ
172,ねごと
173,ほしがる
173,シグナルビーム
173,さわぐ
173,マジックコート
173,じゅうりょく
173,とっておき
173,こごえるかぜ
173,しねんのずつき
173,ハイパーボイス
173,アイアンテール
173,いびき
173,なりきり
173,おさきにどうぞ
173,てだすけ
173,トリック
173,ワンダールーム
173,がむしゃら
173,リサイクル
173,ねごと
174,ほしがる
174,とびはねる
174,さわぐ
174,マジックコート
174,じゅうりょく
174,とっておき
174,こごえるかぜ
174,ハイパーボイス
174,いびき
174,なりきり
174,いやしのすず
174,いたみわけ
174,てだすけ
174,がむしゃら
174,リサイクル
174,ねごと
175,ほしがる
175,シグナルビーム
175,さわぐ
175,マジックコート
175,とっておき
175,しねんのずつき
175,ハイパーボイス
175,いびき
175,いやしのすず
175,おさきにどうぞ
175,トリック
175,がむしゃら
175,ねごと
176,ほしがる
176,シグナルビーム
176,マジックコート
176,とっておき
176,しねんのずつき
176,ハイパーボイス
176,いびき
176,ねっぷう
176,いやしのすず
176,おいかぜ
176,ドレインパンチ
176,はねやすめ
176,おさきにどうぞ
176,トリック
176,がむしゃら
176,ねごと
177,シグナルビーム
177,マジックコート
177,しねんのずつき
177,いびき
177,ねっぷう
177,おいかぜ
177,いたみわけ
177,ギガドレイン
177,はねやすめ
177,トリック
177,マジックルーム
177,ねごと
177,スキルスワップ
178,シグナルビーム
178,マジックコート
178,イカサマ
178,しねんのずつき
178,いびき
178,ねっぷう
178,おいかぜ
178,ゴッドバード
178,いたみわけ
178,ギガドレイン
178,はねやすめ
178,トリック
178,マジックルーム
178,ねごと
178,スキルスワップ
179,シグナルビーム
179,でんじふゆう
179,アイアンテール
179,いびき
179,いやしのすず
179,おさきにどうぞ
179,ねごと
180,シグナルビーム
180,かみなりパンチ
180,ほのおのパンチ
180,でんじふゆう
180,アイアンテール
180,いびき
180,いやしのすず
180,おさきにどうぞ
180,ねごと
181,シグナルビーム
181,かみなりパンチ
181,ほのおのパンチ
181,でんじふゆう
181,アイアンテール
181,いびき
181,いやしのすず
181,おさきにどうぞ
181,げきりん
181,ねごと
182,タネばくだん
182,さわぐ
182,いびき
182,こうごうせい
182,ギガドレイン
182,ドレインパンチ
182,いえき
182,なやみのタネ
182,おさきにどうぞ
182,ねごと
183,ほしがる
183,とびはねる
183,れいとうパンチ
183,ばかぢから
183,こごえるかぜ
183,アクアテール
183,ハイパーボイス
183,アイアンテール
183,いびき
183,はたきおとす
183,てだすけ
183,ねごと
184,ほしがる
184,とびはねる
184,れいとうパンチ
184,ばかぢから
184,こごえるかぜ
184,アクアテール
184,ハイパーボイス
184,アイアンテール
184,いびき
184,はたきおとす
184,てだすけ
184,ねごと
185,ほしがる
185,けたぐり
185,かみなりパンチ
185,ほのおのパンチ
185,れいとうパンチ
185,とおせんぼう
185,だいちのちから
185,イカサマ
185,いびき
185,なりきり
185,おさきにどうぞ
185,てだすけ
185,ステルスロック
185,ねごと
186,とびはねる
186,れいとうパンチ
186,こごえるかぜ
186,ハイパーボイス
186,いびき
186,てだすけ
186,がむしゃら
186,ねごと
187,タネばくだん
187,とびはねる
187,いびき
187,こうごうせい
187,ギガドレイン
187,なやみのタネ
187,てだすけ
187,ねごと
188,タネばくだん
188,とびはねる
188,いびき
188,こうごうせい
188,ギガドレイン
188,なやみのタネ
188,てだすけ
188,ねごと
189,タネばくだん
189,とびはねる
189,いびき
189,こうごうせい
189,ギガドレイン
189,なやみのタネ
189,てだすけ
189,ねごと
190,ほしがる
190,タネばくだん
190,とびはねる
190,けたぐり
190,ダストシュート
190,さわぐ
190,かみなりパンチ
190,ほのおのパンチ
190,れいとうパンチ
190,イカサマ
190,とっておき
190,アイアンテール
190,いびき
190,はたきおとす
190,なりきり
190,うらみ
190,よこどり
190,ねごと
191,タネばくだん
191,さわぐ
191,だいちのちから
191,いびき
191,こうごうせい
191,ギガドレイン
191,なやみのタネ
191,おさきにどうぞ
191,てだすけ
191,がむしゃら
191,ねごと
192,タネばくだん
192,さわぐ
192,だいちのちから
192,いびき
192,こうごうせい
192,ギガドレイン
192,なやみのタネ
192,おさきにどうぞ
192,てだすけ
192,がむしゃら
192,ねごと
193,むしくい
193,シグナルビーム
193,さわぐ
193,いびき
193,おいかぜ
193,ギガドレイン
193,はねやすめ
193,ねごと
194,れいとうパンチ
194,だいちのちから
194,こごえるかぜ
194,アクアテール
194,アイアンテール
194,いびき
194,おさきにどうぞ
194,ねごと
195,れいとうパンチ
195,だいちのちから
195,こごえるかぜ
195,アクアテール
195,アイアンテール
195,いびき
195,おさきにどうぞ
195,ねごと
196,ほしがる
196,シグナルビーム
196,マジックコート
196,とっておき
196,しねんのずつき
196,ハイパーボイス
196,アイアンテール
196,いびき
196,いやしのすず
196,てだすけ
196,トリック
196,マジックルーム
196,ねごと
196,スキルスワップ
197,ほしがる
197,イカサマ
197,とっておき
197,あくのはどう
197,ハイパーボイス
197,アイアンテール
197,いびき
197,いやしのすず
197,うらみ
197,てだすけ
197,ワンダールーム
197,よこどり
197,ねごと
198,さわぐ
198,イカサマ
198,こごえるかぜ
198,あくのはどう
198,ねっぷう
198,おいかぜ
198,ゴッドバード
198,はねやすめ
198,うらみ
198,よこどり
198,ねごと
199,シグナルビーム
199,れいとうパンチ
199,マジックコート
199,とおせんぼう
199,イカサマ
199,てっぺき
199,こごえるかぜ
199,アクアテール
199,しねんのずつき
199,アイアンテール
199,いびき
199,ドレインパンチ
199,おさきにどうぞ
199,トリック
199,ワンダールーム
199,リサイクル
199,ねごと
199,スキルスワップ
200,さわぐ
200,マジックコート
200,イカサマ
200,こごえるかぜ
200,あくのはどう
200,ハイパーボイス
200,いびき
200,いやしのすず
200,いたみわけ
200,うらみ
200,トリック
200,マジックルーム
200,ワンダールーム
200,よこどり
200,ねごと
200,スキルスワップ
203,シグナルビーム
203,さわぐ
203,マジックコート
203,イカサマ
203,じゅうりょく
203,しねんのずつき
203,ハイパーボイス
203,アイアンテール
203,いびき
203,トリック
203,リサイクル
203,ねごと
203,スキルスワップ
204,むしくい
204,ドリルライナー
204,じゅうりょく
204,てっぺき
204,いびき
204,いたみわけ
204,ギガドレイン
204,ステルスロック
204,ねごと
205,むしくい
205,シグナルビーム
205,ドリルライナー
205,とおせんぼう
205,じゅうりょく
205,でんじふゆう
205,てっぺき
205,いびき
205,いたみわけ
205,ギガドレイン
205,ステルスロック
205,ねごと
206,ドリルライナー
206,マジックコート
206,とっておき
206,アクアテール
206,しねんのずつき
206,アイアンテール
206,しめつける
206,いびき
206,いたみわけ
206,はねやすめ
206,うらみ
206,がむしゃら
206,ステルスロック
206,ねごと
207,むしくい
207,だいちのちから
207,アクアテール
207,あくのはどう
207,アイアンテール
207,いびき
207,はたきおとす
207,おいかぜ
207,はねやすめ
207,ステルスロック
207,ねごと
208,アイアンヘッド
208,とおせんぼう
208,だいちのちから
208,でんじふゆう
208,アクアテール
208,あくのはどう
208,りゅうのはどう
208,アイアンテール
208,しめつける
208,いびき
208,ステルスロック
208,ねごと
209,ほしがる
209,いかりのまえば
209,けたぐり
209,かみなりパンチ
209,ほのおのパンチ
209,れいとうパンチ
209,とっておき
209,ばかぢから
209,ハイパーボイス
209,いびき
209,いやしのすず
209,ねごと
210,ほしがる
210,いかりのまえば
210,けたぐり
210,かみなりパンチ
210,ほのおのパンチ
210,れいとうパンチ
210,とっておき
210,ばかぢから
210,ハイパーボイス
210,アイアンテール
210,いびき
210,いやしのすず
210,げきりん
210,ねごと
211,シグナルビーム
211,とびはねる
211,こごえるかぜ
211,アクアテール
211,いびき
211,いたみわけ
211,ねごと
212,むしくい
212,アイアンヘッド
212,てっぺき
212,ばかぢから
212,いびき
212,はたきおとす
212,おいかぜ
212,はねやすめ
212,ねごと
213,むしくい
213,だいちのちから
213,しめつける
213,いびき
213,はたきおとす
213,いえき
213,おさきにどうぞ
213,てだすけ
213,ステルスロック
213,ねごと
214,むしくい
214,けたぐり
214,てっぺき
214,いびき
214,はたきおとす
214,てだすけ
214,ねごと
215,けたぐり
215,れいとうパンチ
215,イカサマ
215,こごえるかぜ
215,あくのはどう
215,アイアンテール
215,いびき
215,はたきおとす
215,うらみ
215,よこどり
215,ねごと
216,ほしがる
216,タネばくだん
216,ダストシュート
216,かみなりパンチ
216,ほのおのパンチ
216,れいとうパンチ
216,とっておき
216,ばかぢから
216,ハイパーボイス
216,いびき
216,ねごと
217,ほしがる
217,タネばくだん
217,けたぐり
217,ダストシュート
217,さわぐ
217,かみなりパンチ
217,ほのおのパンチ
217,れいとうパンチ
217,とっておき
217,ばかぢから
217,ハイパーボイス
217,いびき
217,ねごと
218,だいちのちから
218,てっぺき
218,いびき
218,ねっぷう
218,いたみわけ
218,おさきにどうぞ
218,ねごと
219,だいちのちから
219,てっぺき
219,いびき
219,ねっぷう
219,いたみわけ
219,おさきにどうぞ
219,ステルスロック
219,ねごと
220,だいちのちから
220,ばかぢから
220,こごえるかぜ
220,いびき
220,がむしゃら
220,ステルスロック
220,ねごと
221,だいちのちから
221,ばかぢから
221,こごえるかぜ
221,いびき
221,がむしゃら
221,ステルスロック
221,ねごと
222,マジックコート
222,だいちのちから
222,てっぺき
222,こごえるかぜ
222,いびき
222,がむしゃら
222,ステルスロック
222,ねごと
223,シグナルビーム
223,タネばくだん
223,とびはねる
223,ダストシュート
223,こごえるかぜ
223,いびき
223,ねごと
224,シグナルビーム
224,タネばくだん
224,とびはねる
224,ダストシュート
224,こごえるかぜ
224,しめつける
224,いびき
224,ねごと
225,シグナルビーム
225,タネばくだん
225,とびはねる
225,ダストシュート
225,れいとうパンチ
225,こごえるかぜ
225,ゴッドバード
225,リサイクル
225,ねごと
226,シグナルビーム
226,アイアンヘッド
226,タネばくだん
226,とびはねる
226,ダストシュート
226,こごえるかぜ
226,アクアテール
226,いびき
226,おいかぜ
226,てだすけ
226,ねごと
227,アイアンヘッド
227,てっぺき
227,こごえるかぜ
227,あくのはどう
227,いびき
227,おいかぜ
227,ゴッドバード
227,はねやすめ
227,ステルスロック
227,ねごと
228,いかりのまえば
228,さわぐ
228,イカサマ
228,あくのはどう
228,ハイパーボイス
228,アイアンテール
228,いびき
228,ねっぷう
228,なりきり
228,うらみ
228,よこどり
228,ねごと
229,いかりのまえば
229,さわぐ
229,イカサマ
229,あくのはどう
229,ハイパーボイス
229,アイアンテール
229,いびき
229,ねっぷう
229,なりきり
229,うらみ
229,よこどり
229,ねごと
230,シグナルビーム
230,アイアンヘッド
230,とびはねる
230,こごえるかぜ
230,りゅうのはどう
230,いびき
230,げきりん
230,ねごと
231,タネばくだん
231,ダストシュート
231,だいちのちから
231,とっておき
231,ばかぢから
231,ハイパーボイス
231,アイアンテール
231,いびき
231,はたきおとす
231,がむしゃら
231,ステルスロック
231,ねごと
232,タネばくだん
232,とびはねる
232,ダストシュート
232,とおせんぼう
232,だいちのちから
232,てっぺき
232,とっておき
232,ばかぢから
232,ハイパーボイス
232,アイアンテール
232,いびき
232,はたきおとす
232,がむしゃら
232,ステルスロック
232,ねごと
233,シグナルビーム
233,マジックコート
233,イカサマ
233,じゅうりょく
233,でんじふゆう
233,とっておき
233,エレキネット
233,こごえるかぜ
233,しねんのずつき
233,アイアンテール
233,いびき
233,いたみわけ
233,トリック
233,ワンダールーム
233,リサイクル
233,ねごと
234,シグナルビーム
234,とびはねる
234,さわぐ
234,じゅうりょく
234,とっておき
234,しねんのずつき
234,アイアンテール
234,いびき
234,なりきり
234,うらみ
234,マジックルーム
234,ねごと
234,スキルスワップ
236,ほしがる
236,けたぐり
236,さわぐ
236,いびき
236,なりきり
236,てだすけ
236,ねごと
237,ほしがる
237,ドリルライナー
237,けたぐり
237,いびき
237,なりきり
237,てだすけ
237,がむしゃら
237,ねごと
238,ほしがる
238,シグナルビーム
238,さわぐ
238,れいとうパンチ
238,マジックコート
238,こごえるかぜ
238,しねんのずつき
238,いびき
238,なりきり
238,いやしのすず
238,てだすけ
238,トリック
238,マジックルーム
238,リサイクル
238,ねごと
238,スキルスワップ
239,ほしがる
239,ダブルチョップ
239,シグナルビーム
239,けたぐり
239,さわぐ
239,かみなりパンチ
239,ほのおのパンチ
239,れいとうパンチ
239,でんじふゆう
239,エレキネット
239,いびき
239,てだすけ
239,ねごと
240,ほしがる
240,ダブルチョップ
240,さわぐ
240,かみなりパンチ
240,ほのおのパンチ
240,アイアンテール
240,いびき
240,ねっぷう
240,てだすけ
240,ねごと
241,アイアンヘッド
241,かみなりパンチ
241,ほのおのパンチ
241,れいとうパンチ
241,とおせんぼう
241,こごえるかぜ
241,しねんのずつき
241,アイアンテール
241,いびき
241,いやしのすず
241,おさきにどうぞ
241,てだすけ
241,ステルスロック
241,ねごと
242,ほしがる
242,かみなりパンチ
242,ほのおのパンチ
242,れいとうパンチ
242,とおせんぼう
242,じゅうりょく
242,とっておき
242,こごえるかぜ
242,しねんのずつき
242,ハイパーボイス
242,アイアンテール
242,いびき
242,いやしのすず
242,ドレインパンチ
242,てだすけ
242,がむしゃら
242,リサイクル
242,よこどり
242,ステルスロック
242,ねごと
242,スキルスワップ
243,シグナルビーム
243,アイアンヘッド
243,でんじふゆう
243,アイアンテール
243,いびき
243,ねごと
244,アイアンヘッド
244,アイアンテール
244,いびき
244,ねっぷう
244,ねごと
245,シグナルビーム
245,アイアンヘッド
245,こごえるかぜ
245,アイアンテール
245,いびき
245,おいかぜ
245,ねごと
246,アイアンヘッド
246,さわぐ
246,だいちのちから
246,てっぺき
246,ばかぢから
246,あくのはどう
246,アイアンテール
246,いびき
246,うらみ
246,げきりん
246,ステルスロック
246,ねごと
247,アイアンヘッド
247,さわぐ
247,だいちのちから
247,てっぺき
247,ばかぢから
247,あくのはどう
247,アイアンテール
247,いびき
247,うらみ
247,げきりん
247,ステルスロック
247,ねごと
248,アイアンヘッド
248,けたぐり
248,さわぐ
248,かみなりパンチ
248,ほのおのパンチ
248,れいとうパンチ
248,とおせんぼう
248,だいちのちから
248,イカサマ
248,てっぺき
248,ばかぢから
248,アクアテール
248,あくのはどう
248,りゅうのはどう
248,アイアンテール
248,いびき
248,うらみ
248,げきりん
248,ステルスロック
248,ねごと
249,シグナルビーム
249,アイアンヘッド
249,だいちのちから
249,こごえるかぜ
249,アクアテール
249,しねんのずつき
249,りゅうのはどう
249,ハイパーボイス
249,アイアンテール
249,いびき
249,おいかぜ
249,ゴッドバード
249,ギガドレイン
249,はねやすめ
249,トリック
249,ワンダールーム
249,ねごと
249,スキルスワップ
250,シグナルビーム
250,アイアンヘッド
250,だいちのちから
250,しねんのずつき
250,ハイパーボイス
250,いびき
250,ねっぷう
250,おいかぜ
250,ゴッドバード
250,ギガドレイン
250,はねやすめ
250,ねごと
251,シグナルビーム
251,タネばくだん
251,さわぐ
251,マジックコート
251,だいちのちから
251,とっておき
251,しねんのずつき
251,いびき
251,こうごうせい
251,いやしのすず
251,ギガドレイン
251,なやみのタネ
251,てだすけ
251,トリック
251,マジックルーム
251,ワンダールーム
251,ステルスロック
251,ねごと
251,スキルスワップ
252,タネばくだん
252,けたぐり
252,かみなりパンチ
252,アイアンテール
252,いびき
252,こうごうせい
252,ギガドレイン
252,ドレインパンチ
252,なやみのタネ
252,がむしゃら
252,ねごと
252,くさのちかい
253,タネばくだん
253,けたぐり
253,かみなりパンチ
253,アイアンテール
253,いびき
253,こうごうせい
253,ギガドレイン
253,ドレインパンチ
253,なやみのタネ
253,がむしゃら
253,ねごと
253,くさのちかい
254,タネばくだん
254,けたぐり
254,かみなりパンチ
254,りゅうのはどう
254,アイアンテール
254,いびき
254,こうごうせい
254,ギガドレイン
254,ドレインパンチ
254,なやみのタネ
254,がむしゃら
254,げきりん
254,ねごと
254,くさのちかい
255,とびはねる
255,けたぐり
255,とっておき
255,いびき
255,ねっぷう
255,てだすけ
255,ねごと
255,ほのおのちかい
256,ダブルチョップ
256,とびはねる
256,けたぐり
256,かみなりパンチ
256,ほのおのパンチ
256,とっておき
256,いびき
256,ねっぷう
256,てだすけ
256,ねごと
256,ほのおのちかい
257,ダブルチョップ
257,とびはねる
257,けたぐり
257,かみなりパンチ
257,ほのおのパンチ
257,とっておき
257,ばかぢから
257,いびき
257,はたきおとす
257,ねっぷう
257,なりきり
257,てだすけ
257,ねごと
257,ほのおのちかい
258,けたぐり
258,だいちのちから
258,ばかぢから
258,こごえるかぜ
258,アクアテール
258,アイアンテール
258,いびき
258,がむしゃら
258,ねごと
258,みずのちかい
259,けたぐり
259,れいとうパンチ
259,だいちのちから
259,ばかぢから
259,こごえるかぜ
259,アクアテール
259,アイアンテール
259,いびき
259,がむしゃら
259,ステルスロック
259,ねごと
259,みずのちかい
260,けたぐり
260,れいとうパンチ
260,だいちのちから
260,ばかぢから
260,こごえるかぜ
260,アクアテール
260,アイアンテール
260,いびき
260,がむしゃら
260,げきりん
260,ステルスロック
260,ねごと
260,みずのちかい
261,ほしがる
261,いかりのまえば
261,さわぐ
261,イカサマ
261,あくのはどう
261,ハイパーボイス
261,アイアンテール
261,いびき
261,うらみ
261,よこどり
261,ねごと
262,ほしがる
262,いかりのまえば
262,さわぐ
262,イカサマ
262,あくのはどう
262,ハイパーボイス
262,アイアンテール
262,いびき
262,うらみ
262,よこどり
262,ねごと
263,ほしがる
263,いかりのまえば
263,タネばくだん
263,ダストシュート
263,とっておき
263,こごえるかぜ
263,ハイパーボイス
263,アイアンテール
263,いびき
263,てだすけ
263,トリック
263,ねごと
264,ほしがる
264,いかりのまえば
264,タネばくだん
264,ダストシュート
264,とっておき
264,こごえるかぜ
264,ハイパーボイス
264,アイアンテール
264,いびき
264,てだすけ
264,トリック
264,ねごと
265,むしくい
265,エレキネット
265,いびき
266,むしくい
266,てっぺき
266,エレキネット
267,むしくい
267,シグナルビーム
267,エレキネット
267,いびき
267,おいかぜ
267,ギガドレイン
267,はねやすめ
267,ねごと
268,むしくい
268,てっぺき
268,エレキネット
269,むしくい
269,シグナルビーム
269,エレキネット
269,いびき
269,おいかぜ
269,ギガドレイン
269,はねやすめ
269,ねごと
270,タネばくだん
270,さわぐ
270,こごえるかぜ
270,しねんのずつき
270,いびき
270,こうごうせい
270,ギガドレイン
270,ねごと
271,タネばくだん
271,さわぐ
271,かみなりパンチ
271,ほのおのパンチ
271,れいとうパンチ
271,こごえるかぜ
271,しねんのずつき
271,ハイパーボイス
271,いびき
271,こうごうせい
271,ギガドレイン
271,ドレインパンチ
271,ねごと
272,タネばくだん
272,さわぐ
272,かみなりパンチ
272,ほのおのパンチ
272,れいとうパンチ
272,こごえるかぜ
272,しねんのずつき
272,ハイパーボイス
272,いびき
272,こうごうせい
272,ギガドレイン
272,ドレインパンチ
272,ねごと
273,タネばくだん
273,イカサマ
273,いびき
273,こうごうせい
273,ギガドレイン
273,なやみのタネ
273,うらみ
273,ねごと
274,タネばくだん
274,けたぐり
274,イカサマ
274,あくのはどう
274,いびき
274,こうごうせい
274,ギガドレイン
274,なやみのタネ
274,うらみ
274,ねごと
275,タネばくだん
275,とびはねる
275,けたぐり
275,イカサマ
275,こごえるかぜ
275,あくのはどう
275,いびき
275,はたきおとす
275,こうごうせい
275,おいかぜ
275,ギガドレイン
275,なやみのタネ
275,うらみ
275,ねごと
276,いびき
276,ねっぷう
276,おいかぜ
276,はねやすめ
276,がむしゃら
276,ねごと
277,いびき
277,ねっぷう
277,おいかぜ
277,ゴッドバード
277,はねやすめ
277,がむしゃら
277,ねごと
278,さわぐ
278,こごえるかぜ
278,いびき
278,はたきおとす
278,おいかぜ
278,はねやすめ
278,ねごと
279,タネばくだん
279,ダストシュート
279,さわぐ
279,こごえるかぜ
279,いびき
279,はたきおとす
279,おいかぜ
279,ゴッドバード
279,はねやすめ
279,ねごと
280,シグナルビーム
280,かみなりパンチ
280,ほのおのパンチ
280,れいとうパンチ
280,マジックコート
280,こごえるかぜ
280,しねんのずつき
280,ハイパーボイス
280,いびき
280,いたみわけ
280,てだすけ
280,トリック
280,マジックルーム
280,ワンダールーム
280,リサイクル
280,よこどり
280,ねごと
280,スキルスワップ
281,シグナルビーム
281,かみなりパンチ
281,ほのおのパンチ
281,れいとうパンチ
281,マジックコート
281,こごえるかぜ
281,しねんのずつき
281,ハイパーボイス
281,いびき
281,いたみわけ
281,てだすけ
281,トリック
281,マジックルーム
281,ワンダールーム
281,リサイクル
281,よこどり
281,ねごと
281,スキルスワップ
282,シグナルビーム
282,かみなりパンチ
282,ほのおのパンチ
282,れいとうパンチ
282,マジックコート
282,こごえるかぜ
282,しねんのずつき
282,ハイパーボイス
282,いびき
282,いやしのすず
282,いたみわけ
282,てだすけ
282,トリック
282,マジックルーム
282,ワンダールーム
282,リサイクル
282,よこどり
282,ねごと
282,スキルスワップ
283,むしくい
283,シグナルビーム
283,こごえるかぜ
283,いびき
283,ギガドレイン
283,ねごと
284,むしくい
284,シグナルビーム
284,こごえるかぜ
284,いびき
284,おいかぜ
284,ギガドレイン
284,はねやすめ
284,ねごと
285,タネばくだん
285,いびき
285,こうごうせい
285,ギガドレイン
285,ドレインパンチ
285,なやみのタネ
285,てだすけ
285,よこどり
285,ねごと
286,タネばくだん
286,かみなりパンチ
286,ばかぢから
286,アイアンテール
286,いびき
286,こうごうせい
286,ギガドレイン
286,ドレインパンチ
286,なやみのタネ
286,てだすけ
286,よこどり
286,ねごと
287,ほしがる
287,ダストシュート
287,かみなりパンチ
287,ほのおのパンチ
287,れいとうパンチ
287,こごえるかぜ
287,いびき
287,おさきにどうぞ
287,ねごと
288,ほしがる
288,けたぐり
288,ダストシュート
288,さわぐ
288,かみなりパンチ
288,ほのおのパンチ
288,れいとうパンチ
288,こごえるかぜ
288,おさきにどうぞ
288,ねごと
289,ほしがる
289,けたぐり
289,ダストシュート
289,かみなりパンチ
289,ほのおのパンチ
289,れいとうパンチ
289,とおせんぼう
289,こごえるかぜ
289,いびき
289,おさきにどうぞ
289,ねごと
290,むしくい
290,いびき
290,ギガドレイン
290,うらみ
290,ねごと
291,むしくい
291,さわぐ
291,いびき
291,ギガドレイン
291,はねやすめ
291,うらみ
291,ねごと
292,むしくい
292,いびき
292,ギガドレイン
292,うらみ
292,トリック
292,ねごと
293,さわぐ
293,かみなりパンチ
293,ほのおのパンチ
293,れいとうパンチ
293,こごえるかぜ
293,しねんのずつき
293,ハイパーボイス
293,いびき
293,がむしゃら
293,ねごと
294,けたぐり
294,さわぐ
294,かみなりパンチ
294,ほのおのパンチ
294,れいとうパンチ
294,こごえるかぜ
294,しねんのずつき
294,ハイパーボイス
294,いびき
294,がむしゃら
294,ねごと
295,けたぐり
295,さわぐ
295,かみなりパンチ
295,ほのおのパンチ
295,れいとうパンチ
295,こごえるかぜ
295,しねんのずつき
295,ハイパーボイス
295,いびき
295,がむしゃら
295,げきりん
295,ねごと
296,けたぐり
296,かみなりパンチ
296,ほのおのパンチ
296,れいとうパンチ
296,ばかぢから
296,いびき
296,はたきおとす
296,なりきり
296,てだすけ
296,ねごと
297,アイアンヘッド
297,けたぐり
297,かみなりパンチ
297,ほのおのパンチ
297,れいとうパンチ
297,ばかぢから
297,いびき
297,はたきおとす
297,なりきり
297,てだすけ
297,ねごと
298,ほしがる
298,とびはねる
298,さわぐ
298,こごえるかぜ
298,ハイパーボイス
298,アイアンテール
298,いびき
298,はたきおとす
298,てだすけ
298,ねごと
299,かみなりパンチ
299,ほのおのパンチ
299,れいとうパンチ
299,マジックコート
299,とおせんぼう
299,だいちのちから
299,じゅうりょく
299,でんじふゆう
299,てっぺき
299,いびき
299,いたみわけ
299,ステルスロック
299,ねごと
300,ほしがる
300,さわぐ
300,とっておき
300,こごえるかぜ
300,しねんのずつき
300,ハイパーボイス
300,アイアンテール
300,いびき
300,いやしのすず
300,てだすけ
300,ねごと
301,ほしがる
301,さわぐ
301,とっておき
301,こごえるかぜ
301,しねんのずつき
301,ハイパーボイス
301,アイアンテール
301,いびき
301,いやしのすず
301,てだすけ
301,ねごと
302,シグナルビーム
302,けたぐり
302,かみなりパンチ
302,ほのおのパンチ
302,れいとうパンチ
302,マジックコート
302,イカサマ
302,じゅうりょく
302,こごえるかぜ
302,あくのはどう
302,しねんのずつき
302,いびき
302,はたきおとす
302,なりきり
302,うらみ
302,トリック
302,ワンダールーム
302,よこどり
302,ねごと
303,いかりのまえば
303,アイアンヘッド
303,かみなりパンチ
303,れいとうパンチ
303,イカサマ
303,でんじふゆう
303,てっぺき
303,とっておき
303,こごえるかぜ
303,あくのはどう
303,いびき
303,はたきおとす
303,いたみわけ
303,よこどり
303,ステルスロック
303,ねごと
304,アイアンヘッド
304,さわぐ
304,だいちのちから
304,でんじふゆう
304,てっぺき
304,ばかぢから
304,アイアンテール
304,いびき
304,うらみ
304,がむしゃら
304,ステルスロック
304,ねごと
305,アイアンヘッド
305,さわぐ
305,だいちのちから
305,でんじふゆう
305,てっぺき
305,ばかぢから
305,アイアンテール
305,いびき
305,うらみ
305,がむしゃら
305,ステルスロック
305,ねごと
306,アイアンヘッド
306,けたぐり
306,さわぐ
306,かみなりパンチ
306,ほのおのパンチ
306,れいとうパンチ
306,とおせんぼう
306,だいちのちから
306,でんじふゆう
306,てっぺき
306,ばかぢから
306,こごえるかぜ
306,アクアテール
306,あくのはどう
306,りゅうのはどう
306,アイアンテール
306,いびき
306,うらみ
306,がむしゃら
306,げきりん
306,ステルスロック
306,ねごと
307,シグナルビーム
307,けたぐり
307,かみなりパンチ
307,ほのおのパンチ
307,れいとうパンチ
307,マジックコート
307,じゅうりょく
307,しねんのずつき
307,いびき
307,なりきり
307,いたみわけ
307,ドレインパンチ
307,てだすけ
307,トリック
307,リサイクル
307,ねごと
308,シグナルビーム
308,けたぐり
308,かみなりパンチ
308,ほのおのパンチ
308,れいとうパンチ
308,マジックコート
308,じゅうりょく
308,しねんのずつき
308,いびき
308,なりきり
308,いたみわけ
308,ドレインパンチ
308,てだすけ
308,トリック
308,リサイクル
308,ねごと
309,シグナルビーム
309,さわぐ
309,でんじふゆう
309,アイアンテール
309,いびき
309,ねごと
310,シグナルビーム
310,さわぐ
310,でんじふゆう
310,アイアンテール
310,いびき
310,ねごと
311,シグナルビーム
311,さわぐ
311,かみなりパンチ
311,でんじふゆう
311,とっておき
311,アイアンテール
311,いびき
311,てだすけ
311,ねごと
312,シグナルビーム
312,さわぐ
312,かみなりパンチ
312,でんじふゆう
312,とっておき
312,アイアンテール
312,いびき
312,てだすけ
312,ねごと
313,むしくい
313,シグナルビーム
313,かみなりパンチ
313,れいとうパンチ
313,しねんのずつき
313,いびき
313,おいかぜ
313,ギガドレイン
313,はねやすめ
313,てだすけ
313,トリック
313,ねごと
314,むしくい
314,ほしがる
314,かみなりパンチ
314,れいとうパンチ
314,しねんのずつき
314,いびき
314,おいかぜ
314,ギガドレイン
314,はねやすめ
314,てだすけ
314,ねごと
315,ほしがる
315,タネばくだん
315,いびき
315,こうごうせい
315,ギガドレイン
315,なやみのタネ
315,ねごと
316,タネばくだん
316,ダストシュート
316,かみなりパンチ
316,ほのおのパンチ
316,れいとうパンチ
316,いびき
316,いたみわけ
316,ギガドレイン
316,いえき
316,よこどり
316,ねごと
317,タネばくだん
317,ダストシュート
317,かみなりパンチ
317,ほのおのパンチ
317,れいとうパンチ
317,とおせんぼう
317,いびき
317,いたみわけ
317,ギガドレイン
317,いえき
317,よこどり
317,ねごと
318,いかりのまえば
318,とびはねる
318,さわぐ
318,こごえるかぜ
318,あくのはどう
318,しねんのずつき
318,いびき
318,うらみ
318,ねごと
319,いかりのまえば
319,とびはねる
319,さわぐ
319,こごえるかぜ
319,あくのはどう
319,しねんのずつき
319,いびき
319,うらみ
319,ねごと
320,とびはねる
320,こごえるかぜ
320,しねんのずつき
320,ハイパーボイス
320,いびき
320,ねごと
321,アイアンヘッド
321,とびはねる
321,とおせんぼう
321,こごえるかぜ
321,しねんのずつき
321,ハイパーボイス
321,いびき
321,ねごと
322,アイアンヘッド
322,だいちのちから
322,いびき
322,ねっぷう
322,おさきにどうぞ
322,ステルスロック
322,ねごと
323,アイアンヘッド
323,だいちのちから
323,いびき
323,ねっぷう
323,おさきにどうぞ
323,ステルスロック
323,ねごと
324,だいちのちから
324,てっぺき
324,アイアンテール
324,いびき
324,ねっぷう
324,おさきにどうぞ
324,ステルスロック
324,ねごと
325,ほしがる
325,シグナルビーム
325,とびはねる
325,マジックコート
325,こごえるかぜ
325,しねんのずつき
325,アイアンテール
325,いびき
325,なりきり
325,いやしのすず
325,トリック
325,リサイクル
325,よこどり
325,ねごと
325,スキルスワップ
326,ほしがる
326,シグナルビーム
326,とびはねる
326,かみなりパンチ
326,ほのおのパンチ
326,れいとうパンチ
326,マジックコート
326,こごえるかぜ
326,しねんのずつき
326,アイアンテール
326,いびき
326,なりきり
326,いやしのすず
326,ドレインパンチ
326,トリック
326,リサイクル
326,よこどり
326,ねごと
326,スキルスワップ
327,ほしがる
327,けたぐり
327,さわぐ
327,かみなりパンチ
327,ほのおのパンチ
327,れいとうパンチ
327,とっておき
327,こごえるかぜ
327,しねんのずつき
327,ハイパーボイス
327,いびき
327,なりきり
327,ドレインパンチ
327,てだすけ
327,トリック
327,リサイクル
327,よこどり
327,ねごと
327,スキルスワップ
328,むしくい
328,シグナルビーム
328,だいちのちから
328,ばかぢから
328,いびき
328,ギガドレイン
328,ねごと
329,むしくい
329,シグナルビーム
329,だいちのちから
329,ばかぢから
329,りゅうのはどう
329,いびき
329,ねっぷう
329,おいかぜ
329,ギガドレイン
329,はねやすめ
329,げきりん
329,ねごと
330,むしくい
330,シグナルビーム
330,かみなりパンチ
330,ほのおのパンチ
330,だいちのちから
330,ばかぢから
330,りゅうのはどう
330,アイアンテール
330,いびき
330,ねっぷう
330,おいかぜ
330,ギガドレイン
330,はねやすめ
330,げきりん
330,ねごと
331,タネばくだん
331,けたぐり
331,かみなりパンチ
331,とおせんぼう
331,あくのはどう
331,いびき
331,こうごうせい
331,なりきり
331,ギガドレイン
331,ドレインパンチ
331,なやみのタネ
331,うらみ
331,ねごと
332,タネばくだん
332,けたぐり
332,かみなりパンチ
332,とおせんぼう
332,イカサマ
332,ばかぢから
332,あくのはどう
332,いびき
332,こうごうせい
332,なりきり
332,ギガドレイン
332,ドレインパンチ
332,なやみのタネ
332,うらみ
332,ねごと
333,さわぐ
333,りゅうのはどう
333,ハイパーボイス
333,いびき
333,ねっぷう
333,いやしのすず
333,おいかぜ
333,はねやすめ
333,げきりん
333,ねごと
334,さわぐ
334,りゅうのはどう
334,ハイパーボイス
334,アイアンテール
334,いびき
334,ねっぷう
334,いやしのすず
334,おいかぜ
334,ゴッドバード
334,はねやすめ
334,ワンダールーム
334,げきりん
334,ねごと
335,けたぐり
335,かみなりパンチ
335,ほのおのパンチ
335,れいとうパンチ
335,とっておき
335,こごえるかぜ
335,アイアンテール
335,いびき
335,はたきおとす
335,ギガドレイン
335,がむしゃら
335,ねごと
336,アクアテール
336,あくのはどう
336,アイアンテール
336,しめつける
336,いびき
336,はたきおとす
336,ギガドレイン
336,いえき
336,よこどり
336,ねごと
337,シグナルビーム
337,アイアンヘッド
337,マジックコート
337,だいちのちから
337,じゅうりょく
337,こごえるかぜ
337,しねんのずつき
337,いびき
337,いたみわけ
337,てだすけ
337,マジックルーム
337,リサイクル
337,ステルスロック
337,ねごと
337,スキルスワップ
338,シグナルビーム
338,アイアンヘッド
338,マジックコート
338,だいちのちから
338,じゅうりょく
338,てっぺき
338,しねんのずつき
338,いびき
338,ねっぷう
338,いたみわけ
338,てだすけ
338,ワンダールーム
338,リサイクル
338,ステルスロック
338,ねごと
338,スキルスワップ
339,とびはねる
339,だいちのちから
339,こごえるかぜ
339,アクアテール
339,いびき
339,ねごと
340,とびはねる
340,だいちのちから
340,こごえるかぜ
340,アクアテール
340,しねんのずつき
340,いびき
340,ねごと
341,てっぺき
341,ばかぢから
341,こごえるかぜ
341,いびき
341,はたきおとす
341,うらみ
341,がむしゃら
341,ねごと
342,てっぺき
342,ばかぢから
342,こごえるかぜ
342,あくのはどう
342,いびき
342,はたきおとす
342,うらみ
342,がむしゃら
342,ねごと
343,シグナルビーム
343,ドリルライナー
343,マジックコート
343,だいちのちから
343,じゅうりょく
343,しねんのずつき
343,いびき
343,トリック
343,ワンダールーム
343,リサイクル
343,ステルスロック
343,ねごと
343,スキルスワップ
344,シグナルビーム
344,ドリルライナー
344,マジックコート
344,だいちのちから
344,じゅうりょく
344,しねんのずつき
344,いびき
344,トリック
344,ワンダールーム
344,リサイクル
344,ステルスロック
344,ねごと
344,スキルスワップ
345,タネばくだん
345,だいちのちから
345,しめつける
345,いびき
345,こうごうせい
345,いたみわけ
345,ギガドレイン
345,いえき
345,なやみのタネ
345,ステルスロック
345,ねごと
346,タネばくだん
346,とおせんぼう
346,だいちのちから
346,しめつける
346,いびき
346,こうごうせい
346,いたみわけ
346,ギガドレイン
346,いえき
346,なやみのタネ
346,ステルスロック
346,ねごと
347,むしくい
347,だいちのちから
347,てっぺき
347,いびき
347,はたきおとす
347,ステルスロック
347,ねごと
348,むしくい
348,けたぐり
348,とおせんぼう
348,だいちのちから
348,てっぺき
348,ばかぢから
348,アクアテール
348,アイアンテール
348,いびき
348,はたきおとす
348,ステルスロック
348,ねごと
349,こごえるかぜ
349,りゅうのはどう
349,アイアンテール
349,いびき
349,ねごと
350,アイアンヘッド
350,マジックコート
350,こごえるかぜ
350,アクアテール
350,りゅうのはどう
350,アイアンテール
350,しめつける
350,いびき
350,ねごと
351,とっておき
351,こごえるかぜ
351,いびき
351,おいかぜ
351,ねごと
352,けたぐり
352,かみなりパンチ
352,ほのおのパンチ
352,れいとうパンチ
352,マジックコート
352,イカサマ
352,とっておき
352,こごえるかぜ
352,アクアテール
352,アイアンテール
352,しめつける
352,いびき
352,はたきおとす
352,なりきり
352,ドレインパンチ
352,おさきにどうぞ
352,トリック
352,ワンダールーム
352,リサイクル
352,よこどり
352,ステルスロック
352,ねごと
352,スキルスワップ
353,マジックコート
353,イカサマ
353,こごえるかぜ
353,あくのはどう
353,はたきおとす
353,なりきり
353,いたみわけ
353,うらみ
353,トリック
353,マジックルーム
353,よこどり
353,ねごと
353,スキルスワップ
354,マジックコート
354,イカサマ
354,こごえるかぜ
354,あくのはどう
354,はたきおとす
354,なりきり
354,いたみわけ
354,うらみ
354,トリック
354,マジックルーム
354,よこどり
354,ねごと
354,スキルスワップ
355,じゅうりょく
355,こごえるかぜ
355,あくのはどう
355,いびき
355,いたみわけ
355,うらみ
355,トリック
355,ワンダールーム
355,よこどり
355,ねごと
355,スキルスワップ
356,かみなりパンチ
356,ほのおのパンチ
356,れいとうパンチ
356,じゅうりょく
356,こごえるかぜ
356,あくのはどう
356,しめつける
356,いびき
356,いたみわけ
356,うらみ
356,トリック
356,ワンダールーム
356,よこどり
356,ねごと
356,スキルスワップ
357,タネばくだん
357,りゅうのはどう
357,いびき
357,こうごうせい
357,おいかぜ
357,ギガドレイン
357,はねやすめ
357,なやみのタネ
357,げきりん
357,ねごと
358,シグナルビーム
358,さわぐ
358,マジックコート
358,じゅうりょく
358,とっておき
358,こごえるかぜ
358,しねんのずつき
358,ハイパーボイス
358,しめつける
358,いびき
358,はたきおとす
358,いやしのすず
358,てだすけ
358,トリック
358,リサイクル
358,よこどり
358,ねごと
358,スキルスワップ
359,とびはねる
359,マジックコート
359,イカサマ
359,ばかぢから
359,こごえるかぜ
359,あくのはどう
359,しねんのずつき
359,アイアンテール
359,いびき
359,はたきおとす
359,なりきり
359,うらみ
359,よこどり
359,ねごと
361,とおせんぼう
361,こごえるかぜ
361,いびき
361,うらみ
361,ねごと
362,いかりのまえば
362,シグナルビーム
362,アイアンヘッド
362,とおせんぼう
362,こごえるかぜ
362,あくのはどう
362,いびき
362,うらみ
362,ねごと
363,いかりのまえば
363,シグナルビーム
363,こごえるかぜ
363,アクアテール
363,アイアンテール
363,いびき
363,ねごと
364,いかりのまえば
364,シグナルビーム
364,こごえるかぜ
364,アクアテール
364,アイアンテール
364,いびき
364,ねごと
365,いかりのまえば
365,シグナルビーム
365,アイアンヘッド
365,とおせんぼう
365,こごえるかぜ
365,アクアテール
365,アイアンテール
365,いびき
365,ねごと
366,てっぺき
366,こごえるかぜ
366,いびき
366,ねごと
367,いかりのまえば
367,とびはねる
367,こごえるかぜ
367,アクアテール
367,しめつける
367,いびき
367,よこどり
367,ねごと
368,シグナルビーム
368,とびはねる
368,こごえるかぜ
368,アクアテール
368,しめつける
368,いびき
368,ねごと
369,とびはねる
369,だいちのちから
369,こごえるかぜ
369,アクアテール
369,しねんのずつき
369,いびき
369,ステルスロック
369,ねごと
370,とびはねる
370,こごえるかぜ
370,いびき
370,ねごと
371,しねんのずつき
371,りゅうのはどう
371,ハイパーボイス
371,いびき
371,げきりん
371,ねごと
372,てっぺき
372,しねんのずつき
372,りゅうのはどう
372,ハイパーボイス
372,いびき
372,げきりん
372,ねごと
373,アクアテール
373,しねんのずつき
373,りゅうのはどう
373,ハイパーボイス
373,アイアンテール
373,いびき
373,ねっぷう
373,おいかぜ
373,はねやすめ
373,げきりん
373,ねごと
374,アイアンヘッド
374,てっぺき
374,しねんのずつき
375,シグナルビーム
375,アイアンヘッド
375,かみなりパンチ
375,れいとうパンチ
375,じゅうりょく
375,でんじふゆう
375,てっぺき
375,こごえるかぜ
375,しねんのずつき
375,いびき
375,トリック
375,ステルスロック
375,ねごと
376,シグナルビーム
376,アイアンヘッド
376,かみなりパンチ
376,れいとうパンチ
376,とおせんぼう
376,じゅうりょく
376,でんじふゆう
376,てっぺき
376,こごえるかぜ
376,しねんのずつき
376,いびき
376,トリック
376,ステルスロック
376,ねごと
377,アイアンヘッド
377,かみなりパンチ
377,ほのおのパンチ
377,れいとうパンチ
377,とおせんぼう
377,だいちのちから
377,じゅうりょく
377,てっぺき
377,ばかぢから
377,いびき
377,ドレインパンチ
377,ステルスロック
377,ねごと
378,シグナルビーム
378,アイアンヘッド
378,かみなりパンチ
378,れいとうパンチ
378,とおせんぼう
378,じゅうりょく
378,ばかぢから
378,こごえるかぜ
378,いびき
378,ねごと
379,アイアンヘッド
379,かみなりパンチ
379,れいとうパンチ
379,とおせんぼう
379,じゅうりょく
379,でんじふゆう
379,てっぺき
379,ばかぢから
379,いびき
379,ステルスロック
379,ねごと
380,ほしがる
380,マジックコート
380,とっておき
380,こごえるかぜ
380,しねんのずつき
380,りゅうのはどう
380,いびき
380,なりきり
380,おいかぜ
380,はねやすめ
380,てだすけ
380,トリック
380,マジックルーム
380,げきりん
380,ねごと
381,マジックコート
381,とっておき
381,こごえるかぜ
381,しねんのずつき
381,りゅうのはどう
381,いびき
381,おいかぜ
381,はねやすめ
381,てだすけ
381,トリック
381,ワンダールーム
381,げきりん
381,ねごと
382,シグナルビーム
382,アイアンヘッド
382,さわぐ
382,とおせんぼう
382,こごえるかぜ
382,アクアテール
382,いびき
382,ねごと
383,アイアンヘッド
383,さわぐ
383,かみなりパンチ
383,ほのおのパンチ
383,とおせんぼう
383,だいちのちから
383,りゅうのはどう
383,アイアンテール
383,いびき
383,ステルスロック
383,ねごと
384,アイアンヘッド
384,さわぐ
384,だいちのちから
384,こごえるかぜ
384,アクアテール
384,りゅうのはどう
384,ハイパーボイス
384,アイアンテール
384,しめつける
384,いびき
384,おいかぜ
384,げきりん
384,ねごと
385,シグナルビーム
385,アイアンヘッド
385,さわぐ
385,かみなりパンチ
385,ほのおのパンチ
385,れいとうパンチ
385,マジックコート
385,じゅうりょく
385,てっぺき
385,とっておき
385,こごえるかぜ
385,しねんのずつき
385,いびき
385,ドレインパンチ
385,てだすけ
385,トリック
385,マジックルーム
385,リサイクル
385,ステルスロック
385,ねごと
385,スキルスワップ
386,シグナルビーム
386,けたぐり
386,かみなりパンチ
386,ほのおのパンチ
386,れいとうパンチ
386,マジックコート
386,じゅうりょく
386,こごえるかぜ
386,しねんのずつき
386,しめつける
386,いびき
386,はたきおとす
386,なりきり
386,ドレインパンチ
386,トリック
386,ワンダールーム
386,リサイクル
386,よこどり
386,ステルスロック
386,ねごと
386,スキルスワップ
387,タネばくだん
387,だいちのちから
387,ばかぢから
387,アイアンテール
387,いびき
387,こうごうせい
387,ギガドレイン
387,なやみのタネ
387,ステルスロック
387,ねごと
387,くさのちかい
388,タネばくだん
388,だいちのちから
388,ばかぢから
388,アイアンテール
388,いびき
388,こうごうせい
388,ギガドレイン
388,なやみのタネ
388,ステルスロック
388,ねごと
388,くさのちかい
389,アイアンヘッド
389,タネばくだん
389,とおせんぼう
389,だいちのちから
389,ばかぢから
389,アイアンテール
389,いびき
389,こうごうせい
389,ギガドレイン
389,なやみのタネ
389,げきりん
389,ステルスロック
389,ねごと
389,くさのちかい
390,ほしがる
390,けたぐり
390,ダストシュート
390,さわぐ
390,かみなりパンチ
390,ほのおのパンチ
390,アイアンテール
390,いびき
390,ねっぷう
390,なりきり
390,てだすけ
390,がむしゃら
390,ステルスロック
390,ねごと
390,ほのおのちかい
391,ほしがる
391,ダブルチョップ
391,けたぐり
391,ダストシュート
391,かみなりパンチ
391,ほのおのパンチ
391,アイアンテール
391,いびき
391,ねっぷう
391,なりきり
391,てだすけ
391,がむしゃら
391,ステルスロック
391,ねごと
391,ほのおのちかい
392,ほしがる
392,ダブルチョップ
392,けたぐり
392,ダストシュート
392,かみなりパンチ
392,ほのおのパンチ
392,アイアンテール
392,いびき
392,ねっぷう
392,なりきり
392,てだすけ
392,がむしゃら
392,ステルスロック
392,ねごと
392,ほのおのちかい
393,ほしがる
393,シグナルビーム
393,こごえるかぜ
393,いびき
393,ステルスロック
393,ねごと
393,みずのちかい
394,ほしがる
394,シグナルビーム
394,こごえるかぜ
394,いびき
394,ステルスロック
394,ねごと
394,みずのちかい
395,ほしがる
395,シグナルビーム
395,てっぺき
395,こごえるかぜ
395,いびき
395,はたきおとす
395,ステルスロック
395,ねごと
395,みずのちかい
396,いびき
396,ねっぷう
396,おいかぜ
396,はねやすめ
396,がむしゃら
396,ねごと
397,いびき
397,ねっぷう
397,おいかぜ
397,はねやすめ
397,がむしゃら
397,ねごと
398,いびき
398,ねっぷう
398,おいかぜ
398,ゴッドバード
398,はねやすめ
398,がむしゃら
398,ねごと
399,ほしがる
399,いかりのまえば
399,とっておき
399,ばかぢから
399,こごえるかぜ
399,アクアテール
399,アイアンテール
399,いびき
399,ステルスロック
399,ねごと
400,ほしがる
400,いかりのまえば
400,とっておき
400,ばかぢから
400,こごえるかぜ
400,アクアテール
400,アイアンテール
400,いびき
400,ステルスロック
400,ねごと
401,むしくい
401,さわぐ
401,いびき
401,がむしゃら
402,むしくい
402,さわぐ
402,ハイパーボイス
402,いびき
402,はたきおとす
402,いやしのすず
402,がむしゃら
402,ねごと
403,シグナルビーム
403,でんじふゆう
403,アイアンテール
403,いびき
403,ねごと
404,シグナルビーム
404,でんじふゆう
404,アイアンテール
404,いびき
404,ねごと
405,シグナルビーム
405,でんじふゆう
405,ばかぢから
405,アイアンテール
405,いびき
405,ねごと
406,ほしがる
406,タネばくだん
406,さわぐ
406,いびき
406,こうごうせい
406,ギガドレイン
406,なやみのタネ
406,ねごと
407,ほしがる
407,タネばくだん
407,いびき
407,こうごうせい
407,ギガドレイン
407,なやみのタネ
407,ねごと
408,アイアンヘッド
408,さわぐ
408,かみなりパンチ
408,ほのおのパンチ
408,だいちのちから
408,ばかぢから
408,しねんのずつき
408,りゅうのはどう
408,アイアンテール
408,いびき
408,うらみ
408,がむしゃら
408,ステルスロック
408,ねごと
409,アイアンヘッド
409,さわぐ
409,かみなりパンチ
409,ほのおのパンチ
409,だいちのちから
409,ばかぢから
409,しねんのずつき
409,りゅうのはどう
409,アイアンテール
409,いびき
409,いたみわけ
409,うらみ
409,がむしゃら
409,げきりん
409,ステルスロック
409,ねごと
410,アイアンヘッド
410,だいちのちから
410,でんじふゆう
410,てっぺき
410,アイアンテール
410,いびき
410,ステルスロック
410,ねごと
411,アイアンヘッド
411,マジックコート
411,とおせんぼう
411,だいちのちから
411,でんじふゆう
411,てっぺき
411,アイアンテール
411,いびき
411,げきりん
411,ステルスロック
411,ねごと
412,むしくい
412,エレキネット
412,いびき
413,むしくい
413,シグナルビーム
413,タネばくだん
413,さわぐ
413,エレキネット
413,いびき
413,こうごうせい
413,ギガドレイン
413,なやみのタネ
413,がむしゃら
413,ねごと
413,スキルスワップ
414,むしくい
414,シグナルビーム
414,エレキネット
414,いびき
414,おいかぜ
414,ギガドレイン
414,はねやすめ
414,ねごと
414,スキルスワップ
415,むしくい
415,いびき
415,おいかぜ
415,がむしゃら
416,むしくい
416,シグナルビーム
416,いびき
416,おいかぜ
416,はねやすめ
416,がむしゃら
416,ねごと
417,ほしがる
417,いかりのまえば
417,タネばくだん
417,ダストシュート
417,さわぐ
417,かみなりパンチ
417,でんじふゆう
417,とっておき
417,アイアンテール
417,いびき
417,てだすけ
417,ねごと
418,れいとうパンチ
418,こごえるかぜ
418,アクアテール
418,アイアンテール
418,いびき
418,ねごと
419,けたぐり
419,れいとうパンチ
419,こごえるかぜ
419,アクアテール
419,アイアンテール
419,いびき
419,ねごと
420,タネばくだん
420,いびき
420,こうごうせい
420,ギガドレイン
420,なやみのタネ
420,てだすけ
420,ねごと
421,タネばくだん
421,いびき
421,こうごうせい
421,ギガドレイン
421,なやみのタネ
421,てだすけ
421,ねごと
422,だいちのちから
422,こごえるかぜ
422,いびき
422,いたみわけ
422,ねごと
423,とおせんぼう
423,だいちのちから
423,こごえるかぜ
423,いびき
423,いたみわけ
423,ねごと
424,ほしがる
424,タネばくだん
424,とびはねる
424,けたぐり
424,ダストシュート
424,さわぐ
424,かみなりパンチ
424,ほのおのパンチ
424,れいとうパンチ
424,イカサマ
424,とっておき
424,アイアンテール
424,いびき
424,はたきおとす
424,なりきり
424,うらみ
424,よこどり
424,ねごと
425,マジックコート
425,こごえるかぜ
425,しめつける
425,いびき
425,はたきおとす
425,おいかぜ
425,いたみわけ
425,うらみ
425,トリック
425,リサイクル
425,ねごと
425,スキルスワップ
426,マジックコート
426,こごえるかぜ
426,しめつける
426,いびき
426,はたきおとす
426,おいかぜ
426,いたみわけ
426,うらみ
426,トリック
426,リサイクル
426,ねごと
426,スキルスワップ
427,ほしがる
427,とびはねる
427,けたぐり
427,さわぐ
427,かみなりパンチ
427,ほのおのパンチ
427,れいとうパンチ
427,マジックコート
427,とっておき
427,ハイパーボイス
427,アイアンテール
427,いびき
427,いやしのすず
427,ドレインパンチ
427,おさきにどうぞ
427,てだすけ
427,がむしゃら
427,ねごと
428,ほしがる
428,とびはねる
428,けたぐり
428,さわぐ
428,かみなりパンチ
428,ほのおのパンチ
428,れいとうパンチ
428,マジックコート
428,とっておき
428,ハイパーボイス
428,アイアンテール
428,いびき
428,いやしのすず
428,ドレインパンチ
428,おさきにどうぞ
428,てだすけ
428,がむしゃら
428,ねごと
429,さわぐ
429,マジックコート
429,イカサマ
429,こごえるかぜ
429,あくのはどう
429,ハイパーボイス
429,いびき
429,いやしのすず
429,いたみわけ
429,うらみ
429,トリック
429,マジックルーム
429,ワンダールーム
429,よこどり
429,ねごと
429,スキルスワップ
430,さわぐ
430,イカサマ
430,ばかぢから
430,こごえるかぜ
430,あくのはどう
430,ねっぷう
430,おいかぜ
430,ゴッドバード
430,はねやすめ
430,うらみ
430,よこどり
430,ねごと
431,ほしがる
431,いかりのまえば
431,イカサマ
431,とっておき
431,ハイパーボイス
431,アイアンテール
431,いびき
431,はたきおとす
431,よこどり
431,ねごと
432,ほしがる
432,いかりのまえば
432,イカサマ
432,とっておき
432,ハイパーボイス
432,アイアンテール
432,いびき
432,はたきおとす
432,よこどり
432,ねごと
433,シグナルビーム
433,さわぐ
433,マジックコート
433,じゅうりょく
433,とっておき
433,こごえるかぜ
433,しねんのずつき
433,ハイパーボイス
433,しめつける
433,いびき
433,はたきおとす
433,いやしのすず
433,てだすけ
433,トリック
433,リサイクル
433,よこどり
433,ねごと
433,スキルスワップ
434,イカサマ
434,あくのはどう
434,アイアンテール
434,いびき
434,よこどり
434,ねごと
435,イカサマ
435,あくのはどう
435,アイアンテール
435,いびき
435,よこどり
435,ねごと
436,シグナルビーム
436,じゅうりょく
436,てっぺき
436,いびき
436,トリック
436,ワンダールーム
436,リサイクル
436,ステルスロック
436,ねごと
436,スキルスワップ
437,シグナルビーム
437,アイアンヘッド
437,とおせんぼう
437,じゅうりょく
437,てっぺき
437,しねんのずつき
437,いびき
437,トリック
437,ワンダールーム
437,リサイクル
437,ステルスロック
437,ねごと
437,スキルスワップ
438,ほしがる
438,けたぐり
438,さわぐ
438,とおせんぼう
438,だいちのちから
438,イカサマ
438,いびき
438,なりきり
438,おさきにどうぞ
438,てだすけ
438,ステルスロック
438,ねごと
439,ほしがる
439,シグナルビーム
439,さわぐ
439,マジックコート
439,こごえるかぜ
439,いびき
439,なりきり
439,ドレインパンチ
439,てだすけ
439,トリック
439,マジックルーム
439,ワンダールーム
439,リサイクル
439,よこどり
439,ねごと
439,スキルスワップ
440,ほしがる
440,さわぐ
440,じゅうりょく
440,とっておき
440,こごえるかぜ
440,しねんのずつき
440,ハイパーボイス
440,いびき
440,いやしのすず
440,ドレインパンチ
440,てだすけ
440,がむしゃら
440,リサイクル
440,ねごと
441,さわぐ
441,ハイパーボイス
441,いびき
441,ねっぷう
441,なりきり
441,おいかぜ
441,ゴッドバード
441,はねやすめ
441,ねごと
442,さわぐ
442,イカサマ
442,こごえるかぜ
442,あくのはどう
442,いびき
442,いたみわけ
442,うらみ
442,トリック
442,ワンダールーム
442,よこどり
442,ねごと
443,アイアンヘッド
443,だいちのちから
443,りゅうのはどう
443,アイアンテール
443,いびき
443,げきりん
443,ステルスロック
443,ねごと
444,ダブルチョップ
444,アイアンヘッド
444,だいちのちから
444,りゅうのはどう
444,アイアンテール
444,いびき
444,げきりん
444,ステルスロック
444,ねごと
445,ダブルチョップ
445,アイアンヘッド
445,だいちのちから
445,アクアテール
445,りゅうのはどう
445,アイアンテール
445,いびき
445,げきりん
445,ステルスロック
445,ねごと
446,ほしがる
446,タネばくだん
446,ダストシュート
446,さわぐ
446,かみなりパンチ
446,ほのおのパンチ
446,れいとうパンチ
446,とっておき
446,ばかぢから
446,こごえるかぜ
446,しねんのずつき
446,ハイパーボイス
446,いびき
446,おさきにどうぞ
446,リサイクル
446,よこどり
446,ねごと
447,ダブルチョップ
447,けたぐり
447,かみなりパンチ
447,れいとうパンチ
447,でんじふゆう
447,てっぺき
447,しねんのずつき
447,アイアンテール
447,いびき
447,なりきり
447,ドレインパンチ
447,てだすけ
447,ねごと
448,ダブルチョップ
448,けたぐり
448,かみなりパンチ
448,れいとうパンチ
448,でんじふゆう
448,てっぺき
448,あくのはどう
448,しねんのずつき
448,りゅうのはどう
448,アイアンテール
448,いびき
448,なりきり
448,ドレインパンチ
448,てだすけ
448,ねごと
449,だいちのちから
449,ばかぢから
449,アイアンテール
449,いびき
449,ステルスロック
449,ねごと
450,アイアンヘッド
450,だいちのちから
450,ばかぢから
450,アイアンテール
450,いびき
450,ステルスロック
450,ねごと
451,むしくい
451,アクアテール
451,あくのはどう
451,アイアンテール
451,いびき
451,はたきおとす
451,ねごと
452,むしくい
452,アクアテール
452,あくのはどう
452,アイアンテール
452,いびき
452,はたきおとす
452,ねごと
453,いかりのまえば
453,ダブルチョップ
453,とびはねる
453,けたぐり
453,ダストシュート
453,かみなりパンチ
453,れいとうパンチ
453,イカサマ
453,こごえるかぜ
453,あくのはどう
453,いびき
453,はたきおとす
453,なりきり
453,ドレインパンチ
453,うらみ
453,てだすけ
453,よこどり
453,ねごと
454,いかりのまえば
454,ダブルチョップ
454,とびはねる
454,けたぐり
454,ダストシュート
454,かみなりパンチ
454,れいとうパンチ
454,イカサマ
454,こごえるかぜ
454,あくのはどう
454,いびき
454,はたきおとす
454,なりきり
454,ドレインパンチ
454,うらみ
454,てだすけ
454,よこどり
454,ねごと
455,むしくい
455,タネばくだん
455,しめつける
455,いびき
455,はたきおとす
455,こうごうせい
455,ギガドレイン
455,いえき
455,なやみのタネ
455,ねごと
456,シグナルビーム
456,とびはねる
456,こごえるかぜ
456,アクアテール
456,いびき
456,おいかぜ
456,ねごと
457,シグナルビーム
457,とびはねる
457,こごえるかぜ
457,アクアテール
457,いびき
457,おいかぜ
457,ねごと
458,シグナルビーム
458,とびはねる
458,こごえるかぜ
458,いびき
458,てだすけ
458,ねごと
459,タネばくだん
459,れいとうパンチ
459,こごえるかぜ
459,アイアンテール
459,いびき
459,こうごうせい
459,なりきり
459,ギガドレイン
459,なやみのタネ
459,ねごと
460,タネばくだん
460,れいとうパンチ
460,とおせんぼう
460,こごえるかぜ
460,アイアンテール
460,いびき
460,こうごうせい
460,なりきり
460,ギガドレイン
460,なやみのタネ
460,げきりん
460,ねごと
461,けたぐり
461,れいとうパンチ
461,イカサマ
461,こごえるかぜ
461,あくのはどう
461,アイアンテール
461,いびき
461,はたきおとす
461,うらみ
461,よこどり
461,ねごと
462,シグナルビーム
462,アイアンヘッド
462,マジックコート
462,じゅうりょく
462,でんじふゆう
462,てっぺき
462,エレキネット
462,いびき
462,リサイクル
462,ねごと
463,かみなりパンチ
463,ほのおのパンチ
463,れいとうパンチ
463,とおせんぼう
463,こごえるかぜ
463,アクアテール
463,しねんのずつき
463,アイアンテール
463,しめつける
463,いびき
463,はたきおとす
463,ねごと
464,アイアンヘッド
464,ドリルライナー
464,さわぐ
464,かみなりパンチ
464,ほのおのパンチ
464,れいとうパンチ
464,とおせんぼう
464,だいちのちから
464,ばかぢから
464,こごえるかぜ
464,アクアテール
464,りゅうのはどう
464,アイアンテール
464,いびき
464,うらみ
464,がむしゃら
464,げきりん
464,ステルスロック
464,ねごと
465,タネばくだん
465,とおせんぼう
465,しめつける
465,いびき
465,はたきおとす
465,こうごうせい
465,いたみわけ
465,ギガドレイン
465,なやみのタネ
465,がむしゃら
465,ねごと
466,ほしがる
466,ダブルチョップ
466,シグナルビーム
466,けたぐり
466,かみなりパンチ
466,ほのおのパンチ
466,れいとうパンチ
466,でんじふゆう
466,エレキネット
466,アイアンテール
466,いびき
466,てだすけ
466,ねごと
467,ほしがる
467,ダブルチョップ
467,けたぐり
467,かみなりパンチ
467,ほのおのパンチ
467,アイアンテール
467,いびき
467,ねっぷう
467,てだすけ
467,ねごと
468,ほしがる
468,シグナルビーム
468,マジックコート
468,とっておき
468,しねんのずつき
468,ハイパーボイス
468,いびき
468,ねっぷう
468,いやしのすず
468,おいかぜ
468,ゴッドバード
468,ドレインパンチ
468,はねやすめ
468,トリック
468,がむしゃら
468,ねごと
469,むしくい
469,シグナルビーム
469,さわぐ
469,いびき
469,おいかぜ
469,ギガドレイン
469,はねやすめ
469,ねごと
470,ほしがる
470,タネばくだん
470,とっておき
470,ハイパーボイス
470,アイアンテール
470,いびき
470,はたきおとす
470,こうごうせい
470,いやしのすず
470,ギガドレイン
470,なやみのタネ
470,てだすけ
470,ねごと
471,ほしがる
471,シグナルビーム
471,とっておき
471,こごえるかぜ
471,アクアテール
471,ハイパーボイス
471,アイアンテール
471,いびき
471,いやしのすず
471,てだすけ
471,ねごと
472,むしくい
472,だいちのちから
472,アクアテール
472,あくのはどう
472,アイアンテール
472,いびき
472,はたきおとす
472,おいかぜ
472,ゴッドバード
472,はねやすめ
472,ステルスロック
472,ねごと
473,アイアンヘッド
473,とおせんぼう
473,だいちのちから
473,ばかぢから
473,こごえるかぜ
473,いびき
473,はたきおとす
473,がむしゃら
473,ステルスロック
473,ねごと
474,シグナルビーム
474,さわぐ
474,マジックコート
474,イカサマ
474,じゅうりょく
474,でんじふゆう
474,とっておき
474,エレキネット
474,こごえるかぜ
474,あくのはどう
474,しねんのずつき
474,アイアンテール
474,いびき
474,いたみわけ
474,トリック
474,ワンダールーム
474,リサイクル
474,ねごと
475,ダブルチョップ
475,シグナルビーム
475,けたぐり
475,かみなりパンチ
475,ほのおのパンチ
475,れいとうパンチ
475,マジックコート
475,しねんのずつき
475,ハイパーボイス
475,いびき
475,はたきおとす
475,いたみわけ
475,ドレインパンチ
475,てだすけ
475,トリック
475,マジックルーム
475,ワンダールーム
475,リサイクル
475,よこどり
475,ねごと
475,スキルスワップ
476,アイアンヘッド
476,かみなりパンチ
476,ほのおのパンチ
476,れいとうパンチ
476,マジックコート
476,とおせんぼう
476,だいちのちから
476,じゅうりょく
476,でんじふゆう
476,てっぺき
476,いびき
476,いたみわけ
476,ステルスロック
476,ねごと
477,かみなりパンチ
477,ほのおのパンチ
477,れいとうパンチ
477,じゅうりょく
477,こごえるかぜ
477,あくのはどう
477,しめつける
477,いびき
477,いたみわけ
477,うらみ
477,トリック
477,よこどり
477,ねごと
477,スキルスワップ
478,シグナルビーム
478,れいとうパンチ
478,とおせんぼう
478,こごえるかぜ
478,いびき
478,いたみわけ
478,うらみ
478,トリック
478,よこどり
478,ねごと
479,シグナルビーム
479,さわぐ
479,エレキネット
479,あくのはどう
479,いびき
479,いたみわけ
479,うらみ
479,トリック
479,よこどり
479,ねごと
480,シグナルビーム
480,かみなりパンチ
480,ほのおのパンチ
480,れいとうパンチ
480,マジックコート
480,イカサマ
480,しねんのずつき
480,アイアンテール
480,いびき
480,はたきおとす
480,なりきり
480,いやしのすず
480,ギガドレイン
480,てだすけ
480,トリック
480,マジックルーム
480,ワンダールーム
480,リサイクル
480,ステルスロック
480,ねごと
480,スキルスワップ
481,シグナルビーム
481,かみなりパンチ
481,ほのおのパンチ
481,れいとうパンチ
481,マジックコート
481,しねんのずつき
481,アイアンテール
481,いびき
481,はたきおとす
481,なりきり
481,てだすけ
481,トリック
481,マジックルーム
481,ワンダールーム
481,リサイクル
481,ステルスロック
481,ねごと
481,スキルスワップ
482,シグナルビーム
482,さわぐ
482,かみなりパンチ
482,ほのおのパンチ
482,れいとうパンチ
482,マジックコート
482,とっておき
482,しねんのずつき
482,アイアンテール
482,いびき
482,はたきおとす
482,なりきり
482,てだすけ
482,トリック
482,マジックルーム
482,ワンダールーム
482,リサイクル
482,ステルスロック
482,ねごと
482,スキルスワップ
483,アイアンヘッド
483,だいちのちから
483,じゅうりょく
483,でんじふゆう
483,てっぺき
483,りゅうのはどう
483,ハイパーボイス
483,アイアンテール
483,いびき
483,げきりん
483,ステルスロック
483,ねごと
484,だいちのちから
484,じゅうりょく
484,アクアテール
484,りゅうのはどう
484,ハイパーボイス
484,いびき
484,げきりん
484,ねごと
485,むしくい
485,アイアンヘッド
485,さわぐ
485,だいちのちから
485,てっぺき
485,あくのはどう
485,りゅうのはどう
485,いびき
485,ねっぷう
485,ステルスロック
485,ねごと
486,アイアンヘッド
486,かみなりパンチ
486,ほのおのパンチ
486,れいとうパンチ
486,とおせんぼう
486,だいちのちから
486,じゅうりょく
486,ばかぢから
486,こごえるかぜ
486,しねんのずつき
486,いびき
486,はたきおとす
486,ドレインパンチ
486,ねごと
487,アイアンヘッド
487,だいちのちから
487,じゅうりょく
487,こごえるかぜ
487,アクアテール
487,あくのはどう
487,りゅうのはどう
487,ハイパーボイス
487,アイアンテール
487,いびき
487,いたみわけ
487,うらみ
487,げきりん
487,ねごと
488,シグナルビーム
488,マジックコート
488,じゅうりょく
488,こごえるかぜ
488,しねんのずつき
488,いびき
488,てだすけ
488,トリック
488,マジックルーム
488,リサイクル
488,ねごと
488,スキルスワップ
489,ほしがる
489,シグナルビーム
489,とびはねる
489,さわぐ
489,とっておき
489,こごえるかぜ
489,いびき
489,はたきおとす
489,いやしのすず
489,てだすけ
489,ねごと
490,ほしがる
490,シグナルビーム
490,とびはねる
490,さわぐ
490,とっておき
490,こごえるかぜ
490,いびき
490,はたきおとす
490,いやしのすず
490,てだすけ
490,ねごと
490,スキルスワップ
491,イカサマ
491,とっておき
491,こごえるかぜ
491,あくのはどう
491,いびき
491,はたきおとす
491,ドレインパンチ
491,うらみ
491,トリック
491,ワンダールーム
491,よこどり
491,ねごと
492,ほしがる
492,タネばくだん
492,だいちのちから
492,とっておき
492,しねんのずつき
492,いびき
492,こうごうせい
492,ギガドレイン
492,なやみのタネ
492,がむしゃら
492,ねごと
493,シグナルビーム
493,アイアンヘッド
493,マジックコート
493,だいちのちから
493,じゅうりょく
493,てっぺき
493,とっておき
493,こごえるかぜ
493,アクアテール
493,あくのはどう
493,しねんのずつき
493,りゅうのはどう
493,ハイパーボイス
493,アイアンテール
493,いびき
493,ねっぷう
493,おいかぜ
493,ギガドレイン
493,トリック
493,げきりん
493,リサイクル
493,ステルスロック
493,ねごと
494,シグナルビーム
494,とびはねる
494,さわぐ
494,かみなりパンチ
494,ほのおのパンチ
494,マジックコート
494,とっておき
494,しねんのずつき
494,いびき
494,ねっぷう
494,なりきり
494,てだすけ
494,トリック
494,ねごと
494,スキルスワップ
495,タネばくだん
495,アクアテール
495,アイアンテール
495,しめつける
495,いびき
495,はたきおとす
495,こうごうせい
495,ギガドレイン
495,いえき
495,なやみのタネ
495,よこどり
495,ねごと
495,くさのちかい
496,タネばくだん
496,アクアテール
496,アイアンテール
496,しめつける
496,いびき
496,はたきおとす
496,こうごうせい
496,ギガドレイン
496,いえき
496,なやみのタネ
496,よこどり
496,ねごと
496,くさのちかい
497,タネばくだん
497,アクアテール
497,りゅうのはどう
497,アイアンテール
497,しめつける
497,いびき
497,はたきおとす
497,こうごうせい
497,ギガドレイン
497,いえき
497,なやみのタネ
497,げきりん
497,よこどり
497,ねごと
497,くさのちかい
498,ほしがる
498,ばかぢから
498,アイアンテール
498,いびき
498,ねっぷう
498,てだすけ
498,がむしゃら
498,ねごと
498,ほのおのちかい
499,ほしがる
499,けたぐり
499,かみなりパンチ
499,ほのおのパンチ
499,ばかぢから
499,アイアンテール
499,いびき
499,ねっぷう
499,てだすけ
499,がむしゃら
499,ねごと
499,ほのおのちかい
500,ほしがる
500,アイアンヘッド
500,けたぐり
500,かみなりパンチ
500,ほのおのパンチ
500,とおせんぼう
500,ばかぢから
500,アイアンテール
500,いびき
500,ねっぷう
500,てだすけ
500,がむしゃら
500,ねごと
500,ほのおのちかい
501,ほしがる
501,こごえるかぜ
501,アクアテール
501,アイアンテール
501,いびき
501,てだすけ
501,ねごと
501,みずのちかい
502,ほしがる
502,こごえるかぜ
502,アクアテール
502,アイアンテール
502,いびき
502,てだすけ
502,ねごと
502,みずのちかい
503,ほしがる
503,とおせんぼう
503,ばかぢから
503,こごえるかぜ
503,アクアテール
503,アイアンテール
503,いびき
503,はたきおとす
503,てだすけ
503,ねごと
503,みずのちかい
504,ほしがる
504,いかりのまえば
504,タネばくだん
504,けたぐり
504,ダストシュート
504,とっておき
504,アクアテール
504,しねんのずつき
504,アイアンテール
504,いびき
504,おさきにどうぞ
504,てだすけ
504,がむしゃら
504,ねごと
505,ほしがる
505,いかりのまえば
505,シグナルビーム
505,タネばくだん
505,けたぐり
505,ダストシュート
505,かみなりパンチ
505,ほのおのパンチ
505,れいとうパンチ
505,とっておき
505,アクアテール
505,しねんのずつき
505,アイアンテール
505,いびき
505,はたきおとす
505,おさきにどうぞ
505,てだすけ
505,がむしゃら
505,ねごと
506,ほしがる
506,さわぐ
506,とっておき
506,ハイパーボイス
506,いびき
506,てだすけ
506,ねごと
507,ほしがる
507,さわぐ
507,とっておき
507,ハイパーボイス
507,いびき
507,てだすけ
507,ねごと
508,ほしがる
508,アイアンヘッド
508,さわぐ
508,とっておき
508,ばかぢから
508,ハイパーボイス
508,いびき
508,てだすけ
508,ねごと
509,ほしがる
509,タネばくだん
509,ダストシュート
509,イカサマ
509,あくのはどう
509,ハイパーボイス
509,アイアンテール
509,いびき
509,はたきおとす
509,なりきり
509,うらみ
509,トリック
509,よこどり
509,ねごと
510,ほしがる
510,タネばくだん
510,ダストシュート
510,イカサマ
510,あくのはどう
510,ハイパーボイス
510,アイアンテール
510,いびき
510,はたきおとす
510,なりきり
510,うらみ
510,トリック
510,よこどり
510,ねごと
511,ほしがる
511,タネばくだん
511,けたぐり
511,ダストシュート
511,さわぐ
511,アイアンテール
511,いびき
511,はたきおとす
511,こうごうせい
511,なりきり
511,ギガドレイン
511,なやみのタネ
511,てだすけ
511,がむしゃら
511,リサイクル
511,ねごと
512,ほしがる
512,タネばくだん
512,けたぐり
512,ダストシュート
512,さわぐ
512,ばかぢから
512,アイアンテール
512,いびき
512,はたきおとす
512,こうごうせい
512,なりきり
512,ギガドレイン
512,なやみのタネ
512,てだすけ
512,がむしゃら
512,リサイクル
512,ねごと
513,ほしがる
513,けたぐり
513,ダストシュート
513,さわぐ
513,ほのおのパンチ
513,アイアンテール
513,いびき
513,はたきおとす
513,ねっぷう
513,なりきり
513,てだすけ
513,がむしゃら
513,リサイクル
513,ねごと
514,ほしがる
514,けたぐり
514,ダストシュート
514,さわぐ
514,ほのおのパンチ
514,ばかぢから
514,アイアンテール
514,いびき
514,はたきおとす
514,ねっぷう
514,なりきり
514,てだすけ
514,がむしゃら
514,リサイクル
514,ねごと
515,ほしがる
515,けたぐり
515,ダストシュート
515,さわぐ
515,れいとうパンチ
515,こごえるかぜ
515,アクアテール
515,アイアンテール
515,いびき
515,はたきおとす
515,なりきり
515,てだすけ
515,がむしゃら
515,リサイクル
515,ねごと
516,ほしがる
516,けたぐり
516,ダストシュート
516,さわぐ
516,れいとうパンチ
516,ばかぢから
516,こごえるかぜ
516,アクアテール
516,アイアンテール
516,いびき
516,はたきおとす
516,なりきり
516,てだすけ
516,がむしゃら
516,リサイクル
516,ねごと
517,シグナルビーム
517,マジックコート
517,じゅうりょく
517,しねんのずつき
517,いびき
517,いやしのすず
517,いたみわけ
517,なやみのタネ
517,おさきにどうぞ
517,てだすけ
517,トリック
517,ワンダールーム
517,ねごと
517,スキルスワップ
518,シグナルビーム
518,マジックコート
518,じゅうりょく
518,しねんのずつき
518,いびき
518,いやしのすず
518,いたみわけ
518,なやみのタネ
518,おさきにどうぞ
518,てだすけ
518,トリック
518,ワンダールーム
518,ねごと
518,スキルスワップ
519,さわぐ
519,いびき
519,ねっぷう
519,おいかぜ
519,ゴッドバード
519,はねやすめ
519,ねごと
520,さわぐ
520,いびき
520,ねっぷう
520,おいかぜ
520,ゴッドバード
520,はねやすめ
520,ねごと
521,さわぐ
521,いびき
521,ねっぷう
521,おいかぜ
521,ゴッドバード
521,はねやすめ
521,ねごと
522,シグナルビーム
522,とびはねる
522,でんじふゆう
522,いびき
522,ねごと
523,シグナルビーム
523,とびはねる
523,でんじふゆう
523,いびき
523,ねごと
524,とおせんぼう
524,だいちのちから
524,じゅうりょく
524,てっぺき
524,いびき
524,ステルスロック
524,ねごと
525,とおせんぼう
525,だいちのちから
525,じゅうりょく
525,てっぺき
525,いびき
525,ステルスロック
525,ねごと
526,アイアンヘッド
526,とおせんぼう
526,だいちのちから
526,じゅうりょく
526,てっぺき
526,ばかぢから
526,いびき
526,ステルスロック
526,ねごと
527,いかりのまえば
527,シグナルビーム
527,さわぐ
527,マジックコート
527,しねんのずつき
527,いびき
527,はたきおとす
527,ねっぷう
527,おいかぜ
527,ギガドレイン
527,はねやすめ
527,おさきにどうぞ
527,てだすけ
527,トリック
527,がむしゃら
527,ねごと
527,スキルスワップ
528,いかりのまえば
528,シグナルビーム
528,さわぐ
528,マジックコート
528,しねんのずつき
528,いびき
528,はたきおとす
528,ねっぷう
528,おいかぜ
528,ゴッドバード
528,ギガドレイン
528,はねやすめ
528,おさきにどうぞ
528,てだすけ
528,トリック
528,がむしゃら
528,ねごと
528,スキルスワップ
529,ドリルライナー
529,だいちのちから
529,てっぺき
529,いびき
529,ステルスロック
529,ねごと
530,アイアンヘッド
530,ドリルライナー
530,だいちのちから
530,でんじふゆう
530,てっぺき
530,いびき
530,ステルスロック
530,ねごと
531,ほしがる
531,シグナルビーム
531,けたぐり
531,さわぐ
531,かみなりパンチ
531,ほのおのパンチ
531,れいとうパンチ
531,マジックコート
531,じゅうりょく
531,とっておき
531,こごえるかぜ
531,しねんのずつき
531,ハイパーボイス
531,アイアンテール
531,いびき
531,はたきおとす
531,なりきり
531,いやしのすず
531,いたみわけ
531,ドレインパンチ
531,おさきにどうぞ
531,てだすけ
531,よこどり
531,ねごと
531,スキルスワップ
532,けたぐり
532,かみなりパンチ
532,ほのおのパンチ
532,れいとうパンチ
532,とおせんぼう
532,ばかぢから
532,いびき
532,はたきおとす
532,ドレインパンチ
532,てだすけ
532,ねごと
533,けたぐり
533,かみなりパンチ
533,ほのおのパンチ
533,れいとうパンチ
533,とおせんぼう
533,ばかぢから
533,いびき
533,はたきおとす
533,ドレインパンチ
533,てだすけ
533,ねごと
534,けたぐり
534,かみなりパンチ
534,ほのおのパンチ
534,れいとうパンチ
534,とおせんぼう
534,ばかぢから
534,いびき
534,はたきおとす
534,ドレインパンチ
534,てだすけ
534,ねごと
535,とびはねる
535,さわぐ
535,だいちのちから
535,こごえるかぜ
535,ハイパーボイス
535,いびき
535,がむしゃら
535,ねごと
536,とびはねる
536,さわぐ
536,だいちのちから
536,こごえるかぜ
536,ハイパーボイス
536,いびき
536,いえき
536,がむしゃら
536,ステルスロック
536,ねごと
537,とびはねる
537,けたぐり
537,さわぐ
537,れいとうパンチ
537,だいちのちから
537,こごえるかぜ
537,ハイパーボイス
537,いびき
537,はたきおとす
537,ドレインパンチ
537,いえき
537,がむしゃら
537,ステルスロック
537,ねごと
538,けたぐり
538,かみなりパンチ
538,ほのおのパンチ
538,れいとうパンチ
538,とおせんぼう
538,ばかぢから
538,しめつける
538,いびき
538,はたきおとす
538,いたみわけ
538,てだすけ
538,ねごと
539,ダブルチョップ
539,けたぐり
539,かみなりパンチ
539,ほのおのパンチ
539,れいとうパンチ
539,とおせんぼう
539,ばかぢから
539,いびき
539,はたきおとす
539,いたみわけ
539,てだすけ
539,ねごと
540,むしくい
540,シグナルビーム
540,タネばくだん
540,マジックコート
540,てっぺき
540,エレキネット
540,いびき
540,こうごうせい
540,ギガドレイン
540,なやみのタネ
540,ねごと
541,むしくい
541,シグナルビーム
541,タネばくだん
541,マジックコート
541,てっぺき
541,エレキネット
541,いびき
541,こうごうせい
541,ギガドレイン
541,なやみのタネ
541,ねごと
542,むしくい
542,シグナルビーム
542,タネばくだん
542,マジックコート
542,てっぺき
542,エレキネット
542,いびき
542,はたきおとす
542,こうごうせい
542,いやしのすず
542,ギガドレイン
542,なやみのタネ
542,てだすけ
542,ねごと
543,むしくい
543,てっぺき
543,いびき
543,がむしゃら
543,ねごと
544,むしくい
544,てっぺき
544,いびき
544,がむしゃら
544,ねごと
545,むしくい
545,てっぺき
545,ばかぢから
545,アクアテール
545,アイアンテール
545,いびき
545,がむしゃら
545,よこどり
545,ねごと
546,ほしがる
546,タネばくだん
546,いびき
546,はたきおとす
546,おいかぜ
546,ギガドレイン
546,なやみのタネ
546,てだすけ
546,がむしゃら
546,ねごと
547,ほしがる
547,タネばくだん
547,いびき
547,はたきおとす
547,おいかぜ
547,ギガドレイン
547,なやみのタネ
547,てだすけ
547,がむしゃら
547,ねごと
548,ほしがる
548,タネばくだん
548,いびき
548,こうごうせい
548,いやしのすず
548,ギガドレイン
548,なやみのタネ
548,おさきにどうぞ
548,てだすけ
548,ねごと
549,ほしがる
549,タネばくだん
549,いびき
549,こうごうせい
549,なりきり
549,いやしのすず
549,ギガドレイン
549,なやみのタネ
549,おさきにどうぞ
549,てだすけ
549,ねごと
550,とびはねる
550,さわぐ
550,ばかぢから
550,こごえるかぜ
550,アクアテール
550,しねんのずつき
550,いびき
550,がむしゃら
550,ねごと
551,さわぐ
551,だいちのちから
551,イカサマ
551,アクアテール
551,あくのはどう
551,アイアンテール
551,いびき
551,うらみ
551,よこどり
551,ステルスロック
551,ねごと
552,けたぐり
552,さわぐ
552,だいちのちから
552,イカサマ
552,アクアテール
552,あくのはどう
552,アイアンテール
552,いびき
552,はたきおとす
552,うらみ
552,よこどり
552,ステルスロック
552,ねごと
553,けたぐり
553,さわぐ
553,とおせんぼう
553,だいちのちから
553,イカサマ
553,ばかぢから
553,アクアテール
553,あくのはどう
553,りゅうのはどう
553,アイアンテール
553,いびき
553,はたきおとす
553,うらみ
553,げきりん
553,よこどり
553,ステルスロック
553,ねごと
554,さわぐ
554,ほのおのパンチ
554,ばかぢから
554,しねんのずつき
554,いびき
554,ねっぷう
554,がむしゃら
554,ねごと
555,さわぐ
555,ほのおのパンチ
555,ばかぢから
555,しねんのずつき
555,いびき
555,ねっぷう
555,がむしゃら
555,ねごと
556,タネばくだん
556,とびはねる
556,さわぐ
556,ハイパーボイス
556,いびき
556,はたきおとす
556,こうごうせい
556,ギガドレイン
556,ドレインパンチ
556,なやみのタネ
556,おさきにどうぞ
556,てだすけ
556,がむしゃら
556,ねごと
557,むしくい
557,とおせんぼう
557,てっぺき
557,いびき
557,はたきおとす
557,ステルスロック
557,ねごと
558,むしくい
558,とおせんぼう
558,てっぺき
558,いびき
558,はたきおとす
558,ステルスロック
558,ねごと
559,いかりのまえば
559,ダブルチョップ
559,アイアンヘッド
559,けたぐり
559,かみなりパンチ
559,ほのおのパンチ
559,れいとうパンチ
559,イカサマ
559,てっぺき
559,あくのはどう
559,しねんのずつき
559,りゅうのはどう
559,アイアンテール
559,いびき
559,はたきおとす
559,ドレインパンチ
559,うらみ
559,よこどり
559,ねごと
560,いかりのまえば
560,ダブルチョップ
560,アイアンヘッド
560,けたぐり
560,かみなりパンチ
560,ほのおのパンチ
560,れいとうパンチ
560,イカサマ
560,てっぺき
560,あくのはどう
560,しねんのずつき
560,りゅうのはどう
560,アイアンテール
560,いびき
560,はたきおとす
560,ドレインパンチ
560,うらみ
560,げきりん
560,よこどり
560,ねごと
561,シグナルビーム
561,マジックコート
561,じゅうりょく
561,こごえるかぜ
561,あくのはどう
561,しねんのずつき
561,いびき
561,ねっぷう
561,おいかぜ
561,ゴッドバード
561,はねやすめ
561,トリック
561,マジックルーム
561,ねごと
561,スキルスワップ
562,マジックコート
562,とおせんぼう
562,てっぺき
562,あくのはどう
562,いびき
562,はたきおとす
562,なりきり
562,いたみわけ
562,うらみ
562,おさきにどうぞ
562,トリック
562,ワンダールーム
562,よこどり
562,ねごと
562,スキルスワップ
563,マジックコート
563,とおせんぼう
563,てっぺき
563,あくのはどう
563,いびき
563,はたきおとす
563,なりきり
563,いたみわけ
563,うらみ
563,おさきにどうぞ
563,トリック
563,ワンダールーム
563,よこどり
563,ねごと
563,スキルスワップ
564,とおせんぼう
564,だいちのちから
564,てっぺき
564,こごえるかぜ
564,アクアテール
564,アイアンテール
564,いびき
564,ステルスロック
564,ねごと
565,アイアンヘッド
565,けたぐり
565,とおせんぼう
565,だいちのちから
565,てっぺき
565,ばかぢから
565,こごえるかぜ
565,アクアテール
565,アイアンテール
565,いびき
565,ステルスロック
565,ねごと
566,とびはねる
566,さわぐ
566,だいちのちから
566,てっぺき
566,アクアテール
566,りゅうのはどう
566,アイアンテール
566,いびき
566,ねっぷう
566,おいかぜ
566,はねやすめ
566,がむしゃら
566,ステルスロック
566,ねごと
567,とびはねる
567,さわぐ
567,だいちのちから
567,てっぺき
567,アクアテール
567,りゅうのはどう
567,アイアンテール
567,いびき
567,ねっぷう
567,おいかぜ
567,ゴッドバード
567,はねやすめ
567,がむしゃら
567,げきりん
567,ステルスロック
567,ねごと
568,タネばくだん
568,ダストシュート
568,あくのはどう
568,いびき
568,いたみわけ
568,ギガドレイン
568,ドレインパンチ
568,うらみ
568,リサイクル
568,ねごと
569,タネばくだん
569,ダストシュート
569,あくのはどう
569,いびき
569,いたみわけ
569,ギガドレイン
569,ドレインパンチ
569,うらみ
569,リサイクル
569,ねごと
570,ほしがる
570,とびはねる
570,さわぐ
570,イカサマ
570,あくのはどう
570,ハイパーボイス
570,いびき
570,はたきおとす
570,うらみ
570,トリック
570,よこどり
570,ねごと
571,ほしがる
571,とびはねる
571,けたぐり
571,さわぐ
571,イカサマ
571,あくのはどう
571,ハイパーボイス
571,いびき
571,はたきおとす
571,うらみ
571,トリック
571,よこどり
571,ねごと
572,ほしがる
572,タネばくだん
572,ダストシュート
572,さわぐ
572,とっておき
572,アクアテール
572,ハイパーボイス
572,アイアンテール
572,いびき
572,はたきおとす
572,おさきにどうぞ
572,てだすけ
572,ねごと
573,ほしがる
573,タネばくだん
573,ダストシュート
573,さわぐ
573,とっておき
573,アクアテール
573,ハイパーボイス
573,アイアンテール
573,いびき
573,はたきおとす
573,おさきにどうぞ
573,てだすけ
573,ねごと
574,ほしがる
574,シグナルビーム
574,さわぐ
574,マジックコート
574,イカサマ
574,じゅうりょく
574,しねんのずつき
574,いびき
574,なりきり
574,いやしのすず
574,てだすけ
574,トリック
574,マジックルーム
574,リサイクル
574,よこどり
574,ねごと
574,スキルスワップ
575,ほしがる
575,シグナルビーム
575,さわぐ
575,マジックコート
575,イカサマ
575,じゅうりょく
575,しねんのずつき
575,いびき
575,なりきり
575,いやしのすず
575,てだすけ
575,トリック
575,マジックルーム
575,リサイクル
575,よこどり
575,ねごと
575,スキルスワップ
576,ほしがる
576,シグナルビーム
576,さわぐ
576,マジックコート
576,イカサマ
576,じゅうりょく
576,しねんのずつき
576,いびき
576,なりきり
576,いやしのすず
576,てだすけ
576,トリック
576,マジックルーム
576,リサイクル
576,よこどり
576,ねごと
576,スキルスワップ
577,シグナルビーム
577,マジックコート
577,じゅうりょく
577,しねんのずつき
577,いびき
577,なりきり
577,いたみわけ
577,おさきにどうぞ
577,トリック
577,ワンダールーム
577,がむしゃら
577,よこどり
577,ねごと
577,スキルスワップ
578,シグナルビーム
578,マジックコート
578,じゅうりょく
578,しねんのずつき
578,いびき
578,なりきり
578,いたみわけ
578,おさきにどうぞ
578,トリック
578,ワンダールーム
578,がむしゃら
578,よこどり
578,ねごと
578,スキルスワップ
579,シグナルビーム
579,かみなりパンチ
579,ほのおのパンチ
579,れいとうパンチ
579,マジックコート
579,じゅうりょく
579,ばかぢから
579,しねんのずつき
579,いびき
579,はたきおとす
579,なりきり
579,いたみわけ
579,ドレインパンチ
579,おさきにどうぞ
579,てだすけ
579,トリック
579,ワンダールーム
579,がむしゃら
579,よこどり
579,ねごと
579,スキルスワップ
580,さわぐ
580,こごえるかぜ
580,いびき
580,おいかぜ
580,はねやすめ
580,がむしゃら
580,ねごと
581,さわぐ
581,こごえるかぜ
581,いびき
581,おいかぜ
581,ゴッドバード
581,はねやすめ
581,がむしゃら
581,ねごと
582,シグナルビーム
582,さわぐ
582,マジックコート
582,でんじふゆう
582,てっぺき
582,こごえるかぜ
582,いびき
582,ねごと
583,シグナルビーム
583,さわぐ
583,マジックコート
583,でんじふゆう
583,てっぺき
583,こごえるかぜ
583,いびき
583,ねごと
584,シグナルビーム
584,さわぐ
584,マジックコート
584,でんじふゆう
584,てっぺき
584,こごえるかぜ
584,いびき
584,ねごと
585,タネばくだん
585,とびはねる
585,とっておき
585,いびき
585,こうごうせい
585,ギガドレイン
585,なやみのタネ
585,ねごと
586,タネばくだん
586,とびはねる
586,とっておき
586,いびき
586,こうごうせい
586,ギガドレイン
586,なやみのタネ
586,ねごと
587,ほしがる
587,シグナルビーム
587,とっておき
587,アイアンテール
587,いびき
587,はたきおとす
587,おいかぜ
587,はねやすめ
587,てだすけ
587,ねごと
588,むしくい
588,てっぺき
588,いびき
588,はたきおとす
588,ギガドレイン
588,ねごと
589,むしくい
589,アイアンヘッド
589,てっぺき
589,いびき
589,はたきおとす
589,ギガドレイン
589,ねごと
590,タネばくだん
590,イカサマ
590,いびき
590,こうごうせい
590,ギガドレイン
590,いえき
590,なやみのタネ
590,おさきにどうぞ
590,ねごと
591,タネばくだん
591,イカサマ
591,いびき
591,こうごうせい
591,ギガドレイン
591,いえき
591,なやみのタネ
591,おさきにどうぞ
591,ねごと
592,マジックコート
592,こごえるかぜ
592,あくのはどう
592,しめつける
592,いびき
592,いたみわけ
592,ギガドレイン
592,うらみ
592,トリック
592,ねごと
593,マジックコート
593,こごえるかぜ
593,あくのはどう
593,しめつける
593,いびき
593,いたみわけ
593,ギガドレイン
593,うらみ
593,トリック
593,ねごと
594,とびはねる
594,マジックコート
594,こごえるかぜ
594,いびき
594,はたきおとす
594,いたみわけ
594,てだすけ
594,ねごと
595,むしくい
595,シグナルビーム
595,とびはねる
595,でんじふゆう
595,エレキネット
595,いびき
595,ギガドレイン
595,いえき
595,ねごと
596,むしくい
596,シグナルビーム
596,とびはねる
596,でんじふゆう
596,エレキネット
596,いびき
596,ギガドレイン
596,いえき
596,ねごと
597,アイアンヘッド
597,タネばくだん
597,じゅうりょく
597,でんじふゆう
597,てっぺき
597,いびき
597,ギガドレイン
597,なやみのタネ
597,がむしゃら
597,ステルスロック
597,ねごと
598,アイアンヘッド
598,タネばくだん
598,じゅうりょく
598,でんじふゆう
598,てっぺき
598,いびき
598,はたきおとす
598,ギガドレイン
598,なやみのタネ
598,がむしゃら
598,ステルスロック
598,ねごと
599,シグナルビーム
599,さわぐ
599,マジックコート
599,じゅうりょく
599,でんじふゆう
599,てっぺき
599,しめつける
599,いびき
599,リサイクル
599,ねごと
600,シグナルビーム
600,さわぐ
600,マジックコート
600,じゅうりょく
600,でんじふゆう
600,てっぺき
600,しめつける
600,いびき
600,リサイクル
600,ねごと
601,シグナルビーム
601,さわぐ
601,マジックコート
601,じゅうりょく
601,でんじふゆう
601,てっぺき
601,しめつける
601,いびき
601,リサイクル
601,ねごと
602,でんじふゆう
603,いかりのまえば
603,シグナルビーム
603,とびはねる
603,でんじふゆう
603,アクアテール
603,アイアンテール
603,しめつける
603,いびき
603,はたきおとす
603,ギガドレイン
603,いえき
603,ねごと
604,いかりのまえば
604,シグナルビーム
604,とびはねる
604,かみなりパンチ
604,ほのおのパンチ
604,でんじふゆう
604,ばかぢから
604,アクアテール
604,アイアンテール
604,しめつける
604,いびき
604,はたきおとす
604,ギガドレイン
604,ドレインパンチ
604,いえき
604,ねごと
605,シグナルビーム
605,さわぐ
605,マジックコート
605,じゅうりょく
605,あくのはどう
605,しねんのずつき
605,いびき
605,なりきり
605,いたみわけ
605,おさきにどうぞ
605,トリック
605,ワンダールーム
605,リサイクル
605,よこどり
605,ねごと
605,スキルスワップ
606,シグナルビーム
606,さわぐ
606,マジックコート
606,じゅうりょく
606,あくのはどう
606,しねんのずつき
606,いびき
606,なりきり
606,いたみわけ
606,おさきにどうぞ
606,トリック
606,ワンダールーム
606,リサイクル
606,よこどり
606,ねごと
606,スキルスワップ
607,あくのはどう
607,いびき
607,ねっぷう
607,いたみわけ
607,うらみ
607,トリック
607,ねごと
608,あくのはどう
608,いびき
608,ねっぷう
608,いたみわけ
608,うらみ
608,トリック
608,ねごと
609,あくのはどう
609,いびき
609,ねっぷう
609,いたみわけ
609,うらみ
609,トリック
609,ねごと
610,ダブルチョップ
610,ばかぢから
610,アクアテール
610,りゅうのはどう
610,アイアンテール
610,いびき
610,がむしゃら
610,げきりん
610,ねごと
611,ダブルチョップ
611,けたぐり
611,ばかぢから
611,アクアテール
611,りゅうのはどう
611,アイアンテール
611,いびき
611,がむしゃら
611,げきりん
611,ねごと
612,ダブルチョップ
612,けたぐり
612,ばかぢから
612,アクアテール
612,りゅうのはどう
612,アイアンテール
612,いびき
612,がむしゃら
612,げきりん
612,ねごと
613,ほしがる
613,けたぐり
613,れいとうパンチ
613,ばかぢから
613,こごえるかぜ
613,いびき
613,ねごと
614,ほしがる
614,けたぐり
614,れいとうパンチ
614,ばかぢから
614,こごえるかぜ
614,いびき
614,ねごと
615,シグナルビーム
615,マジックコート
615,てっぺき
615,こごえるかぜ
615,しめつける
615,いびき
615,はたきおとす
615,ねごと
616,むしくい
616,シグナルビーム
616,いびき
616,ギガドレイン
616,いえき
616,ねごと
617,むしくい
617,シグナルビーム
617,いびき
617,はたきおとす
617,ギガドレイン
617,いえき
617,ねごと
618,とびはねる
618,さわぐ
618,だいちのちから
618,イカサマ
618,でんじふゆう
618,エレキネット
618,アクアテール
618,いびき
618,いたみわけ
618,うらみ
618,がむしゃら
618,ステルスロック
618,ねごと
619,ダブルチョップ
619,とびはねる
619,けたぐり
619,いびき
619,はたきおとす
619,なりきり
619,ドレインパンチ
619,てだすけ
619,ねごと
620,ダブルチョップ
620,とびはねる
620,けたぐり
620,いびき
620,はたきおとす
620,なりきり
620,ドレインパンチ
620,てだすけ
620,ねごと
621,アイアンヘッド
621,ダストシュート
621,かみなりパンチ
621,ほのおのパンチ
621,ばかぢから
621,アクアテール
621,あくのはどう
621,りゅうのはどう
621,アイアンテール
621,いびき
621,ねっぷう
621,げきりん
621,よこどり
621,ステルスロック
621,ねごと
622,シグナルビーム
622,けたぐり
622,かみなりパンチ
622,ほのおのパンチ
622,れいとうパンチ
622,マジックコート
622,とおせんぼう
622,だいちのちから
622,じゅうりょく
622,てっぺき
622,ばかぢから
622,こごえるかぜ
622,いびき
622,ドレインパンチ
622,ステルスロック
622,ねごと
623,シグナルビーム
623,けたぐり
623,かみなりパンチ
623,ほのおのパンチ
623,れいとうパンチ
623,マジックコート
623,とおせんぼう
623,だいちのちから
623,じゅうりょく
623,てっぺき
623,ばかぢから
623,こごえるかぜ
623,しねんのずつき
623,いびき
623,ドレインパンチ
623,ステルスロック
623,ねごと
624,ダブルチョップ
624,アイアンヘッド
624,けたぐり
624,イカサマ
624,でんじふゆう
624,てっぺき
624,あくのはどう
624,いびき
624,はたきおとす
624,なりきり
624,うらみ
624,よこどり
624,ステルスロック
624,ねごと
625,ダブルチョップ
625,アイアンヘッド
625,けたぐり
625,イカサマ
625,でんじふゆう
625,てっぺき
625,あくのはどう
625,いびき
625,はたきおとす
625,なりきり
625,うらみ
625,よこどり
625,ステルスロック
625,ねごと
626,アイアンヘッド
626,さわぐ
626,ばかぢから
626,しねんのずつき
626,いびき
626,がむしゃら
626,げきりん
626,ねごと
627,ばかぢから
627,いびき
627,ねっぷう
627,おいかぜ
627,はねやすめ
627,ねごと
628,ばかぢから
628,いびき
628,ねっぷう
628,おいかぜ
628,ゴッドバード
628,はねやすめ
628,ねごと
629,とおせんぼう
629,イカサマ
629,てっぺき
629,あくのはどう
629,いびき
629,はたきおとす
629,ねっぷう
629,おいかぜ
629,はねやすめ
629,よこどり
629,ねごと
630,とおせんぼう
630,イカサマ
630,てっぺき
630,あくのはどう
630,いびき
630,はたきおとす
630,ねっぷう
630,おいかぜ
630,ゴッドバード
630,はねやすめ
630,よこどり
630,ねごと
631,むしくい
631,けたぐり
631,かみなりパンチ
631,ほのおのパンチ
631,ばかぢから
631,しめつける
631,いびき
631,はたきおとす
631,ねっぷう
631,ギガドレイン
631,いえき
631,リサイクル
631,よこどり
631,ねごと
632,むしくい
632,アイアンヘッド
632,てっぺき
632,ばかぢから
632,いびき
632,がむしゃら
632,ねごと
633,さわぐ
633,だいちのちから
633,ばかぢから
633,アクアテール
633,あくのはどう
633,しねんのずつき
633,りゅうのはどう
633,ハイパーボイス
633,いびき
633,うらみ
633,げきりん
633,ねごと
634,さわぐ
634,だいちのちから
634,ばかぢから
634,アクアテール
634,あくのはどう
634,しねんのずつき
634,りゅうのはどう
634,ハイパーボイス
634,いびき
634,うらみ
634,げきりん
634,ねごと
635,シグナルビーム
635,さわぐ
635,だいちのちから
635,ばかぢから
635,アクアテール
635,あくのはどう
635,しねんのずつき
635,りゅうのはどう
635,ハイパーボイス
635,アイアンテール
635,いびき
635,ねっぷう
635,おいかぜ
635,はねやすめ
635,うらみ
635,げきりん
635,ねごと
636,むしくい
636,シグナルビーム
636,でんじふゆう
636,しねんのずつき
636,いびき
636,ねっぷう
636,ギガドレイン
636,ねごと
637,むしくい
637,シグナルビーム
637,でんじふゆう
637,しねんのずつき
637,いびき
637,ねっぷう
637,おいかぜ
637,ギガドレイン
637,はねやすめ
637,ねごと
638,アイアンヘッド
638,とびはねる
638,とおせんぼう
638,でんじふゆう
638,てっぺき
638,ばかぢから
638,しねんのずつき
638,いびき
638,てだすけ
638,ステルスロック
638,ねごと
639,アイアンヘッド
639,とおせんぼう
639,だいちのちから
639,ばかぢから
639,しねんのずつき
639,いびき
639,てだすけ
639,ステルスロック
639,ねごと
640,タネばくだん
640,とびはねる
640,とおせんぼう
640,ばかぢから
640,しねんのずつき
640,いびき
640,こうごうせい
640,ギガドレイン
640,なやみのタネ
640,てだすけ
640,ねごと
641,さわぐ
641,イカサマ
641,ばかぢから
641,こごえるかぜ
641,あくのはどう
641,アイアンテール
641,いびき
641,はたきおとす
641,ねっぷう
641,なりきり
641,おいかぜ
641,ねごと
642,さわぐ
642,かみなりパンチ
642,イカサマ
642,ばかぢから
642,あくのはどう
642,アイアンテール
642,いびき
642,はたきおとす
642,なりきり
642,ねごと
643,だいちのちから
643,しねんのずつき
643,りゅうのはどう
643,ハイパーボイス
643,いびき
643,ねっぷう
643,おいかぜ
643,はねやすめ
643,げきりん
643,ねごと
644,シグナルビーム
644,かみなりパンチ
644,だいちのちから
644,でんじふゆう
644,しねんのずつき
644,りゅうのはどう
644,ハイパーボイス
644,いびき
644,おいかぜ
644,はねやすめ
644,げきりん
644,ねごと
645,とおせんぼう
645,だいちのちから
645,じゅうりょく
645,ばかぢから
645,アイアンテール
645,いびき
645,はたきおとす
645,なりきり
645,げきりん
645,ステルスロック
645,ねごと
646,シグナルビーム
646,アイアンヘッド
646,だいちのちから
646,こごえるかぜ
646,しねんのずつき
646,りゅうのはどう
646,ハイパーボイス
646,いびき
646,はねやすめ
646,がむしゃら
646,げきりん
646,ねごと
647,ほしがる
647,とびはねる
647,とっておき
647,ばかぢから
647,こごえるかぜ
647,アクアテール
647,いびき
647,てだすけ
647,がむしゃら
647,ねごと
648,ほしがる
648,ダブルチョップ
648,シグナルビーム
648,けたぐり
648,さわぐ
648,かみなりパンチ
648,ほのおのパンチ
648,れいとうパンチ
648,マジックコート
648,じゅうりょく
648,とっておき
648,しねんのずつき
648,ハイパーボイス
648,いびき
648,はたきおとす
648,なりきり
648,いやしのすず
648,ドレインパンチ
648,てだすけ
648,トリック
648,マジックルーム
648,ワンダールーム
648,リサイクル
648,よこどり
648,ねごと
648,スキルスワップ
649,むしくい
649,シグナルビーム
649,アイアンヘッド
649,ダストシュート
649,マジックコート
649,じゅうりょく
649,でんじふゆう
649,てっぺき
649,とっておき
649,エレキネット
649,あくのはどう
649,しねんのずつき
649,いびき
649,ギガドレイン
649,リサイクル
649,ねごと
650,別の世代を御覧ください
651,別の世代を御覧ください
652,別の世代を御覧ください
653,別の世代を御覧ください
654,別の世代を御覧ください
655,別の世代を御覧ください
656,別の世代を御覧ください
657,別の世代を御覧ください
658,別の世代を御覧ください
659,別の世代を御覧ください
660,別の世代を御覧ください
661,別の世代を御覧ください
662,別の世代を御覧ください
663,別の世代を御覧ください
664,別の世代を御覧ください
665,別の世代を御覧ください
666,別の世代を御覧ください
667,別の世代を御覧ください
668,別の世代を御覧ください
669,別の世代を御覧ください
670,別の世代を御覧ください
671,別の世代を御覧ください
672,別の世代を御覧ください
673,別の世代を御覧ください
674,別の世代を御覧ください
675,別の世代を御覧ください
676,別の世代を御覧ください
677,別の世代を御覧ください
678,別の世代を御覧ください
679,別の世代を御覧ください
680,別の世代を御覧ください
681,別の世代を御覧ください
682,別の世代を御覧ください
683,別の世代を御覧ください
684,別の世代を御覧ください
685,別の世代を御覧ください
686,別の世代を御覧ください
687,別の世代を御覧ください
688,別の世代を御覧ください
689,別の世代を御覧ください
690,別の世代を御覧ください
691,別の世代を御覧ください
692,別の世代を御覧ください
693,別の世代を御覧ください
694,別の世代を御覧ください
695,別の世代を御覧ください
696,別の世代を御覧ください
697,別の世代を御覧ください
698,別の世代を御覧ください
699,別の世代を御覧ください
700,別の世代を御覧ください
701,別の世代を御覧ください
702,別の世代を御覧ください
703,別の世代を御覧ください
704,別の世代を御覧ください
705,別の世代を御覧ください
706,別の世代を御覧ください
707,別の世代を御覧ください
708,別の世代を御覧ください
709,別の世代を御覧ください
710,別の世代を御覧ください
711,別の世代を御覧ください
712,別の世代を御覧ください
713,別の世代を御覧ください
714,別の世代を御覧ください
715,別の世代を御覧ください
716,別の世代を御覧ください
717,別の世代を御覧ください
718,別の世代を御覧ください
719,別の世代を御覧ください
720,別の世代を御覧ください
721,別の世代を御覧ください
