001,はなびらのまい, 
001,ヘドロこうげき, 
001,ロケットずつき, 
001,ドわすれ, 
001,のろい, 
001,ギガドレイン, 
001,こらえる, 
001,あまえる, 
001,しぜんのちから, 
001,ねをはる, 
001,くさぶえ, 
001,マジカルリーフ, 
001,リーフストーム, 
001,パワーウィップ, 
001,グラスフィールド, 
002,はなびらのまい, 
002,ヘドロこうげき, 
002,ロケットずつき, 
002,ドわすれ, 
002,のろい, 
002,ギガドレイン, 
002,こらえる, 
002,あまえる, 
002,しぜんのちから, 
002,ねをはる, 
002,くさぶえ, 
002,マジカルリーフ, 
002,リーフストーム, 
002,パワーウィップ, 
002,グラスフィールド, 
003,はなびらのまい, 
003,ヘドロこうげき, 
003,ロケットずつき, 
003,ドわすれ, 
003,のろい, 
003,ギガドレイン, 
003,こらえる, 
003,あまえる, 
003,しぜんのちから, 
003,ねをはる, 
003,くさぶえ, 
003,マジカルリーフ, 
003,リーフストーム, 
003,パワーウィップ, 
003,グラスフィールド, 
004,かみつく, 
004,カウンター, 
004,はらだいこ, 
004,げきりん, 
004,メタルクロー, 
004,かみくだく, 
004,げんしのちから, 
004,ふくろだたき, 
004,きあいパンチ, 
004,エアカッター, 
004,りゅうのまい, 
004,フレアドライブ, 
004,りゅうのはどう, 
004,ドラゴンダイブ, 
005,かみつく, 
005,カウンター, 
005,はらだいこ, 
005,げきりん, 
005,メタルクロー, 
005,かみくだく, 
005,げんしのちから, 
005,ふくろだたき, 
005,きあいパンチ, 
005,エアカッター, 
005,りゅうのまい, 
005,フレアドライブ, 
005,りゅうのはどう, 
005,ドラゴンダイブ, 
006,かみつく, 
006,カウンター, 
006,はらだいこ, 
006,げきりん, 
006,メタルクロー, 
006,かみくだく, 
006,げんしのちから, 
006,ふくろだたき, 
006,きあいパンチ, 
006,エアカッター, 
006,りゅうのまい, 
006,フレアドライブ, 
006,りゅうのはどう, 
006,ドラゴンダイブ, 
007,しろいきり, 
007,くろいきり, 
007,じたばた, 
007,みやぶる, 
007,ミラーコート, 
007,ねこだまし, 
007,あくび, 
007,リフレッシュ, 
007,どろあそび, 
007,しおふき, 
007,だくりゅう, 
007,しおみず, 
007,アクアリング, 
007,はどうだん, 
007,りゅうのはどう, 
007,アクアジェット, 
008,しろいきり, 
008,くろいきり, 
008,じたばた, 
008,みやぶる, 
008,ミラーコート, 
008,ねこだまし, 
008,あくび, 
008,リフレッシュ, 
008,どろあそび, 
008,しおふき, 
008,だくりゅう, 
008,しおみず, 
008,アクアリング, 
008,はどうだん, 
008,りゅうのはどう, 
008,アクアジェット, 
009,しろいきり, 
009,くろいきり, 
009,じたばた, 
009,みやぶる, 
009,ミラーコート, 
009,ねこだまし, 
009,あくび, 
009,リフレッシュ, 
009,どろあそび, 
009,しおふき, 
009,だくりゅう, 
009,しおみず, 
009,アクアリング, 
009,はどうだん, 
009,りゅうのはどう, 
009,アクアジェット, 
016,だましうち, 
016,みやぶる, 
016,はがねのつばさ, 
016,おいうち, 
016,さわぐ, 
016,エアカッター, 
016,エアスラッシュ, 
016,ブレイブバード, 
016,きりばらい, 
017,だましうち, 
017,みやぶる, 
017,はがねのつばさ, 
017,おいうち, 
017,さわぐ, 
017,エアカッター, 
017,エアスラッシュ, 
017,ブレイブバード, 
017,きりばらい, 
018,だましうち, 
018,みやぶる, 
018,はがねのつばさ, 
018,おいうち, 
018,さわぐ, 
018,エアカッター, 
018,エアスラッシュ, 
018,ブレイブバード, 
018,きりばらい, 
019,かみつく, 
019,カウンター, 
019,いやなおと, 
019,みだれひっかき, 
019,かえんぐるま, 
019,きしかいせい, 
019,さわぐ, 
019,リベンジ, 
019,さきどり, 
019,とっておき, 
019,いのちがけ, 
020,かみつく, 
020,カウンター, 
020,いやなおと, 
020,みだれひっかき, 
020,かえんぐるま, 
020,きしかいせい, 
020,さわぐ, 
020,リベンジ, 
020,さきどり, 
020,とっておき, 
020,いのちがけ, 
021,かまいたち, 
021,ふきとばし, 
021,でんこうせっか, 
021,ゴッドバード, 
021,トライアタック, 
021,こわいかお, 
021,だましうち, 
021,はがねのつばさ, 
021,さわぐ, 
021,フェザーダンス, 
021,おどろかす, 
022,かまいたち, 
022,ふきとばし, 
022,でんこうせっか, 
022,ゴッドバード, 
022,トライアタック, 
022,こわいかお, 
022,だましうち, 
022,はがねのつばさ, 
022,さわぐ, 
022,フェザーダンス, 
022,おどろかす, 
023,たたきつける, 
023,かなしばり, 
023,うらみ, 
023,こわいかお, 
023,おいうち, 
023,アイアンテール, 
023,ふくろだたき, 
023,よこどり, 
023,どくどくのキバ, 
023,ポイズンテール, 
023,ふいうち, 
023,すりかえ, 
024,たたきつける, 
024,かなしばり, 
024,うらみ, 
024,こわいかお, 
024,おいうち, 
024,アイアンテール, 
024,ふくろだたき, 
024,よこどり, 
024,どくどくのキバ, 
024,ポイズンテール, 
024,ふいうち, 
024,すりかえ, 
025,おうふくビンタ, 
025,かみなりパンチ, 
025,がまん, 
025,じたばた, 
025,きしかいせい, 
025,こらえる, 
025,プレゼント, 
025,アンコール, 
025,ねこだまし, 
025,じゅうでん, 
025,ねがいごと, 
025,くすぐる, 
025,おまじない, 
025,ギフトパス, 
025,チャームボイス, 
026,おうふくビンタ, 
026,かみなりパンチ, 
026,がまん, 
026,じたばた, 
026,きしかいせい, 
026,こらえる, 
026,プレゼント, 
026,アンコール, 
026,ねこだまし, 
026,じゅうでん, 
026,ねがいごと, 
026,くすぐる, 
026,おまじない, 
026,ギフトパス, 
026,チャームボイス, 
027,カウンター, 
027,じたばた, 
027,こらえる, 
027,こうそくスピン, 
027,メタルクロー, 
027,ブレイククロー, 
027,マッドショット, 
027,つじぎり, 
027,ロッククライム, 
027,なしくずし, 
027,たがやす, 
028,カウンター, 
028,じたばた, 
028,こらえる, 
028,こうそくスピン, 
028,メタルクロー, 
028,ブレイククロー, 
028,マッドショット, 
028,つじぎり, 
028,ロッククライム, 
028,なしくずし, 
028,たがやす, 
029,とっしん, 
029,ちょうおんぱ, 
029,かなしばり, 
029,カウンター, 
029,きあいだめ, 
029,ロケットずつき, 
029,こらえる, 
029,あまえる, 
029,おいうち, 
029,アイアンテール, 
029,ふくろだたき, 
029,ポイズンテール, 
029,なしくずし, 
029,ベノムトラップ, 
030,とっしん, 
030,ちょうおんぱ, 
030,かなしばり, 
030,カウンター, 
030,きあいだめ, 
030,ロケットずつき, 
030,こらえる, 
030,あまえる, 
030,おいうち, 
030,アイアンテール, 
030,ふくろだたき, 
030,ポイズンテール, 
030,なしくずし, 
030,ベノムトラップ, 
031,とっしん, 
031,ちょうおんぱ, 
031,かなしばり, 
031,カウンター, 
031,きあいだめ, 
031,ロケットずつき, 
031,こらえる, 
031,あまえる, 
031,おいうち, 
031,アイアンテール, 
031,ふくろだたき, 
031,ポイズンテール, 
031,なしくずし, 
031,ベノムトラップ, 
032,とっしん, 
032,ちょうおんぱ, 
032,かなしばり, 
032,カウンター, 
032,ねんりき, 
032,ドわすれ, 
032,こらえる, 
032,アイアンテール, 
032,ふくろだたき, 
032,ポイズンテール, 
032,ふいうち, 
032,もろはのずつき, 
032,なしくずし, 
032,ベノムトラップ, 
033,とっしん, 
033,ちょうおんぱ, 
033,かなしばり, 
033,カウンター, 
033,ねんりき, 
033,ドわすれ, 
033,こらえる, 
033,アイアンテール, 
033,ふくろだたき, 
033,ポイズンテール, 
033,ふいうち, 
033,もろはのずつき, 
033,なしくずし, 
033,ベノムトラップ, 
034,とっしん, 
034,ちょうおんぱ, 
034,かなしばり, 
034,カウンター, 
034,ねんりき, 
034,ドわすれ, 
034,こらえる, 
034,アイアンテール, 
034,ふくろだたき, 
034,ポイズンテール, 
034,ふいうち, 
034,もろはのずつき, 
034,なしくずし, 
034,ベノムトラップ, 
035,ものまね, 
035,ゆびをふる, 
035,ドわすれ, 
035,はねる, 
035,はらだいこ, 
035,プレゼント, 
035,ねがいごと, 
035,アロマセラピー, 
035,うそなき, 
035,くすぐる, 
035,ほしがる, 
035,アシストパワー, 
036,ものまね, 
036,ゆびをふる, 
036,ドわすれ, 
036,はねる, 
036,はらだいこ, 
036,プレゼント, 
036,ねがいごと, 
036,アロマセラピー, 
036,うそなき, 
036,くすぐる, 
036,ほしがる, 
036,アシストパワー, 
037,かなしばり, 
037,さいみんじゅつ, 
037,じたばた, 
037,うらみ, 
037,だましうち, 
037,ねっぷう, 
037,ひみつのちから, 
037,じんつうりき, 
037,とおぼえ, 
037,パワースワップ, 
037,フレアドライブ, 
037,ゆうわく, 
037,たたりめ, 
037,スイープビンタ, 
038,かなしばり, 
038,さいみんじゅつ, 
038,じたばた, 
038,うらみ, 
038,だましうち, 
038,ねっぷう, 
038,ひみつのちから, 
038,じんつうりき, 
038,とおぼえ, 
038,パワースワップ, 
038,フレアドライブ, 
038,ゆうわく, 
038,たたりめ, 
038,スイープビンタ, 
039,だましうち, 
039,ほろびのうた, 
039,ねごと, 
039,プレゼント, 
039,ねがいごと, 
039,うそなき, 
039,ほしがる, 
039,じゅうりょく, 
039,おしおき, 
039,とっておき, 
039,ゆうわく, 
039,いやしのはどう, 
039,ミストフィールド, 
040,だましうち, 
040,ほろびのうた, 
040,ねごと, 
040,プレゼント, 
040,ねがいごと, 
040,うそなき, 
040,ほしがる, 
040,じゅうりょく, 
040,おしおき, 
040,とっておき, 
040,ゆうわく, 
040,いやしのはどう, 
040,ミストフィールド, 
041,かぜおこし, 
041,ふきとばし, 
041,さいみんじゅつ, 
041,でんこうせっか, 
041,のろい, 
041,だましうち, 
041,ギガドレイン, 
041,はがねのつばさ, 
041,おいうち, 
041,ブレイブバード, 
041,わるだくみ, 
041,しねんのずつき, 
041,きりばらい, 
041,ベノムトラップ, 
042,かぜおこし, 
042,ふきとばし, 
042,さいみんじゅつ, 
042,でんこうせっか, 
042,のろい, 
042,だましうち, 
042,ギガドレイン, 
042,はがねのつばさ, 
042,おいうち, 
042,ブレイブバード, 
042,わるだくみ, 
042,しねんのずつき, 
042,きりばらい, 
042,ベノムトラップ, 
043,はっぱカッター, 
043,じたばた, 
043,あまえる, 
043,こうごうせい, 
043,しぜんのちから, 
043,ねをはる, 
043,ひみつのちから, 
043,フラフラダンス, 
043,くすぐる, 
043,おさきにどうぞ, 
044,はっぱカッター, 
044,じたばた, 
044,あまえる, 
044,こうごうせい, 
044,しぜんのちから, 
044,ねをはる, 
044,ひみつのちから, 
044,フラフラダンス, 
044,くすぐる, 
044,おさきにどうぞ, 
045,はっぱカッター, 
045,じたばた, 
045,あまえる, 
045,こうごうせい, 
045,しぜんのちから, 
045,ねをはる, 
045,ひみつのちから, 
045,フラフラダンス, 
045,くすぐる, 
045,おさきにどうぞ, 
046,サイケこうせん, 
046,カウンター, 
046,やどりぎのタネ, 
046,こうそくいどう, 
046,いやなおと, 
046,じたばた, 
046,こらえる, 
046,おいうち, 
046,あまいかおり, 
046,メタルクロー, 
046,しぜんのめぐみ, 
046,クロスポイズン, 
046,むしくい, 
047,サイケこうせん, 
047,カウンター, 
047,やどりぎのタネ, 
047,こうそくいどう, 
047,いやなおと, 
047,じたばた, 
047,こらえる, 
047,おいうち, 
047,あまいかおり, 
047,メタルクロー, 
047,しぜんのめぐみ, 
047,クロスポイズン, 
047,むしくい, 
048,こうそくいどう, 
048,いやなおと, 
048,ギガドレイン, 
048,バトンタッチ, 
048,あさのひざし, 
048,スキルスワップ, 
048,ひみつのちから, 
048,シグナルビーム, 
048,どくびし, 
048,むしくい, 
048,いかりのこな, 
049,こうそくいどう, 
049,いやなおと, 
049,ギガドレイン, 
049,バトンタッチ, 
049,あさのひざし, 
049,スキルスワップ, 
049,ひみつのちから, 
049,シグナルビーム, 
049,どくびし, 
049,むしくい, 
049,いかりのこな, 
050,ずつき, 
050,いやなおと, 
050,きしかいせい, 
050,だましうち, 
050,こらえる, 
050,おいうち, 
050,げんしのちから, 
050,ふくろだたき, 
050,さわぐ, 
050,おきみやげ, 
050,おどろかす, 
050,どろばくだん, 
050,いのちがけ, 
051,ずつき, 
051,いやなおと, 
051,きしかいせい, 
051,だましうち, 
051,こらえる, 
051,おいうち, 
051,げんしのちから, 
051,ふくろだたき, 
051,さわぐ, 
051,おきみやげ, 
051,おどろかす, 
051,どろばくだん, 
051,いのちがけ, 
052,しっぽをふる, 
052,さいみんじゅつ, 
052,ドわすれ, 
052,じたばた, 
052,うらみ, 
052,あまえる, 
052,アイアンテール, 
052,ねこのて, 
052,よこどり, 
052,かぎわける, 
052,おしおき, 
052,とっておき, 
052,イカサマ, 
053,しっぽをふる, 
053,さいみんじゅつ, 
053,ドわすれ, 
053,じたばた, 
053,うらみ, 
053,あまえる, 
053,アイアンテール, 
053,ねこのて, 
053,よこどり, 
053,かぎわける, 
053,おしおき, 
053,とっておき, 
053,イカサマ, 
054,サイケこうせん, 
054,さいみんじゅつ, 
054,あやしいひかり, 
054,みやぶる, 
054,ねごと, 
054,アンコール, 
054,クロスチョップ, 
054,みらいよち, 
054,あくび, 
054,リフレッシュ, 
054,ひみつのちから, 
054,どろばくだん, 
054,シンクロノイズ, 
054,シンプルビーム, 
054,クリアスモッグ, 
055,サイケこうせん, 
055,さいみんじゅつ, 
055,あやしいひかり, 
055,みやぶる, 
055,ねごと, 
055,アンコール, 
055,クロスチョップ, 
055,みらいよち, 
055,あくび, 
055,リフレッシュ, 
055,ひみつのちから, 
055,どろばくだん, 
055,シンクロノイズ, 
055,シンプルビーム, 
055,クリアスモッグ, 
056,カウンター, 
056,ヨガのポーズ, 
056,きしかいせい, 
056,みやぶる, 
056,ねごと, 
056,アンコール, 
056,ふくろだたき, 
056,きあいパンチ, 
056,きつけ, 
056,リベンジ, 
056,インファイト, 
057,カウンター, 
057,ヨガのポーズ, 
057,きしかいせい, 
057,みやぶる, 
057,ねごと, 
057,アンコール, 
057,ふくろだたき, 
057,きあいパンチ, 
057,きつけ, 
057,リベンジ, 
057,インファイト, 
058,にどげり, 
058,のしかかり, 
058,あばれる, 
058,すてみタックル, 
058,ほのおのうず, 
058,アイアンテール, 
058,あさのひざし, 
058,かみくだく, 
058,ねっぷう, 
058,とおぼえ, 
058,ほしがる, 
058,インファイト, 
058,フレアドライブ, 
059,にどげり, 
059,のしかかり, 
059,あばれる, 
059,すてみタックル, 
059,ほのおのうず, 
059,アイアンテール, 
059,あさのひざし, 
059,かみくだく, 
059,ねっぷう, 
059,とおぼえ, 
059,ほしがる, 
059,インファイト, 
059,フレアドライブ, 
060,しろいきり, 
060,バブルこうせん, 
060,くろいきり, 
060,はねる, 
060,こころのめ, 
060,こらえる, 
060,アンコール, 
060,がむしゃら, 
060,リフレッシュ, 
060,アイスボール, 
060,マッドショット, 
060,みずあそび, 
060,みずのはどう, 
061,しろいきり, 
061,バブルこうせん, 
061,くろいきり, 
061,はねる, 
061,こころのめ, 
061,こらえる, 
061,アンコール, 
061,がむしゃら, 
061,リフレッシュ, 
061,アイスボール, 
061,マッドショット, 
061,みずあそび, 
061,みずのはどう, 
062,しろいきり, 
062,バブルこうせん, 
062,くろいきり, 
062,はねる, 
062,こころのめ, 
062,こらえる, 
062,アンコール, 
062,がむしゃら, 
062,リフレッシュ, 
062,アイスボール, 
062,マッドショット, 
062,みずあそび, 
062,みずのはどう, 
063,ほのおのパンチ, 
063,れいとうパンチ, 
063,かみなりパンチ, 
063,バリアー, 
063,アンコール, 
063,はたきおとす, 
063,スキルスワップ, 
063,サイコシフト, 
063,パワートリック, 
063,ガードスワップ, 
063,ガードシェア, 
063,サイドチェンジ, 
064,ほのおのパンチ, 
064,れいとうパンチ, 
064,かみなりパンチ, 
064,バリアー, 
064,アンコール, 
064,はたきおとす, 
064,スキルスワップ, 
064,サイコシフト, 
064,パワートリック, 
064,ガードスワップ, 
064,ガードシェア, 
064,サイドチェンジ, 
065,ほのおのパンチ, 
065,れいとうパンチ, 
065,かみなりパンチ, 
065,バリアー, 
065,アンコール, 
065,はたきおとす, 
065,スキルスワップ, 
065,サイコシフト, 
065,パワートリック, 
065,ガードスワップ, 
065,ガードシェア, 
065,サイドチェンジ, 
066,ほのおのパンチ, 
066,れいとうパンチ, 
066,かみなりパンチ, 
066,まわしげり, 
066,カウンター, 
066,ヨガのポーズ, 
066,アンコール, 
066,きつけ, 
066,はたきおとす, 
066,くすぐる, 
066,インファイト, 
066,パワートリック, 
066,バレットパンチ, 
066,ヘビーボンバー, 
066,ファストガード, 
067,ほのおのパンチ, 
067,れいとうパンチ, 
067,かみなりパンチ, 
067,まわしげり, 
067,カウンター, 
067,ヨガのポーズ, 
067,アンコール, 
067,きつけ, 
067,はたきおとす, 
067,くすぐる, 
067,インファイト, 
067,パワートリック, 
067,バレットパンチ, 
067,ヘビーボンバー, 
067,ファストガード, 
068,ほのおのパンチ, 
068,れいとうパンチ, 
068,かみなりパンチ, 
068,まわしげり, 
068,カウンター, 
068,ヨガのポーズ, 
068,アンコール, 
068,きつけ, 
068,はたきおとす, 
068,くすぐる, 
068,インファイト, 
068,パワートリック, 
068,バレットパンチ, 
068,ヘビーボンバー, 
068,ファストガード, 
069,きゅうけつ, 
069,ギガドレイン, 
069,アンコール, 
069,こうごうせい, 
069,ねをはる, 
069,ウェザーボール, 
069,くすぐる, 
069,タネマシンガン, 
069,マジカルリーフ, 
069,しぜんのめぐみ, 
069,なやみのタネ, 
069,パワーウィップ, 
069,アシッドボム, 
069,クリアスモッグ, 
069,ゲップ, 
070,きゅうけつ, 
070,ギガドレイン, 
070,アンコール, 
070,こうごうせい, 
070,ねをはる, 
070,ウェザーボール, 
070,くすぐる, 
070,タネマシンガン, 
070,マジカルリーフ, 
070,しぜんのめぐみ, 
070,なやみのタネ, 
070,パワーウィップ, 
070,アシッドボム, 
070,クリアスモッグ, 
070,ゲップ, 
071,きゅうけつ, 
071,ギガドレイン, 
071,アンコール, 
071,こうごうせい, 
071,ねをはる, 
071,ウェザーボール, 
071,くすぐる, 
071,タネマシンガン, 
071,マジカルリーフ, 
071,しぜんのめぐみ, 
071,なやみのタネ, 
071,パワーウィップ, 
071,アシッドボム, 
071,クリアスモッグ, 
071,ゲップ, 
072,オーロラビーム, 
072,あやしいひかり, 
072,くろいきり, 
072,あわ, 
072,こうそくスピン, 
072,ミラーコート, 
072,はたきおとす, 
072,くすぐる, 
072,だくりゅう, 
072,つぼをつく, 
072,アクアリング, 
073,オーロラビーム, 
073,あやしいひかり, 
073,くろいきり, 
073,あわ, 
073,こうそくスピン, 
073,ミラーコート, 
073,はたきおとす, 
073,くすぐる, 
073,だくりゅう, 
073,つぼをつく, 
073,アクアリング, 
074,メガトンパンチ, 
074,のろい, 
074,じたばた, 
074,こらえる, 
074,きあいパンチ, 
074,とおせんぼう, 
074,アームハンマー, 
074,ロッククライム, 
074,ワイドガード, 
074,ボディパージ, 
075,メガトンパンチ, 
075,のろい, 
075,じたばた, 
075,こらえる, 
075,きあいパンチ, 
075,とおせんぼう, 
075,アームハンマー, 
075,ロッククライム, 
075,ワイドガード, 
075,ボディパージ, 
076,メガトンパンチ, 
076,のろい, 
076,じたばた, 
076,こらえる, 
076,きあいパンチ, 
076,とおせんぼう, 
076,アームハンマー, 
076,ロッククライム, 
076,ワイドガード, 
076,ボディパージ, 
077,にどげり, 
077,つのドリル, 
077,あばれる, 
077,すてみタックル, 
077,けたぐり, 
077,さいみんじゅつ, 
077,かえんぐるま, 
077,あまえる, 
077,あさのひざし, 
077,ゆうわく, 
078,にどげり, 
078,つのドリル, 
078,あばれる, 
078,すてみタックル, 
078,けたぐり, 
078,さいみんじゅつ, 
078,かえんぐるま, 
078,あまえる, 
078,あさのひざし, 
078,ゆうわく, 
079,ふみつけ, 
079,いびき, 
079,はらだいこ, 
079,ねごと, 
079,みらいよち, 
079,どろあそび, 
079,とおせんぼう, 
079,さきどり, 
079,しねんのずつき, 
079,ワンダールーム, 
079,ゲップ, 
080,ふみつけ, 
080,いびき, 
080,はらだいこ, 
080,ねごと, 
080,みらいよち, 
080,どろあそび, 
080,とおせんぼう, 
080,さきどり, 
080,しねんのずつき, 
080,ワンダールーム, 
080,ゲップ, 
083,かぜおこし, 
083,でんこうせっか, 
083,オウムがえし, 
083,のろい, 
083,じたばた, 
083,どろかけ, 
083,みやぶる, 
083,はがねのつばさ, 
083,リベンジ, 
083,フェザーダンス, 
083,ほしがる, 
083,リーフブレード, 
083,はねやすめ, 
083,きりふだ, 
083,つじぎり, 
083,シンプルビーム, 
084,ちょうおんぱ, 
084,でんこうせっか, 
084,くろいきり, 
084,オウムがえし, 
084,じたばた, 
084,だましうち, 
084,がむしゃら, 
084,しぜんのめぐみ, 
084,ダメおし, 
084,ブレイブバード, 
085,ちょうおんぱ, 
085,でんこうせっか, 
085,くろいきり, 
085,オウムがえし, 
085,じたばた, 
085,だましうち, 
085,がむしゃら, 
085,しぜんのめぐみ, 
085,ダメおし, 
085,ブレイブバード, 
086,たたきつける, 
086,つのドリル, 
086,かなしばり, 
086,したでなめる, 
086,ほろびのうた, 
086,ねごと, 
086,アンコール, 
086,アイアンテール, 
086,ねこだまし, 
086,たくわえる, 
086,はきだす, 
086,のみこむ, 
086,シグナルビーム, 
086,つららばり, 
086,みずのはどう, 
086,なかまづくり, 
086,ゲップ, 
087,たたきつける, 
087,つのドリル, 
087,かなしばり, 
087,したでなめる, 
087,ほろびのうた, 
087,ねごと, 
087,アンコール, 
087,アイアンテール, 
087,ねこだまし, 
087,たくわえる, 
087,はきだす, 
087,のみこむ, 
087,シグナルビーム, 
087,つららばり, 
087,みずのはどう, 
087,なかまづくり, 
087,ゲップ, 
088,くろいきり, 
088,したでなめる, 
088,のろい, 
088,こわいかお, 
088,くろいまなざし, 
088,たくわえる, 
088,はきだす, 
088,のみこむ, 
088,ふういん, 
088,シャドーパンチ, 
088,かげうち, 
088,アシッドボム, 
089,くろいきり, 
089,したでなめる, 
089,のろい, 
089,こわいかお, 
089,くろいまなざし, 
089,たくわえる, 
089,はきだす, 
089,のみこむ, 
089,ふういん, 
089,シャドーパンチ, 
089,かげうち, 
089,アシッドボム, 
090,とっしん, 
090,ダブルニードル, 
090,バブルこうせん, 
090,いやなおと, 
090,バリアー, 
090,こうそくスピン, 
090,つららばり, 
090,マッドショット, 
090,ロックブラスト, 
090,みずのはどう, 
090,アクアリング, 
090,ゆきなだれ, 
091,とっしん, 
091,ダブルニードル, 
091,バブルこうせん, 
091,いやなおと, 
091,バリアー, 
091,こうそくスピン, 
091,つららばり, 
091,マッドショット, 
091,ロックブラスト, 
091,みずのはどう, 
091,アクアリング, 
091,ゆきなだれ, 
092,ほのおのパンチ, 
092,れいとうパンチ, 
092,かみなりパンチ, 
092,かなしばり, 
092,くろいきり, 
092,スモッグ, 
092,サイコウェーブ, 
092,こわいかお, 
092,ほろびのうた, 
092,おんねん, 
092,おどろかす, 
092,クリアスモッグ, 
092,ミラータイプ, 
093,ほのおのパンチ, 
093,れいとうパンチ, 
093,かみなりパンチ, 
093,かなしばり, 
093,くろいきり, 
093,スモッグ, 
093,サイコウェーブ, 
093,こわいかお, 
093,ほろびのうた, 
093,おんねん, 
093,おどろかす, 
093,クリアスモッグ, 
093,ミラータイプ, 
094,ほのおのパンチ, 
094,れいとうパンチ, 
094,かみなりパンチ, 
094,かなしばり, 
094,くろいきり, 
094,スモッグ, 
094,サイコウェーブ, 
094,こわいかお, 
094,ほろびのうた, 
094,おんねん, 
094,おどろかす, 
094,クリアスモッグ, 
094,ミラータイプ, 
095,まるくなる, 
095,じたばた, 
095,ころがる, 
095,とおせんぼう, 
095,ロックブラスト, 
095,ロッククライム, 
095,ステルスロック, 
095,ヘビーボンバー, 
095,たがやす, 
096,ほのおのパンチ, 
096,れいとうパンチ, 
096,かみなりパンチ, 
096,バリアー, 
096,おだてる, 
096,なりきり, 
096,ねこのて, 
096,スキルスワップ, 
096,ひみつのちから, 
096,ガードスワップ, 
096,わるだくみ, 
096,サイコカッター, 
097,ほのおのパンチ, 
097,れいとうパンチ, 
097,かみなりパンチ, 
097,バリアー, 
097,おだてる, 
097,なりきり, 
097,ねこのて, 
097,スキルスワップ, 
097,ひみつのちから, 
097,ガードスワップ, 
097,わるだくみ, 
097,サイコカッター, 
098,たたきつける, 
098,こうそくいどう, 
098,くろいきり, 
098,がまん, 
098,ドわすれ, 
098,じたばた, 
098,こらえる, 
098,げんしのちから, 
098,はたきおとす, 
098,くすぐる, 
098,なしくずし, 
099,たたきつける, 
099,こうそくいどう, 
099,くろいきり, 
099,がまん, 
099,ドわすれ, 
099,じたばた, 
099,こらえる, 
099,げんしのちから, 
099,はたきおとす, 
099,くすぐる, 
099,なしくずし, 
102,のろい, 
102,ギガドレイン, 
102,こうごうせい, 
102,つきのひかり, 
102,げんしのちから, 
102,しぜんのちから, 
102,ねをはる, 
102,スキルスワップ, 
102,とおせんぼう, 
102,しぜんのめぐみ, 
102,おまじない, 
102,パワースワップ, 
102,リーフストーム, 
102,グラスフィールド, 
103,のろい, 
103,ギガドレイン, 
103,こうごうせい, 
103,つきのひかり, 
103,げんしのちから, 
103,しぜんのちから, 
103,ねをはる, 
103,スキルスワップ, 
103,とおせんぼう, 
103,しぜんのめぐみ, 
103,おまじない, 
103,パワースワップ, 
103,リーフストーム, 
103,グラスフィールド, 
104,にどげり, 
104,いやなおと, 
104,ロケットずつき, 
104,はらだいこ, 
104,ほろびのうた, 
104,みきり, 
104,こらえる, 
104,げんしのちから, 
104,アイアンヘッド, 
104,なしくずし, 
105,にどげり, 
105,いやなおと, 
105,ロケットずつき, 
105,はらだいこ, 
105,ほろびのうた, 
105,みきり, 
105,こらえる, 
105,げんしのちから, 
105,アイアンヘッド, 
105,なしくずし, 
106,カウンター, 
106,とびひざげり, 
106,こころのめ, 
106,マッハパンチ, 
106,こらえる, 
106,おいうち, 
106,こうそくスピン, 
106,てだすけ, 
106,フェイント, 
106,しんくうは, 
106,バレットパンチ, 
107,カウンター, 
107,とびひざげり, 
107,こころのめ, 
107,マッハパンチ, 
107,こらえる, 
107,おいうち, 
107,こうそくスピン, 
107,てだすけ, 
107,フェイント, 
107,しんくうは, 
107,バレットパンチ, 
108,のしかかり, 
108,ドわすれ, 
108,いびき, 
108,のろい, 
108,はらだいこ, 
108,ねごと, 
108,マグニチュード, 
108,きつけ, 
108,だくりゅう, 
108,アームハンマー, 
108,しねんのずつき, 
108,ゲップ, 
109,サイケこうせん, 
109,いやなおと, 
109,サイコウェーブ, 
109,のろい, 
109,うらみ, 
109,みちづれ, 
109,いたみわけ, 
109,たくわえる, 
109,はきだす, 
109,のみこむ, 
109,おんねん, 
110,サイケこうせん, 
110,いやなおと, 
110,サイコウェーブ, 
110,のろい, 
110,うらみ, 
110,みちづれ, 
110,いたみわけ, 
110,たくわえる, 
110,はきだす, 
110,のみこむ, 
110,おんねん, 
111,カウンター, 
111,ロケットずつき, 
111,のろい, 
111,きしかいせい, 
111,マグニチュード, 
111,アイアンテール, 
111,かみくだく, 
111,ブレイククロー, 
111,メタルバースト, 
111,ドラゴンダイブ, 
111,かみなりのキバ, 
111,こおりのキバ, 
111,ほのおのキバ, 
111,ロッククライム, 
111,ガードシェア, 
111,たがやす, 
112,カウンター, 
112,ロケットずつき, 
112,のろい, 
112,きしかいせい, 
112,マグニチュード, 
112,アイアンテール, 
112,かみくだく, 
112,ブレイククロー, 
112,メタルバースト, 
112,ドラゴンダイブ, 
112,かみなりのキバ, 
112,こおりのキバ, 
112,ほのおのキバ, 
112,ロッククライム, 
112,ガードシェア, 
112,たがやす, 
113,カウンター, 
113,ちきゅうなげ, 
113,ゆびをふる, 
113,こらえる, 
113,いやしのすず, 
113,プレゼント, 
113,てだすけ, 
113,アロマセラピー, 
113,じゅうりょく, 
113,しぜんのめぐみ, 
113,とっておき, 
113,どろばくだん, 
114,メガドレイン, 
114,やどりぎのタネ, 
114,ねんりき, 
114,ドわすれ, 
114,じたばた, 
114,ギガドレイン, 
114,しぜんのちから, 
114,がむしゃら, 
114,しぜんのめぐみ, 
114,パワースワップ, 
114,リーフストーム, 
114,いかりのこな, 
115,ふみつけ, 
115,すてみタックル, 
115,かなしばり, 
115,カウンター, 
115,きあいだめ, 
115,みやぶる, 
115,さわぐ, 
115,きあいパンチ, 
115,がむしゃら, 
115,ブレイククロー, 
115,アームハンマー, 
115,きりふだ, 
115,ともえなげ, 
116,かまいたち, 
116,かなしばり, 
116,オーロラビーム, 
116,りゅうのいかり, 
116,はねる, 
116,じたばた, 
116,オクタンほう, 
116,げきりん, 
116,りゅうのいぶき, 
116,シグナルビーム, 
116,だくりゅう, 
116,みずのはどう, 
116,クリアスモッグ, 
117,かまいたち, 
117,かなしばり, 
117,オーロラビーム, 
117,りゅうのいかり, 
117,はねる, 
117,じたばた, 
117,オクタンほう, 
117,げきりん, 
117,りゅうのいぶき, 
117,シグナルビーム, 
117,だくりゅう, 
117,みずのはどう, 
117,クリアスモッグ, 
118,のしかかり, 
118,ハイドロポンプ, 
118,サイケこうせん, 
118,くろいきり, 
118,ロケットずつき, 
118,どろかけ, 
118,ねごと, 
118,どろあそび, 
118,シグナルビーム, 
118,マッドショット, 
118,アクアテール, 
119,のしかかり, 
119,ハイドロポンプ, 
119,サイケこうせん, 
119,くろいきり, 
119,ロケットずつき, 
119,どろかけ, 
119,ねごと, 
119,どろあそび, 
119,シグナルビーム, 
119,マッドショット, 
119,アクアテール, 
122,さいみんじゅつ, 
122,ものまね, 
122,あやしいひかり, 
122,こごえるかぜ, 
122,あまえる, 
122,みらいよち, 
122,ねこだまし, 
122,トリック, 
122,フラフラダンス, 
122,めざましビンタ, 
122,いやしのねがい, 
122,わるだくみ, 
122,パワーシェア, 
122,マジックルーム, 
123,かまいたち, 
123,カウンター, 
123,きしかいせい, 
123,こらえる, 
123,はがねのつばさ, 
123,バトンタッチ, 
123,ぎんいろのかぜ, 
123,つじぎり, 
123,むしのさざめき, 
123,きりばらい, 
123,ファストガード, 
124,れいとうパンチ, 
124,ヨガのポーズ, 
124,ねこだまし, 
124,ねがいごと, 
124,ミラクルアイ, 
124,めざましビンタ, 
124,わるだくみ, 
124,ゆうわく, 
125,からてチョップ, 
125,ほのおのパンチ, 
125,れいとうパンチ, 
125,まわしげり, 
125,ヨガのポーズ, 
125,バリアー, 
125,ばくれつパンチ, 
125,クロスチョップ, 
125,きあいパンチ, 
125,アームハンマー, 
125,フェイント, 
126,からてチョップ, 
126,メガトンパンチ, 
126,かみなりパンチ, 
126,いやなおと, 
126,バリアー, 
126,きあいだめ, 
126,マッハパンチ, 
126,はらだいこ, 
126,ばくれつパンチ, 
126,アイアンテール, 
126,クロスチョップ, 
126,フレアドライブ, 
126,ゲップ, 
127,みだれづき, 
127,でんこうせっか, 
127,じたばた, 
127,だましうち, 
127,ばかぢから, 
127,フェイント, 
127,インファイト, 
127,さきどり, 
127,むしくい, 
131,つのドリル, 
131,じわれ, 
131,のろい, 
131,みやぶる, 
131,ねごと, 
131,げんしのちから, 
131,みらいよち, 
131,うずしお, 
131,リフレッシュ, 
131,くすぐる, 
131,りゅうのまい, 
131,りゅうのはどう, 
131,ゆきなだれ, 
131,フリーズドライ, 
133,のろい, 
133,じたばた, 
133,みきり, 
133,こらえる, 
133,あまえる, 
133,ねがいごと, 
133,あくび, 
133,うそなき, 
133,くすぐる, 
133,ほしがる, 
133,しぜんのめぐみ, 
133,ゆうわく, 
133,シンクロノイズ, 
133,アシストパワー, 
134,のろい, 
134,じたばた, 
134,みきり, 
134,こらえる, 
134,あまえる, 
134,ねがいごと, 
134,あくび, 
134,うそなき, 
134,くすぐる, 
134,ほしがる, 
134,しぜんのめぐみ, 
134,ゆうわく, 
134,シンクロノイズ, 
134,アシストパワー, 
135,のろい, 
135,じたばた, 
135,みきり, 
135,こらえる, 
135,あまえる, 
135,ねがいごと, 
135,あくび, 
135,うそなき, 
135,くすぐる, 
135,ほしがる, 
135,しぜんのめぐみ, 
135,ゆうわく, 
135,シンクロノイズ, 
135,アシストパワー, 
136,のろい, 
136,じたばた, 
136,みきり, 
136,こらえる, 
136,あまえる, 
136,ねがいごと, 
136,あくび, 
136,うそなき, 
136,くすぐる, 
136,ほしがる, 
136,しぜんのめぐみ, 
136,ゆうわく, 
136,シンクロノイズ, 
136,アシストパワー, 
138,たたきつける, 
138,ちょうおんぱ, 
138,バブルこうせん, 
138,オーロラビーム, 
138,くろいきり, 
138,がまん, 
138,まきびし, 
138,うずしお, 
138,はたきおとす, 
138,だくりゅう, 
138,みずのはどう, 
138,しぼりとる, 
138,どくびし, 
138,ミラータイプ, 
139,たたきつける, 
139,ちょうおんぱ, 
139,バブルこうせん, 
139,オーロラビーム, 
139,くろいきり, 
139,がまん, 
139,まきびし, 
139,うずしお, 
139,はたきおとす, 
139,だくりゅう, 
139,みずのはどう, 
139,しぼりとる, 
139,どくびし, 
139,ミラータイプ, 
140,バブルこうせん, 
140,オーロラビーム, 
140,いやなおと, 
140,あやしいひかり, 
140,じたばた, 
140,みやぶる, 
140,こごえるかぜ, 
140,ギガドレイン, 
140,こうそくスピン, 
140,はたきおとす, 
140,マッドショット, 
141,バブルこうせん, 
141,オーロラビーム, 
141,いやなおと, 
141,あやしいひかり, 
141,じたばた, 
141,みやぶる, 
141,こごえるかぜ, 
141,ギガドレイン, 
141,こうそくスピン, 
141,はたきおとす, 
141,マッドショット, 
142,ふきとばし, 
142,のろい, 
142,みやぶる, 
142,はがねのつばさ, 
142,りゅうのいぶき, 
142,おいうち, 
142,はねやすめ, 
142,おいかぜ, 
142,ダメおし, 
142,ワイドガード, 
143,ふきとばし, 
143,すてみタックル, 
143,カウンター, 
143,じわれ, 
143,じばく, 
143,したでなめる, 
143,のろい, 
143,あまえる, 
143,おいうち, 
143,しぜんのめぐみ, 
143,しねんのずつき, 
143,おさきにどうぞ, 
143,ゲップ, 
147,ちょうおんぱ, 
147,しろいきり, 
147,くろいきり, 
147,りゅうのいぶき, 
147,アイアンテール, 
147,しんそく, 
147,りゅうのまい, 
147,みずのはどう, 
147,りゅうのはどう, 
147,ドラゴンダイブ, 
147,アクアジェット, 
148,ちょうおんぱ, 
148,しろいきり, 
148,くろいきり, 
148,りゅうのいぶき, 
148,アイアンテール, 
148,しんそく, 
148,りゅうのまい, 
148,みずのはどう, 
148,りゅうのはどう, 
148,ドラゴンダイブ, 
148,アクアジェット, 
149,ちょうおんぱ, 
149,しろいきり, 
149,くろいきり, 
149,りゅうのいぶき, 
149,アイアンテール, 
149,しんそく, 
149,りゅうのまい, 
149,みずのはどう, 
149,りゅうのはどう, 
149,ドラゴンダイブ, 
149,アクアジェット, 
152,つるのムチ, 
152,のしかかり, 
152,カウンター, 
152,やどりぎのタネ, 
152,じたばた, 
152,げんしのちから, 
152,しぜんのちから, 
152,ねをはる, 
152,リフレッシュ, 
152,アロマセラピー, 
152,くさぶえ, 
152,しぼりとる, 
152,リーフストーム, 
152,いやしのはどう, 
153,つるのムチ, 
153,のしかかり, 
153,カウンター, 
153,やどりぎのタネ, 
153,じたばた, 
153,げんしのちから, 
153,しぜんのちから, 
153,ねをはる, 
153,リフレッシュ, 
153,アロマセラピー, 
153,くさぶえ, 
153,しぼりとる, 
153,リーフストーム, 
153,いやしのはどう, 
154,つるのムチ, 
154,のしかかり, 
154,カウンター, 
154,やどりぎのタネ, 
154,じたばた, 
154,げんしのちから, 
154,しぜんのちから, 
154,ねをはる, 
154,リフレッシュ, 
154,アロマセラピー, 
154,くさぶえ, 
154,しぼりとる, 
154,リーフストーム, 
154,いやしのはどう, 
155,にどげり, 
155,あばれる, 
155,すてみタックル, 
155,でんこうせっか, 
155,みだれひっかき, 
155,きしかいせい, 
155,みやぶる, 
155,しぜんのちから, 
155,ブレイククロー, 
155,じんつうりき, 
155,とおぼえ, 
155,ほしがる, 
155,フレアドライブ, 
155,はじけるほのお, 
156,にどげり, 
156,あばれる, 
156,すてみタックル, 
156,でんこうせっか, 
156,みだれひっかき, 
156,きしかいせい, 
156,みやぶる, 
156,しぜんのちから, 
156,ブレイククロー, 
156,じんつうりき, 
156,とおぼえ, 
156,ほしがる, 
156,フレアドライブ, 
156,はじけるほのお, 
157,にどげり, 
157,あばれる, 
157,すてみタックル, 
157,でんこうせっか, 
157,みだれひっかき, 
157,きしかいせい, 
157,みやぶる, 
157,しぜんのちから, 
157,ブレイククロー, 
157,じんつうりき, 
157,とおぼえ, 
157,ほしがる, 
157,フレアドライブ, 
157,はじけるほのお, 
158,れいとうパンチ, 
158,あばれる, 
158,ハイドロポンプ, 
158,メタルクロー, 
158,かみくだく, 
158,げんしのちから, 
158,どろあそび, 
158,うそなき, 
158,とおせんぼう, 
158,みずあそび, 
158,りゅうのまい, 
158,みずのはどう, 
158,アクアジェット, 
159,れいとうパンチ, 
159,あばれる, 
159,ハイドロポンプ, 
159,メタルクロー, 
159,かみくだく, 
159,げんしのちから, 
159,どろあそび, 
159,うそなき, 
159,とおせんぼう, 
159,みずあそび, 
159,りゅうのまい, 
159,みずのはどう, 
159,アクアジェット, 
160,れいとうパンチ, 
160,あばれる, 
160,ハイドロポンプ, 
160,メタルクロー, 
160,かみくだく, 
160,げんしのちから, 
160,どろあそび, 
160,うそなき, 
160,とおせんぼう, 
160,みずあそび, 
160,りゅうのまい, 
160,みずのはどう, 
160,アクアジェット, 
161,すてみタックル, 
161,きあいだめ, 
161,きりさく, 
161,きしかいせい, 
161,あまえる, 
161,おいうち, 
161,アイアンテール, 
161,トリック, 
161,ねこのて, 
161,ほしがる, 
161,しぜんのめぐみ, 
161,とっておき, 
161,ゆうわく, 
162,すてみタックル, 
162,きあいだめ, 
162,きりさく, 
162,きしかいせい, 
162,あまえる, 
162,おいうち, 
162,アイアンテール, 
162,トリック, 
162,ねこのて, 
162,ほしがる, 
162,しぜんのめぐみ, 
162,とっておき, 
162,ゆうわく, 
163,つばさでうつ, 
163,ふきとばし, 
163,ちょうおんぱ, 
163,こうそくいどう, 
163,ナイトヘッド, 
163,オウムがえし, 
163,ゴッドバード, 
163,だましうち, 
163,フェザーダンス, 
163,きりばらい, 
164,つばさでうつ, 
164,ふきとばし, 
164,ちょうおんぱ, 
164,こうそくいどう, 
164,ナイトヘッド, 
164,オウムがえし, 
164,ゴッドバード, 
164,だましうち, 
164,フェザーダンス, 
164,きりばらい, 
165,サイケこうせん, 
165,いやなおと, 
165,がまん, 
165,ピヨピヨパンチ, 
165,アンコール, 
165,きあいパンチ, 
165,はたきおとす, 
165,ぎんいろのかぜ, 
165,おいかぜ, 
165,むしのさざめき, 
165,ドレインパンチ, 
165,むしくい, 
166,サイケこうせん, 
166,いやなおと, 
166,がまん, 
166,ピヨピヨパンチ, 
166,アンコール, 
166,きあいパンチ, 
166,はたきおとす, 
166,ぎんいろのかぜ, 
166,おいかぜ, 
166,むしのさざめき, 
166,ドレインパンチ, 
166,むしくい, 
167,ダブルニードル, 
167,ソニックブーム, 
167,かなしばり, 
167,サイケこうせん, 
167,メガホーン, 
167,バトンタッチ, 
167,おいうち, 
167,シグナルビーム, 
167,どくびし, 
167,つじぎり, 
167,いかりのこな, 
167,エレキネット, 
168,ダブルニードル, 
168,ソニックブーム, 
168,かなしばり, 
168,サイケこうせん, 
168,メガホーン, 
168,バトンタッチ, 
168,おいうち, 
168,シグナルビーム, 
168,どくびし, 
168,つじぎり, 
168,いかりのこな, 
168,エレキネット, 
169,かぜおこし, 
169,ふきとばし, 
169,さいみんじゅつ, 
169,でんこうせっか, 
169,のろい, 
169,だましうち, 
169,ギガドレイン, 
169,はがねのつばさ, 
169,おいうち, 
169,ブレイブバード, 
169,わるだくみ, 
169,しねんのずつき, 
169,きりばらい, 
169,ベノムトラップ, 
170,しろいきり, 
170,サイケこうせん, 
170,こうそくいどう, 
170,いやなおと, 
170,ドわすれ, 
170,じたばた, 
170,うずしお, 
170,でんげきは, 
170,みずのはどう, 
170,しおみず, 
170,みずびたし, 
171,しろいきり, 
171,サイケこうせん, 
171,こうそくいどう, 
171,いやなおと, 
171,ドわすれ, 
171,じたばた, 
171,うずしお, 
171,でんげきは, 
171,みずのはどう, 
171,しおみず, 
171,みずびたし, 
172,おうふくビンタ, 
172,かみなりパンチ, 
172,がまん, 
172,じたばた, 
172,きしかいせい, 
172,こらえる, 
172,プレゼント, 
172,アンコール, 
172,ねこだまし, 
172,じゅうでん, 
172,ねがいごと, 
172,くすぐる, 
172,おまじない, 
172,ギフトパス, 
172,チャームボイス, 
173,ものまね, 
173,ゆびをふる, 
173,ドわすれ, 
173,はねる, 
173,はらだいこ, 
173,プレゼント, 
173,ねがいごと, 
173,アロマセラピー, 
173,うそなき, 
173,くすぐる, 
173,ほしがる, 
173,アシストパワー, 
174,だましうち, 
174,ほろびのうた, 
174,ねごと, 
174,プレゼント, 
174,ねがいごと, 
174,うそなき, 
174,ほしがる, 
174,じゅうりょく, 
174,おしおき, 
174,とっておき, 
174,ゆうわく, 
174,いやしのはどう, 
174,ミストフィールド, 
175,つつく, 
175,オウムがえし, 
175,みやぶる, 
175,プレゼント, 
175,あさのひざし, 
175,みらいよち, 
175,ひみつのちから, 
175,じんつうりき, 
175,サイコシフト, 
175,おまじない, 
175,わるだくみ, 
175,アシストパワー, 
176,つつく, 
176,オウムがえし, 
176,みやぶる, 
176,プレゼント, 
176,あさのひざし, 
176,みらいよち, 
176,ひみつのちから, 
176,じんつうりき, 
176,サイコシフト, 
176,おまじない, 
176,わるだくみ, 
176,アシストパワー, 
177,ドリルくちばし, 
177,でんこうせっか, 
177,くろいきり, 
177,だましうち, 
177,はがねのつばさ, 
177,スキルスワップ, 
177,リフレッシュ, 
177,フェザーダンス, 
177,はねやすめ, 
177,ふいうち, 
177,しねんのずつき, 
177,シンクロノイズ, 
178,ドリルくちばし, 
178,でんこうせっか, 
178,くろいきり, 
178,だましうち, 
178,はがねのつばさ, 
178,スキルスワップ, 
178,リフレッシュ, 
178,フェザーダンス, 
178,はねやすめ, 
178,ふいうち, 
178,しねんのずつき, 
178,シンクロノイズ, 
179,すなかけ, 
179,のしかかり, 
179,とっしん, 
179,こうそくいどう, 
179,いやなおと, 
179,アイアンテール, 
179,おだてる, 
179,じゅうでん, 
179,かぎわける, 
179,おさきにどうぞ, 
179,かいでんぱ, 
179,エレキフィールド, 
180,すなかけ, 
180,のしかかり, 
180,とっしん, 
180,こうそくいどう, 
180,いやなおと, 
180,アイアンテール, 
180,おだてる, 
180,じゅうでん, 
180,かぎわける, 
180,おさきにどうぞ, 
180,かいでんぱ, 
180,エレキフィールド, 
181,すなかけ, 
181,のしかかり, 
181,とっしん, 
181,こうそくいどう, 
181,いやなおと, 
181,アイアンテール, 
181,おだてる, 
181,じゅうでん, 
181,かぎわける, 
181,おさきにどうぞ, 
181,かいでんぱ, 
181,エレキフィールド, 
182,はっぱカッター, 
182,じたばた, 
182,あまえる, 
182,こうごうせい, 
182,しぜんのちから, 
182,ねをはる, 
182,ひみつのちから, 
182,フラフラダンス, 
182,くすぐる, 
182,おさきにどうぞ, 
183,たたきつける, 
183,のしかかり, 
183,うたう, 
183,ちょうおんぱ, 
183,ドわすれ, 
183,はらだいこ, 
183,ほろびのうた, 
183,プレゼント, 
183,アンコール, 
183,みらいよち, 
183,ばかぢから, 
183,リフレッシュ, 
183,ほごしょく, 
183,うそなき, 
183,くすぐる, 
183,だくりゅう, 
183,みずあそび, 
183,まねっこ, 
183,アクアジェット, 
183,みずびたし, 
184,たたきつける, 
184,のしかかり, 
184,うたう, 
184,ちょうおんぱ, 
184,ドわすれ, 
184,はらだいこ, 
184,ほろびのうた, 
184,プレゼント, 
184,アンコール, 
184,みらいよち, 
184,ばかぢから, 
184,リフレッシュ, 
184,ほごしょく, 
184,うそなき, 
184,くすぐる, 
184,だくりゅう, 
184,みずあそび, 
184,まねっこ, 
184,アクアジェット, 
184,みずびたし, 
185,ずつき, 
185,かたくなる, 
185,まるくなる, 
185,じばく, 
185,のろい, 
185,こらえる, 
185,ころがる, 
185,すなじごく, 
185,ステルスロック, 
186,しろいきり, 
186,バブルこうせん, 
186,くろいきり, 
186,はねる, 
186,こころのめ, 
186,こらえる, 
186,アンコール, 
186,がむしゃら, 
186,リフレッシュ, 
186,アイスボール, 
186,マッドショット, 
186,みずあそび, 
186,みずのはどう, 
187,すてみタックル, 
187,ねんりき, 
187,ドわすれ, 
187,こらえる, 
187,アンコール, 
187,てだすけ, 
187,アロマセラピー, 
187,なやみのタネ, 
187,タネばくだん, 
187,コットンガード, 
187,グラスフィールド, 
188,すてみタックル, 
188,ねんりき, 
188,ドわすれ, 
188,こらえる, 
188,アンコール, 
188,てだすけ, 
188,アロマセラピー, 
188,なやみのタネ, 
188,タネばくだん, 
188,コットンガード, 
188,グラスフィールド, 
189,すてみタックル, 
189,ねんりき, 
189,ドわすれ, 
189,こらえる, 
189,アンコール, 
189,てだすけ, 
189,アロマセラピー, 
189,なやみのタネ, 
189,タネばくだん, 
189,コットンガード, 
189,グラスフィールド, 
190,おうふくビンタ, 
190,たたきつける, 
190,カウンター, 
190,こうそくいどう, 
190,いやなおと, 
190,うらみ, 
190,おいうち, 
190,ふくろだたき, 
190,ねこだまし, 
190,リベンジ, 
190,とびはねる, 
190,ほしがる, 
190,すりかえ, 
191,やどりぎのタネ, 
191,がまん, 
191,のろい, 
191,こらえる, 
191,アンコール, 
191,あまいかおり, 
191,あさのひざし, 
191,しぜんのちから, 
191,てだすけ, 
191,ねをはる, 
191,くさぶえ, 
191,しぜんのめぐみ, 
192,やどりぎのタネ, 
192,がまん, 
192,のろい, 
192,こらえる, 
192,アンコール, 
192,あまいかおり, 
192,あさのひざし, 
192,しぜんのちから, 
192,てだすけ, 
192,ねをはる, 
192,くさぶえ, 
192,しぜんのめぐみ, 
193,ふきとばし, 
193,すてみタックル, 
193,きゅうけつ, 
193,きしかいせい, 
193,だましうち, 
193,おいうち, 
193,ひみつのちから, 
193,ぎんいろのかぜ, 
193,シグナルビーム, 
193,フェイント, 
194,にどげり, 
194,のしかかり, 
194,カウンター, 
194,じこさいせい, 
194,のろい, 
194,ねごと, 
194,アンコール, 
194,げんしのちから, 
194,たくわえる, 
194,はきだす, 
194,のみこむ, 
194,どろあそび, 
194,ガードスワップ, 
194,アシッドボム, 
194,おさきにどうぞ, 
194,かいでんぱ, 
195,にどげり, 
195,のしかかり, 
195,カウンター, 
195,じこさいせい, 
195,のろい, 
195,ねごと, 
195,アンコール, 
195,げんしのちから, 
195,たくわえる, 
195,はきだす, 
195,のみこむ, 
195,どろあそび, 
195,ガードスワップ, 
195,アシッドボム, 
195,おさきにどうぞ, 
195,かいでんぱ, 
196,のろい, 
196,じたばた, 
196,みきり, 
196,こらえる, 
196,あまえる, 
196,ねがいごと, 
196,あくび, 
196,うそなき, 
196,くすぐる, 
196,ほしがる, 
196,しぜんのめぐみ, 
196,ゆうわく, 
196,シンクロノイズ, 
196,アシストパワー, 
197,のろい, 
197,じたばた, 
197,みきり, 
197,こらえる, 
197,あまえる, 
197,ねがいごと, 
197,あくび, 
197,うそなき, 
197,くすぐる, 
197,ほしがる, 
197,しぜんのめぐみ, 
197,ゆうわく, 
197,シンクロノイズ, 
197,アシストパワー, 
198,つばさでうつ, 
198,ふきとばし, 
198,ドリルくちばし, 
198,いやなおと, 
198,あやしいひかり, 
198,オウムがえし, 
198,ゴッドバード, 
198,だましうち, 
198,ほろびのうた, 
198,おだてる, 
198,フェザーダンス, 
198,はねやすめ, 
198,ダメおし, 
198,サイコシフト, 
198,ブレイブバード, 
199,ふみつけ, 
199,いびき, 
199,はらだいこ, 
199,ねごと, 
199,みらいよち, 
199,どろあそび, 
199,とおせんぼう, 
199,さきどり, 
199,しねんのずつき, 
199,ワンダールーム, 
199,ゲップ, 
200,いやなおと, 
200,のろい, 
200,うらみ, 
200,みちづれ, 
200,おきみやげ, 
200,スキルスワップ, 
200,ふういん, 
200,ふいうち, 
200,わるだくみ, 
200,かげうち, 
200,あやしいかぜ, 
200,ワンダールーム, 
203,かまいたち, 
203,にどげり, 
203,とっしん, 
203,ドわすれ, 
203,みやぶる, 
203,くろいまなざし, 
203,ミラーコート, 
203,みらいよち, 
203,ふくろだたき, 
203,ねがいごと, 
203,マジックコート, 
203,スキルスワップ, 
203,ひみつのちから, 
204,すてみタックル, 
204,ミサイルばり, 
204,カウンター, 
204,スピードスター, 
204,じたばた, 
204,こらえる, 
204,リベンジ, 
204,すなじごく, 
204,パワートリック, 
204,どくびし, 
204,ステルスロック, 
205,すてみタックル, 
205,ミサイルばり, 
205,カウンター, 
205,スピードスター, 
205,じたばた, 
205,こらえる, 
205,リベンジ, 
205,すなじごく, 
205,パワートリック, 
205,どくびし, 
205,ステルスロック, 
206,ずつき, 
206,かみつく, 
206,こうそくいどう, 
206,がまん, 
206,いびき, 
206,のろい, 
206,ねごと, 
206,げんしのちから, 
206,マジックコート, 
206,ひみつのちから, 
206,おどろかす, 
206,きりふだ, 
206,たたりめ, 
207,かまいたち, 
207,つばさでうつ, 
207,すてみタックル, 
207,カウンター, 
207,こうそくいどう, 
207,バトンタッチ, 
207,メタルクロー, 
207,すなじごく, 
207,ポイズンテール, 
207,フェイント, 
207,パワートリック, 
207,つじぎり, 
207,ロッククライム, 
207,クロスポイズン, 
208,まるくなる, 
208,じたばた, 
208,ころがる, 
208,とおせんぼう, 
208,ロックブラスト, 
208,ロッククライム, 
208,ステルスロック, 
208,ヘビーボンバー, 
208,たがやす, 
209,すてみタックル, 
209,ものまね, 
209,ゆびをふる, 
209,いびき, 
209,だましうち, 
209,いやしのすず, 
209,プレゼント, 
209,かみくだく, 
209,きあいパンチ, 
209,きつけ, 
209,うそなき, 
209,インファイト, 
209,かみなりのキバ, 
209,こおりのキバ, 
209,ほのおのキバ, 
210,すてみタックル, 
210,ものまね, 
210,ゆびをふる, 
210,いびき, 
210,だましうち, 
210,いやしのすず, 
210,プレゼント, 
210,かみくだく, 
210,きあいパンチ, 
210,きつけ, 
210,うそなき, 
210,インファイト, 
210,かみなりのキバ, 
210,こおりのキバ, 
210,ほのおのキバ, 
211,ちょうおんぱ, 
211,バブルこうせん, 
211,くろいきり, 
211,じたばた, 
211,おどろかす, 
211,シグナルビーム, 
211,みずのはどう, 
211,しおみず, 
211,アクアジェット, 
211,アシッドボム, 
212,かまいたち, 
212,カウンター, 
212,きしかいせい, 
212,こらえる, 
212,はがねのつばさ, 
212,バトンタッチ, 
212,ぎんいろのかぜ, 
212,つじぎり, 
212,むしのさざめき, 
212,きりばらい, 
212,ファストガード, 
213,ようかいえき, 
213,どろかけ, 
213,あまいかおり, 
213,てだすけ, 
213,はたきおとす, 
213,すなじごく, 
213,ロックブラスト, 
213,つぼをつく, 
213,いのちがけ, 
214,すてみタックル, 
214,ちきゅうなげ, 
214,かたくなる, 
214,がまん, 
214,じたばた, 
214,メガホーン, 
214,おいうち, 
214,きあいパンチ, 
214,リベンジ, 
214,ロックブラスト, 
215,れいとうパンチ, 
215,かみつく, 
215,カウンター, 
215,うらみ, 
215,みやぶる, 
215,おいうち, 
215,ねこだまし, 
215,ねこのて, 
215,ブレイククロー, 
215,フェイント, 
215,おしおき, 
215,ゆきなだれ, 
215,こおりのつぶて, 
215,ダブルアタック, 
215,つららおとし, 
216,とっしん, 
216,すてみタックル, 
216,カウンター, 
216,ちきゅうなげ, 
216,はらだいこ, 
216,ねごと, 
216,メタルクロー, 
216,クロスチョップ, 
216,かみくだく, 
216,あくび, 
216,うそなき, 
216,インファイト, 
216,つじぎり, 
216,なしくずし, 
216,じゃれつく, 
217,とっしん, 
217,すてみタックル, 
217,カウンター, 
217,ちきゅうなげ, 
217,はらだいこ, 
217,ねごと, 
217,メタルクロー, 
217,クロスチョップ, 
217,かみくだく, 
217,あくび, 
217,うそなき, 
217,インファイト, 
217,つじぎり, 
217,なしくずし, 
217,じゃれつく, 
218,えんまく, 
218,とける, 
218,のろい, 
218,ころがる, 
218,たくわえる, 
218,はきだす, 
218,のみこむ, 
218,ねっぷう, 
218,おきみやげ, 
218,ガードスワップ, 
218,だいちのちから, 
218,れんごく, 
219,えんまく, 
219,とける, 
219,のろい, 
219,ころがる, 
219,たくわえる, 
219,はきだす, 
219,のみこむ, 
219,ねっぷう, 
219,おきみやげ, 
219,ガードスワップ, 
219,だいちのちから, 
219,れんごく, 
220,のしかかり, 
220,とっしん, 
220,すてみタックル, 
220,かみつく, 
220,じわれ, 
220,のろい, 
220,げんしのちから, 
220,つららばり, 
220,マッドショット, 
220,ゆきなだれ, 
220,ステルスロック, 
220,つららおとし, 
220,フリーズドライ, 
221,のしかかり, 
221,とっしん, 
221,すてみタックル, 
221,かみつく, 
221,じわれ, 
221,のろい, 
221,げんしのちから, 
221,つららばり, 
221,マッドショット, 
221,ゆきなだれ, 
221,ステルスロック, 
221,つららおとし, 
221,フリーズドライ, 
222,しろいきり, 
222,いやなおと, 
222,あやしいひかり, 
222,バリアー, 
222,がまん, 
222,ドわすれ, 
222,のろい, 
222,しぜんのちから, 
222,ねをはる, 
222,ほごしょく, 
222,つららばり, 
222,みずのはどう, 
222,アクアリング, 
222,もろはのずつき, 
223,ちょうおんぱ, 
223,オーロラビーム, 
223,いやなおと, 
223,くろいきり, 
223,スピードスター, 
223,いびき, 
223,じたばた, 
223,オクタンほう, 
223,しおふき, 
223,マッドショット, 
223,ロックブラスト, 
223,みずのはどう, 
223,アシッドボム, 
223,なかまづくり, 
224,ちょうおんぱ, 
224,オーロラビーム, 
224,いやなおと, 
224,くろいきり, 
224,スピードスター, 
224,いびき, 
224,じたばた, 
224,オクタンほう, 
224,しおふき, 
224,マッドショット, 
224,ロックブラスト, 
224,みずのはどう, 
224,アシッドボム, 
224,なかまづくり, 
225,れいとうパンチ, 
225,オーロラビーム, 
225,でんこうせっか, 
225,はねる, 
225,まきびし, 
225,みちづれ, 
225,こごえるかぜ, 
225,こうそくスピン, 
225,みらいよち, 
225,ねこだまし, 
225,アイスボール, 
225,こおりのつぶて, 
225,ギフトパス, 
225,フリーズドライ, 
226,たたきつける, 
226,ハイドロポンプ, 
226,くろいきり, 
226,ドわすれ, 
226,はねる, 
226,たつまき, 
226,ミラーコート, 
226,どろあそび, 
226,シグナルビーム, 
226,みずあそび, 
226,おいかぜ, 
226,ワイドガード, 
227,ふきとばし, 
227,ドリルくちばし, 
227,ゴッドバード, 
227,のろい, 
227,こらえる, 
227,おいうち, 
227,ダメおし, 
227,ガードスワップ, 
227,ブレイブバード, 
227,ステルスロック, 
228,カウンター, 
228,ほのおのうず, 
228,いかり, 
228,きしかいせい, 
228,うらみ, 
228,みちづれ, 
228,おいうち, 
228,ふくろだたき, 
228,フェイント, 
228,おしおき, 
228,ふいうち, 
228,わるだくみ, 
228,かみなりのキバ, 
228,ほのおのキバ, 
229,カウンター, 
229,ほのおのうず, 
229,いかり, 
229,きしかいせい, 
229,うらみ, 
229,みちづれ, 
229,おいうち, 
229,ふくろだたき, 
229,フェイント, 
229,おしおき, 
229,ふいうち, 
229,わるだくみ, 
229,かみなりのキバ, 
229,ほのおのキバ, 
230,かまいたち, 
230,かなしばり, 
230,オーロラビーム, 
230,りゅうのいかり, 
230,はねる, 
230,じたばた, 
230,オクタンほう, 
230,げきりん, 
230,りゅうのいぶき, 
230,シグナルビーム, 
230,だくりゅう, 
230,みずのはどう, 
230,クリアスモッグ, 
231,のしかかり, 
231,カウンター, 
231,じわれ, 
231,きあいだめ, 
231,いびき, 
231,どろかけ, 
231,げんしのちから, 
231,がむしゃら, 
231,こおりのつぶて, 
231,もろはのずつき, 
231,ヘビーボンバー, 
232,のしかかり, 
232,カウンター, 
232,じわれ, 
232,きあいだめ, 
232,いびき, 
232,どろかけ, 
232,げんしのちから, 
232,がむしゃら, 
232,こおりのつぶて, 
232,もろはのずつき, 
232,ヘビーボンバー, 
234,にどげり, 
234,あばれる, 
234,かみつく, 
234,かなしばり, 
234,いかり, 
234,うらみ, 
234,メガホーン, 
234,どろあそび, 
234,じんつうりき, 
234,さきどり, 
234,しねんのずつき, 
236,カウンター, 
236,とびひざげり, 
236,こころのめ, 
236,マッハパンチ, 
236,こらえる, 
236,おいうち, 
236,こうそくスピン, 
236,てだすけ, 
236,フェイント, 
236,しんくうは, 
236,バレットパンチ, 
237,カウンター, 
237,とびひざげり, 
237,こころのめ, 
237,マッハパンチ, 
237,こらえる, 
237,おいうち, 
237,こうそくスピン, 
237,てだすけ, 
237,フェイント, 
237,しんくうは, 
237,バレットパンチ, 
238,れいとうパンチ, 
238,ヨガのポーズ, 
238,ねこだまし, 
238,ねがいごと, 
238,ミラクルアイ, 
238,めざましビンタ, 
238,わるだくみ, 
238,ゆうわく, 
239,からてチョップ, 
239,ほのおのパンチ, 
239,れいとうパンチ, 
239,まわしげり, 
239,ヨガのポーズ, 
239,バリアー, 
239,ばくれつパンチ, 
239,クロスチョップ, 
239,きあいパンチ, 
239,アームハンマー, 
239,フェイント, 
240,からてチョップ, 
240,メガトンパンチ, 
240,かみなりパンチ, 
240,いやなおと, 
240,バリアー, 
240,きあいだめ, 
240,マッハパンチ, 
240,はらだいこ, 
240,ばくれつパンチ, 
240,アイアンテール, 
240,クロスチョップ, 
240,フレアドライブ, 
240,ゲップ, 
241,すてみタックル, 
241,ちきゅうなげ, 
241,ピヨピヨパンチ, 
241,のろい, 
241,きしかいせい, 
241,こらえる, 
241,ねごと, 
241,プレゼント, 
241,てだすけ, 
241,アームハンマー, 
241,しぜんのめぐみ, 
241,おしおき, 
241,ハートスタンプ, 
241,ゲップ, 
242,カウンター, 
242,ちきゅうなげ, 
242,ゆびをふる, 
242,こらえる, 
242,いやしのすず, 
242,プレゼント, 
242,てだすけ, 
242,アロマセラピー, 
242,じゅうりょく, 
242,しぜんのめぐみ, 
242,とっておき, 
242,どろばくだん, 
246,ふみつけ, 
246,きあいだめ, 
246,のろい, 
246,げきりん, 
246,おいうち, 
246,アイアンテール, 
246,げんしのちから, 
246,てっぺき, 
246,りゅうのまい, 
246,ダメおし, 
246,アイアンヘッド, 
246,ステルスロック, 
247,ふみつけ, 
247,きあいだめ, 
247,のろい, 
247,げきりん, 
247,おいうち, 
247,アイアンテール, 
247,げんしのちから, 
247,てっぺき, 
247,りゅうのまい, 
247,ダメおし, 
247,アイアンヘッド, 
247,ステルスロック, 
248,ふみつけ, 
248,きあいだめ, 
248,のろい, 
248,げきりん, 
248,おいうち, 
248,アイアンテール, 
248,げんしのちから, 
248,てっぺき, 
248,りゅうのまい, 
248,ダメおし, 
248,アイアンヘッド, 
248,ステルスロック, 
252,かまいたち, 
252,にどげり, 
252,やどりぎのタネ, 
252,りゅうのいぶき, 
252,こうごうせい, 
252,かみくだく, 
252,がむしゃら, 
252,どろあそび, 
252,ブレイククロー, 
252,くさぶえ, 
252,タネマシンガン, 
252,マジカルリーフ, 
252,しぜんのめぐみ, 
252,なやみのタネ, 
252,リーフストーム, 
253,かまいたち, 
253,にどげり, 
253,やどりぎのタネ, 
253,りゅうのいぶき, 
253,こうごうせい, 
253,かみくだく, 
253,がむしゃら, 
253,どろあそび, 
253,ブレイククロー, 
253,くさぶえ, 
253,タネマシンガン, 
253,マジカルリーフ, 
253,しぜんのめぐみ, 
253,なやみのタネ, 
253,リーフストーム, 
254,かまいたち, 
254,にどげり, 
254,やどりぎのタネ, 
254,りゅうのいぶき, 
254,こうごうせい, 
254,かみくだく, 
254,がむしゃら, 
254,どろあそび, 
254,ブレイククロー, 
254,くさぶえ, 
254,タネマシンガン, 
254,マジカルリーフ, 
254,しぜんのめぐみ, 
254,なやみのタネ, 
254,リーフストーム, 
255,けたぐり, 
255,カウンター, 
255,こうそくいどう, 
255,のろい, 
255,きしかいせい, 
255,こらえる, 
255,バトンタッチ, 
255,きつけ, 
255,フェザーダンス, 
255,ブレイククロー, 
255,フェイント, 
255,とっておき, 
255,つじぎり, 
255,はじけるほのお, 
256,けたぐり, 
256,カウンター, 
256,こうそくいどう, 
256,のろい, 
256,きしかいせい, 
256,こらえる, 
256,バトンタッチ, 
256,きつけ, 
256,フェザーダンス, 
256,ブレイククロー, 
256,フェイント, 
256,とっておき, 
256,つじぎり, 
256,はじけるほのお, 
257,けたぐり, 
257,カウンター, 
257,こうそくいどう, 
257,のろい, 
257,きしかいせい, 
257,こらえる, 
257,バトンタッチ, 
257,きつけ, 
257,フェザーダンス, 
257,ブレイククロー, 
257,フェイント, 
257,とっておき, 
257,つじぎり, 
257,はじけるほのお, 
258,ふみつけ, 
258,すてみタックル, 
258,かみつく, 
258,カウンター, 
258,ヘドロこうげき, 
258,のろい, 
258,ミラーコート, 
258,げんしのちから, 
258,うずしお, 
258,さわぐ, 
258,あくび, 
258,リフレッシュ, 
258,アイスボール, 
258,ゆきなだれ, 
258,どろばくだん, 
258,ワイドガード, 
259,ふみつけ, 
259,すてみタックル, 
259,かみつく, 
259,カウンター, 
259,ヘドロこうげき, 
259,のろい, 
259,ミラーコート, 
259,げんしのちから, 
259,うずしお, 
259,さわぐ, 
259,あくび, 
259,リフレッシュ, 
259,アイスボール, 
259,ゆきなだれ, 
259,どろばくだん, 
259,ワイドガード, 
260,ふみつけ, 
260,すてみタックル, 
260,かみつく, 
260,カウンター, 
260,ヘドロこうげき, 
260,のろい, 
260,ミラーコート, 
260,げんしのちから, 
260,うずしお, 
260,さわぐ, 
260,あくび, 
260,リフレッシュ, 
260,アイスボール, 
260,ゆきなだれ, 
260,どろばくだん, 
260,ワイドガード, 
261,にらみつける, 
261,ねごと, 
261,あくび, 
261,よこどり, 
261,どくどくのキバ, 
261,おどろかす, 
261,ほしがる, 
261,さきどり, 
261,ふいうち, 
261,かみなりのキバ, 
261,こおりのキバ, 
261,ほのおのキバ, 
261,じゃれつく, 
262,にらみつける, 
262,ねごと, 
262,あくび, 
262,よこどり, 
262,どくどくのキバ, 
262,おどろかす, 
262,ほしがる, 
262,さきどり, 
262,ふいうち, 
262,かみなりのキバ, 
262,こおりのキバ, 
262,ほのおのキバ, 
262,じゃれつく, 
263,どろかけ, 
263,あまえる, 
263,ねごと, 
263,おいうち, 
263,てだすけ, 
263,トリック, 
263,くすぐる, 
263,ロッククライム, 
263,シンプルビーム, 
264,どろかけ, 
264,あまえる, 
264,ねごと, 
264,おいうち, 
264,てだすけ, 
264,トリック, 
264,くすぐる, 
264,ロッククライム, 
264,シンプルビーム, 
270,みずでっぽう, 
270,カウンター, 
270,やどりぎのタネ, 
270,はっぱカッター, 
270,じたばた, 
270,ギガドレイン, 
270,あまいかおり, 
270,こうごうせい, 
270,フラフラダンス, 
270,くすぐる, 
271,みずでっぽう, 
271,カウンター, 
271,やどりぎのタネ, 
271,はっぱカッター, 
271,じたばた, 
271,ギガドレイン, 
271,あまいかおり, 
271,こうごうせい, 
271,フラフラダンス, 
271,くすぐる, 
272,みずでっぽう, 
272,カウンター, 
272,やどりぎのタネ, 
272,はっぱカッター, 
272,じたばた, 
272,ギガドレイン, 
272,あまいかおり, 
272,こうごうせい, 
272,フラフラダンス, 
272,くすぐる, 
273,かまいたち, 
273,とっしん, 
273,やどりぎのタネ, 
273,でんこうせっか, 
273,ドわすれ, 
273,ふくろだたき, 
273,タネマシンガン, 
273,パワースワップ, 
273,なやみのタネ, 
273,わるだくみ, 
273,きりばらい, 
273,イカサマ, 
274,かまいたち, 
274,とっしん, 
274,やどりぎのタネ, 
274,でんこうせっか, 
274,ドわすれ, 
274,ふくろだたき, 
274,タネマシンガン, 
274,パワースワップ, 
274,なやみのタネ, 
274,わるだくみ, 
274,きりばらい, 
274,イカサマ, 
275,かまいたち, 
275,とっしん, 
275,やどりぎのタネ, 
275,でんこうせっか, 
275,ドわすれ, 
275,ふくろだたき, 
275,タネマシンガン, 
275,パワースワップ, 
275,なやみのタネ, 
275,わるだくみ, 
275,きりばらい, 
275,イカサマ, 
276,ふきとばし, 
276,ちょうおんぱ, 
276,いかり, 
276,オウムがえし, 
276,ゴッドバード, 
276,はがねのつばさ, 
276,おいうち, 
276,リフレッシュ, 
276,はねやすめ, 
276,ブレイブバード, 
276,きりばらい, 
276,ばくおんぱ, 
277,ふきとばし, 
277,ちょうおんぱ, 
277,いかり, 
277,オウムがえし, 
277,ゴッドバード, 
277,はがねのつばさ, 
277,おいうち, 
277,リフレッシュ, 
277,はねやすめ, 
277,ブレイブバード, 
277,きりばらい, 
277,ばくおんぱ, 
278,かぜおこし, 
278,しろいきり, 
278,こうそくいどう, 
278,たつまき, 
278,はたきおとす, 
278,みずあそび, 
278,はねやすめ, 
278,しおみず, 
278,アクアリング, 
278,ワイドガード, 
278,みずびたし, 
279,かぜおこし, 
279,しろいきり, 
279,こうそくいどう, 
279,たつまき, 
279,はたきおとす, 
279,みずあそび, 
279,はねやすめ, 
279,しおみず, 
279,アクアリング, 
279,ワイドガード, 
279,みずびたし, 
280,かなしばり, 
280,あやしいひかり, 
280,みちづれ, 
280,くろいまなざし, 
280,アンコール, 
280,おきみやげ, 
280,スキルスワップ, 
280,おんねん, 
280,かげうち, 
280,シンクロノイズ, 
280,サイドチェンジ, 
280,ミストフィールド, 
281,かなしばり, 
281,あやしいひかり, 
281,みちづれ, 
281,くろいまなざし, 
281,アンコール, 
281,おきみやげ, 
281,スキルスワップ, 
281,おんねん, 
281,かげうち, 
281,シンクロノイズ, 
281,サイドチェンジ, 
281,ミストフィールド, 
282,かなしばり, 
282,あやしいひかり, 
282,みちづれ, 
282,くろいまなざし, 
282,アンコール, 
282,おきみやげ, 
282,スキルスワップ, 
282,おんねん, 
282,かげうち, 
282,シンクロノイズ, 
282,サイドチェンジ, 
282,ミストフィールド, 
283,ハイドロポンプ, 
283,サイケこうせん, 
283,こころのめ, 
283,みやぶる, 
283,こらえる, 
283,シグナルビーム, 
283,マッドショット, 
283,むしくい, 
283,アクアジェット, 
283,パワーシェア, 
283,とどめばり, 
284,ハイドロポンプ, 
284,サイケこうせん, 
284,こころのめ, 
284,みやぶる, 
284,こらえる, 
284,シグナルビーム, 
284,マッドショット, 
284,むしくい, 
284,アクアジェット, 
284,パワーシェア, 
284,とどめばり, 
285,あまえる, 
285,きあいパンチ, 
285,てだすけ, 
285,うそなき, 
285,タネマシンガン, 
285,めざましビンタ, 
285,しぜんのめぐみ, 
285,なやみのタネ, 
285,タネばくだん, 
285,ドレインパンチ, 
286,あまえる, 
286,きあいパンチ, 
286,てだすけ, 
286,うそなき, 
286,タネマシンガン, 
286,めざましビンタ, 
286,しぜんのめぐみ, 
286,なやみのタネ, 
286,タネばくだん, 
286,ドレインパンチ, 
287,のしかかり, 
287,きりさく, 
287,いびき, 
287,のろい, 
287,ねごと, 
287,おいうち, 
287,ブレイククロー, 
287,くすぐる, 
287,アームハンマー, 
287,つじぎり, 
287,おさきにどうぞ, 
288,のしかかり, 
288,きりさく, 
288,いびき, 
288,のろい, 
288,ねごと, 
288,おいうち, 
288,ブレイククロー, 
288,くすぐる, 
288,アームハンマー, 
288,つじぎり, 
288,おさきにどうぞ, 
289,のしかかり, 
289,きりさく, 
289,いびき, 
289,のろい, 
289,ねごと, 
289,おいうち, 
289,ブレイククロー, 
289,くすぐる, 
289,アームハンマー, 
289,つじぎり, 
289,おさきにどうぞ, 
290,かぜおこし, 
290,だましうち, 
290,こらえる, 
290,ぎんいろのかぜ, 
290,つじぎり, 
290,むしのさざめき, 
290,むしくい, 
290,いのちがけ, 
291,かぜおこし, 
291,だましうち, 
291,こらえる, 
291,ぎんいろのかぜ, 
291,つじぎり, 
291,むしのさざめき, 
291,むしくい, 
291,いのちがけ, 
292,かぜおこし, 
292,だましうち, 
292,こらえる, 
292,ぎんいろのかぜ, 
292,つじぎり, 
292,むしのさざめき, 
292,むしくい, 
292,いのちがけ, 
293,とっしん, 
293,えんまく, 
293,いびき, 
293,きつけ, 
293,がむしゃら, 
293,うそなき, 
293,じんつうりき, 
293,アームハンマー, 
293,ともえなげ, 
293,チャームボイス, 
294,とっしん, 
294,えんまく, 
294,いびき, 
294,きつけ, 
294,がむしゃら, 
294,うそなき, 
294,じんつうりき, 
294,アームハンマー, 
294,ともえなげ, 
294,チャームボイス, 
295,とっしん, 
295,えんまく, 
295,いびき, 
295,きつけ, 
295,がむしゃら, 
295,うそなき, 
295,じんつうりき, 
295,アームハンマー, 
295,ともえなげ, 
295,チャームボイス, 
296,カウンター, 
296,だましうち, 
296,みやぶる, 
296,みきり, 
296,ばくれつパンチ, 
296,クロスチョップ, 
296,きあいパンチ, 
296,てだすけ, 
296,リベンジ, 
296,めざましビンタ, 
296,フェイント, 
296,バレットパンチ, 
296,ワイドガード, 
296,なしくずし, 
297,カウンター, 
297,だましうち, 
297,みやぶる, 
297,みきり, 
297,ばくれつパンチ, 
297,クロスチョップ, 
297,きあいパンチ, 
297,てだすけ, 
297,リベンジ, 
297,めざましビンタ, 
297,フェイント, 
297,バレットパンチ, 
297,ワイドガード, 
297,なしくずし, 
298,たたきつける, 
298,のしかかり, 
298,うたう, 
298,アンコール, 
298,リフレッシュ, 
298,ほごしょく, 
298,うそなき, 
298,くすぐる, 
298,だくりゅう, 
298,みずあそび, 
298,まねっこ, 
298,みずびたし, 
299,すてみタックル, 
299,こらえる, 
299,ころがる, 
299,マグニチュード, 
299,とおせんぼう, 
299,ステルスロック, 
299,ワイドガード, 
300,バトンタッチ, 
300,ねこだまし, 
300,さわぐ, 
300,てだすけ, 
300,ねがいごと, 
300,うそなき, 
300,くすぐる, 
300,コスモパワー, 
300,とっておき, 
300,ふいうち, 
300,どろばくだん, 
300,しねんのずつき, 
300,ゆうわく, 
300,シンプルビーム, 
301,バトンタッチ, 
301,ねこだまし, 
301,さわぐ, 
301,てだすけ, 
301,ねがいごと, 
301,うそなき, 
301,くすぐる, 
301,コスモパワー, 
301,とっておき, 
301,ふいうち, 
301,どろばくだん, 
301,しねんのずつき, 
301,ゆうわく, 
301,シンプルビーム, 
302,じこさいせい, 
302,くろいまなざし, 
302,つきのひかり, 
302,おだてる, 
302,トリック, 
302,ふういん, 
302,フェイント, 
302,メタルバースト, 
302,ふいうち, 
302,わるだくみ, 
302,ゆうわく, 
303,たたきつける, 
303,ちきゅうなげ, 
303,げんしのちから, 
303,どくどくのキバ, 
303,くすぐる, 
303,メタルバースト, 
303,ガードスワップ, 
303,おしおき, 
303,ふいうち, 
303,かみなりのキバ, 
303,こおりのキバ, 
303,ほのおのキバ, 
303,ゆうわく, 
303,ミストフィールド, 
304,ふみつけ, 
304,のしかかり, 
304,いやなおと, 
304,のろい, 
304,きしかいせい, 
304,きつけ, 
304,ばかぢから, 
304,がむしゃら, 
304,ドラゴンダイブ, 
304,アイアンヘッド, 
304,ステルスロック, 
304,もろはのずつき, 
305,ふみつけ, 
305,のしかかり, 
305,いやなおと, 
305,のろい, 
305,きしかいせい, 
305,きつけ, 
305,ばかぢから, 
305,がむしゃら, 
305,ドラゴンダイブ, 
305,アイアンヘッド, 
305,ステルスロック, 
305,もろはのずつき, 
306,ふみつけ, 
306,のしかかり, 
306,いやなおと, 
306,のろい, 
306,きしかいせい, 
306,きつけ, 
306,ばかぢから, 
306,がむしゃら, 
306,ドラゴンダイブ, 
306,アイアンヘッド, 
306,ステルスロック, 
306,もろはのずつき, 
307,ほのおのパンチ, 
307,れいとうパンチ, 
307,かみなりパンチ, 
307,みやぶる, 
307,ばくれつパンチ, 
307,バトンタッチ, 
307,ねこだまし, 
307,ひみつのちから, 
307,パワースワップ, 
307,ガードスワップ, 
307,ドレインパンチ, 
307,バレットパンチ, 
307,サイコカッター, 
307,ファストガード, 
308,ほのおのパンチ, 
308,れいとうパンチ, 
308,かみなりパンチ, 
308,みやぶる, 
308,ばくれつパンチ, 
308,バトンタッチ, 
308,ねこだまし, 
308,ひみつのちから, 
308,パワースワップ, 
308,ガードスワップ, 
308,ドレインパンチ, 
308,バレットパンチ, 
308,サイコカッター, 
308,ファストガード, 
309,ずつき, 
309,スピードスター, 
309,のろい, 
309,かみくだく, 
309,さわぐ, 
309,でんげきは, 
309,すりかえ, 
309,かみなりのキバ, 
309,こおりのキバ, 
309,ほのおのキバ, 
309,ほうでん, 
309,はじけるほのお, 
309,エレキボール, 
309,かいでんぱ, 
310,ずつき, 
310,スピードスター, 
310,のろい, 
310,かみくだく, 
310,さわぐ, 
310,でんげきは, 
310,すりかえ, 
310,かみなりのキバ, 
310,こおりのキバ, 
310,ほのおのキバ, 
310,ほうでん, 
310,はじけるほのお, 
310,エレキボール, 
310,かいでんぱ, 
311,うたう, 
311,てんしのキッス, 
311,ねがいごと, 
311,おまじない, 
311,ほうでん, 
312,うたう, 
312,てんしのキッス, 
312,ねがいごと, 
312,おまじない, 
312,ほうでん, 
313,ちきゅうなげ, 
313,ピヨピヨパンチ, 
313,バトンタッチ, 
313,アンコール, 
313,トリック, 
313,ぎんいろのかぜ, 
313,むしのさざめき, 
314,せいちょう, 
314,あやしいひかり, 
314,バトンタッチ, 
314,アンコール, 
314,うそなき, 
314,ぎんいろのかぜ, 
314,むしのさざめき, 
314,ゆうわく, 
315,ミサイルばり, 
315,はっぱカッター, 
315,ねむりごな, 
315,こころのめ, 
315,わたほうし, 
315,まきびし, 
315,ギガドレイン, 
315,こうごうせい, 
315,くさぶえ, 
315,じんつうりき, 
315,タネマシンガン, 
315,しぜんのめぐみ, 
315,タネばくだん, 
315,リーフストーム, 
316,スモッグ, 
316,とける, 
316,のろい, 
316,どろかけ, 
316,みちづれ, 
316,いたみわけ, 
316,ダストシュート, 
316,ベノムトラップ, 
317,スモッグ, 
317,とける, 
317,のろい, 
317,どろかけ, 
317,みちづれ, 
317,いたみわけ, 
317,ダストシュート, 
317,ベノムトラップ, 
318,あばれる, 
318,すてみタックル, 
318,ハイドロポンプ, 
318,スピードスター, 
318,みちづれ, 
318,げんしのちから, 
318,しおみず, 
319,あばれる, 
319,すてみタックル, 
319,ハイドロポンプ, 
319,スピードスター, 
319,みちづれ, 
319,げんしのちから, 
319,しおみず, 
320,のしかかり, 
320,あばれる, 
320,すてみタックル, 
320,じわれ, 
320,まるくなる, 
320,いびき, 
320,のろい, 
320,ねごと, 
320,くすぐる, 
320,アクアリング, 
320,しねんのずつき, 
320,みずびたし, 
320,クリアスモッグ, 
321,のしかかり, 
321,あばれる, 
321,すてみタックル, 
321,じわれ, 
321,まるくなる, 
321,いびき, 
321,のろい, 
321,ねごと, 
321,くすぐる, 
321,アクアリング, 
321,しねんのずつき, 
321,みずびたし, 
321,クリアスモッグ, 
322,ふみつけ, 
322,のしかかり, 
322,まるくなる, 
322,こわいかお, 
322,こらえる, 
322,ころがる, 
322,げんしのちから, 
322,たくわえる, 
322,はきだす, 
322,のみこむ, 
322,ねっぷう, 
322,あくび, 
322,とおぼえ, 
322,どろばくだん, 
322,アイアンヘッド, 
323,ふみつけ, 
323,のしかかり, 
323,まるくなる, 
323,こわいかお, 
323,こらえる, 
323,ころがる, 
323,げんしのちから, 
323,たくわえる, 
323,はきだす, 
323,のみこむ, 
323,ねっぷう, 
323,あくび, 
323,とおぼえ, 
323,どろばくだん, 
323,アイアンヘッド, 
324,じわれ, 
324,ロケットずつき, 
324,こらえる, 
324,ねごと, 
324,ばかぢから, 
324,あくび, 
324,ふんか, 
324,はじけるほのお, 
324,クリアスモッグ, 
325,ふきとばし, 
325,ドわすれ, 
325,こらえる, 
325,ミラーコート, 
325,みらいよち, 
325,トリック, 
325,スキルスワップ, 
325,じんつうりき, 
325,おまじない, 
325,しねんのずつき, 
325,シンプルビーム, 
326,ふきとばし, 
326,ドわすれ, 
326,こらえる, 
326,ミラーコート, 
326,みらいよち, 
326,トリック, 
326,スキルスワップ, 
326,じんつうりき, 
326,おまじない, 
326,しねんのずつき, 
326,シンプルビーム, 
327,かなしばり, 
327,こごえるかぜ, 
327,バトンタッチ, 
327,アンコール, 
327,こうそくスピン, 
327,ねこだまし, 
327,きつけ, 
327,トリック, 
327,なりきり, 
327,ねがいごと, 
327,ねこのて, 
327,うそなき, 
327,みずのはどう, 
327,サイコシフト, 
327,サイコカッター, 
327,ガードシェア, 
328,かぜおこし, 
328,でんこうせっか, 
328,きあいだめ, 
328,じたばた, 
328,こらえる, 
328,れんぞくぎり, 
328,シグナルビーム, 
328,マッドショット, 
328,だいちのちから, 
328,むしくい, 
329,かぜおこし, 
329,でんこうせっか, 
329,きあいだめ, 
329,じたばた, 
329,こらえる, 
329,れんぞくぎり, 
329,シグナルビーム, 
329,マッドショット, 
329,だいちのちから, 
329,むしくい, 
330,かぜおこし, 
330,でんこうせっか, 
330,きあいだめ, 
330,じたばた, 
330,こらえる, 
330,れんぞくぎり, 
330,シグナルビーム, 
330,マッドショット, 
330,だいちのちから, 
330,むしくい, 
331,かなしばり, 
331,ようかいえき, 
331,けたぐり, 
331,カウンター, 
331,ばくれつパンチ, 
331,きつけ, 
331,フラフラダンス, 
331,くさぶえ, 
331,とおせんぼう, 
331,マジカルリーフ, 
331,なやみのタネ, 
331,タネばくだん, 
331,すりかえ, 
331,わるだくみ, 
331,ゲップ, 
332,かなしばり, 
332,ようかいえき, 
332,けたぐり, 
332,カウンター, 
332,ばくれつパンチ, 
332,きつけ, 
332,フラフラダンス, 
332,くさぶえ, 
332,とおせんぼう, 
332,マジカルリーフ, 
332,なやみのタネ, 
332,タネばくだん, 
332,すりかえ, 
332,わるだくみ, 
332,ゲップ, 
333,こうそくいどう, 
333,いかり, 
333,くろいきり, 
333,はがねのつばさ, 
333,おいうち, 
333,フェザーダンス, 
333,ハイパーボイス, 
333,はねやすめ, 
333,パワースワップ, 
333,ドラゴンダイブ, 
334,こうそくいどう, 
334,いかり, 
334,くろいきり, 
334,はがねのつばさ, 
334,おいうち, 
334,フェザーダンス, 
334,ハイパーボイス, 
334,はねやすめ, 
334,パワースワップ, 
334,ドラゴンダイブ, 
335,かまいたち, 
335,にどげり, 
335,かなしばり, 
335,カウンター, 
335,みだれひっかき, 
335,のろい, 
335,じたばた, 
335,アイアンテール, 
335,メタルクロー, 
335,フェイント, 
335,つじぎり, 
335,ダブルアタック, 
335,ファストガード, 
335,いのちがけ, 
336,のしかかり, 
336,こわいかお, 
336,アイアンテール, 
336,たくわえる, 
336,はきだす, 
336,のみこむ, 
336,ダメおし, 
336,しぼりとる, 
336,おしおき, 
336,つじぎり, 
336,すりかえ, 
336,いのちがけ, 
339,とっしん, 
339,あばれる, 
339,ハイドロポンプ, 
339,じたばた, 
339,スパーク, 
339,うずしお, 
339,だくりゅう, 
339,マッドショット, 
339,りゅうのまい, 
339,だいちのちから, 
340,とっしん, 
340,あばれる, 
340,ハイドロポンプ, 
340,じたばた, 
340,スパーク, 
340,うずしお, 
340,だくりゅう, 
340,マッドショット, 
340,りゅうのまい, 
340,だいちのちから, 
341,のしかかり, 
341,すてみタックル, 
341,メタルクロー, 
341,げんしのちから, 
341,ばかぢから, 
341,はたきおとす, 
341,がむしゃら, 
341,どろあそび, 
341,りゅうのまい, 
341,きりふだ, 
341,すりかえ, 
341,アクアジェット, 
341,なしくずし, 
342,のしかかり, 
342,すてみタックル, 
342,メタルクロー, 
342,げんしのちから, 
342,ばかぢから, 
342,はたきおとす, 
342,がむしゃら, 
342,どろあそび, 
342,りゅうのまい, 
342,きりふだ, 
342,すりかえ, 
342,アクアジェット, 
342,なしくずし, 
345,メガドレイン, 
345,じこさいせい, 
345,バリアー, 
345,のろい, 
345,こらえる, 
345,ミラーコート, 
345,くすぐる, 
345,しぼりとる, 
345,ステルスロック, 
346,メガドレイン, 
346,じこさいせい, 
346,バリアー, 
346,のろい, 
346,こらえる, 
346,ミラーコート, 
346,くすぐる, 
346,しぼりとる, 
346,ステルスロック, 
347,すなかけ, 
347,いやなおと, 
347,のろい, 
347,こうそくスピン, 
347,はたきおとす, 
347,てっぺき, 
347,みずのはどう, 
347,クロスポイズン, 
348,すなかけ, 
348,いやなおと, 
348,のろい, 
348,こうそくスピン, 
348,はたきおとす, 
348,てっぺき, 
348,みずのはどう, 
348,クロスポイズン, 
349,しろいきり, 
349,さいみんじゅつ, 
349,あやしいひかり, 
349,くろいきり, 
349,りゅうのいぶき, 
349,アイアンテール, 
349,ミラーコート, 
349,どろあそび, 
349,くすぐる, 
349,しおみず, 
349,りゅうのはどう, 
349,ゆうわく, 
350,しろいきり, 
350,さいみんじゅつ, 
350,あやしいひかり, 
350,くろいきり, 
350,りゅうのいぶき, 
350,アイアンテール, 
350,ミラーコート, 
350,どろあそび, 
350,くすぐる, 
350,しおみず, 
350,りゅうのはどう, 
350,ゆうわく, 
351,かなしばり, 
351,ドわすれ, 
351,みらいよち, 
351,おまじない, 
351,あやしいかぜ, 
351,クリアスモッグ, 
351,たたりめ, 
352,かなしばり, 
352,じこさいせい, 
352,ピヨピヨパンチ, 
352,ねこだまし, 
352,トリック, 
352,マジックコート, 
352,スキルスワップ, 
352,よこどり, 
352,ほごしょく, 
352,わるだくみ, 
352,イカサマ, 
353,かなしばり, 
353,あやしいひかり, 
353,みやぶる, 
353,みちづれ, 
353,おいうち, 
353,ふういん, 
353,おどろかす, 
353,かげうち, 
353,ダストシュート, 
353,あやしいかぜ, 
353,ゴーストダイブ, 
354,かなしばり, 
354,あやしいひかり, 
354,みやぶる, 
354,みちづれ, 
354,おいうち, 
354,ふういん, 
354,おどろかす, 
354,かげうち, 
354,ダストシュート, 
354,あやしいかぜ, 
354,ゴーストダイブ, 
355,だましうち, 
355,みちづれ, 
355,いたみわけ, 
355,おきみやげ, 
355,スキルスワップ, 
355,ふういん, 
355,おんねん, 
355,あくのはどう, 
355,あやしいかぜ, 
356,だましうち, 
356,みちづれ, 
356,いたみわけ, 
356,おきみやげ, 
356,スキルスワップ, 
356,ふういん, 
356,おんねん, 
356,あくのはどう, 
356,あやしいかぜ, 
357,かまいたち, 
357,たたきつける, 
357,ずつき, 
357,やどりぎのタネ, 
357,のろい, 
357,こうごうせい, 
357,しぜんのちから, 
357,タネマシンガン, 
357,リーフブレード, 
357,りゅうのまい, 
357,しぜんのめぐみ, 
357,リーフストーム, 
358,かなしばり, 
358,さいみんじゅつ, 
358,じこさいせい, 
358,のろい, 
358,みらいよち, 
358,ねがいごと, 
358,スキルスワップ, 
358,コスモパワー, 
358,アシストパワー, 
359,すてみタックル, 
359,のろい, 
359,だましうち, 
359,ほろびのうた, 
359,くろいまなざし, 
359,メガホーン, 
359,バトンタッチ, 
359,マジックコート, 
359,ダメおし, 
359,さきどり, 
359,おしおき, 
359,ふいうち, 
359,しねんのずつき, 
359,たたりめ, 
359,じゃれつく, 
361,かなしばり, 
361,がまん, 
361,まきびし, 
361,ころがる, 
361,ウェザーボール, 
361,うそなき, 
361,とおせんぼう, 
361,ゆきなだれ, 
361,たたりめ, 
362,かなしばり, 
362,がまん, 
362,まきびし, 
362,ころがる, 
362,ウェザーボール, 
362,うそなき, 
362,とおせんぼう, 
362,ゆきなだれ, 
362,たたりめ, 
363,じわれ, 
363,のろい, 
363,はらだいこ, 
363,ころがる, 
363,ねごと, 
363,たくわえる, 
363,はきだす, 
363,のみこむ, 
363,あくび, 
363,シグナルビーム, 
363,みずあそび, 
363,みずのはどう, 
363,アクアリング, 
364,じわれ, 
364,のろい, 
364,はらだいこ, 
364,ころがる, 
364,ねごと, 
364,たくわえる, 
364,はきだす, 
364,のみこむ, 
364,あくび, 
364,シグナルビーム, 
364,みずあそび, 
364,みずのはどう, 
364,アクアリング, 
365,じわれ, 
365,のろい, 
365,はらだいこ, 
365,ころがる, 
365,ねごと, 
365,たくわえる, 
365,はきだす, 
365,のみこむ, 
365,あくび, 
365,シグナルビーム, 
365,みずあそび, 
365,みずのはどう, 
365,アクアリング, 
366,のしかかり, 
366,ちょうおんぱ, 
366,あやしいひかり, 
366,バリアー, 
366,こらえる, 
366,リフレッシュ, 
366,どろあそび, 
366,だくりゅう, 
366,みずのはどう, 
366,しおみず, 
366,アクアリング, 
367,のしかかり, 
367,ちょうおんぱ, 
367,あやしいひかり, 
367,バリアー, 
367,こらえる, 
367,リフレッシュ, 
367,どろあそび, 
367,だくりゅう, 
367,みずのはどう, 
367,しおみず, 
367,アクアリング, 
368,のしかかり, 
368,ちょうおんぱ, 
368,あやしいひかり, 
368,バリアー, 
368,こらえる, 
368,リフレッシュ, 
368,どろあそび, 
368,だくりゅう, 
368,みずのはどう, 
368,しおみず, 
368,アクアリング, 
369,ロケットずつき, 
369,ドわすれ, 
369,いびき, 
369,どろかけ, 
369,ねごと, 
369,マグニチュード, 
369,だくりゅう, 
369,マッドショット, 
369,みずあそび, 
369,しおみず, 
369,アクアテール, 
369,しねんのずつき, 
370,ちょうおんぱ, 
370,はねる, 
370,どろあそび, 
370,みずあそび, 
370,しおみず, 
370,アクアリング, 
370,ゆうわく, 
370,アクアジェット, 
370,なかまづくり, 
370,いやしのはどう, 
371,あばれる, 
371,ハイドロポンプ, 
371,りゅうのいかり, 
371,まるくなる, 
371,こらえる, 
371,たつまき, 
371,りゅうのまい, 
371,りゅうのはどう, 
371,ドラゴンダイブ, 
371,ほのおのキバ, 
372,あばれる, 
372,ハイドロポンプ, 
372,りゅうのいかり, 
372,まるくなる, 
372,こらえる, 
372,たつまき, 
372,りゅうのまい, 
372,りゅうのはどう, 
372,ドラゴンダイブ, 
372,ほのおのキバ, 
373,あばれる, 
373,ハイドロポンプ, 
373,りゅうのいかり, 
373,まるくなる, 
373,こらえる, 
373,たつまき, 
373,りゅうのまい, 
373,りゅうのはどう, 
373,ドラゴンダイブ, 
373,ほのおのキバ, 
387,のしかかり, 
387,あばれる, 
387,すてみタックル, 
387,せいちょう, 
387,ドわすれ, 
387,たくわえる, 
387,はきだす, 
387,のみこむ, 
387,ばかぢから, 
387,くすぐる, 
387,すなじごく, 
387,なやみのタネ, 
387,タネばくだん, 
387,だいちのちから, 
387,ワイドガード, 
388,のしかかり, 
388,あばれる, 
388,すてみタックル, 
388,せいちょう, 
388,ドわすれ, 
388,たくわえる, 
388,はきだす, 
388,のみこむ, 
388,ばかぢから, 
388,くすぐる, 
388,すなじごく, 
388,なやみのタネ, 
388,タネばくだん, 
388,だいちのちから, 
388,ワイドガード, 
389,のしかかり, 
389,あばれる, 
389,すてみタックル, 
389,せいちょう, 
389,ドわすれ, 
389,たくわえる, 
389,はきだす, 
389,のみこむ, 
389,ばかぢから, 
389,くすぐる, 
389,すなじごく, 
389,なやみのタネ, 
389,タネばくだん, 
389,だいちのちから, 
389,ワイドガード, 
390,ほのおのパンチ, 
390,かみなりパンチ, 
390,にどげり, 
390,じごくぐるま, 
390,カウンター, 
390,きあいだめ, 
390,アンコール, 
390,ねこだまし, 
390,ねっぷう, 
390,きあいパンチ, 
390,てだすけ, 
390,ねこのて, 
390,ブレイズキック, 
390,ファストガード, 
391,ほのおのパンチ, 
391,かみなりパンチ, 
391,にどげり, 
391,じごくぐるま, 
391,カウンター, 
391,きあいだめ, 
391,アンコール, 
391,ねこだまし, 
391,ねっぷう, 
391,きあいパンチ, 
391,てだすけ, 
391,ねこのて, 
391,ブレイズキック, 
391,ファストガード, 
392,ほのおのパンチ, 
392,かみなりパンチ, 
392,にどげり, 
392,じごくぐるま, 
392,カウンター, 
392,きあいだめ, 
392,アンコール, 
392,ねこだまし, 
392,ねっぷう, 
392,きあいパンチ, 
392,てだすけ, 
392,ねこのて, 
392,ブレイズキック, 
392,ファストガード, 
393,ちょうおんぱ, 
393,ハイドロポンプ, 
393,こうそくいどう, 
393,がまん, 
393,いびき, 
393,じたばた, 
393,どろかけ, 
393,こごえるかぜ, 
393,あくび, 
393,フェザーダンス, 
393,どろあそび, 
393,アクアリング, 
393,ダブルアタック, 
394,ちょうおんぱ, 
394,ハイドロポンプ, 
394,こうそくいどう, 
394,がまん, 
394,いびき, 
394,じたばた, 
394,どろかけ, 
394,こごえるかぜ, 
394,あくび, 
394,フェザーダンス, 
394,どろあそび, 
394,アクアリング, 
394,ダブルアタック, 
395,ちょうおんぱ, 
395,ハイドロポンプ, 
395,こうそくいどう, 
395,がまん, 
395,いびき, 
395,じたばた, 
395,どろかけ, 
395,こごえるかぜ, 
395,あくび, 
395,フェザーダンス, 
395,どろあそび, 
395,アクアリング, 
395,ダブルアタック, 
396,すなかけ, 
396,みだれづき, 
396,すてみタックル, 
396,オウムがえし, 
396,みやぶる, 
396,みきり, 
396,はがねのつばさ, 
396,おいうち, 
396,さわぐ, 
396,リベンジ, 
396,フェザーダンス, 
396,おどろかす, 
396,はねやすめ, 
397,すなかけ, 
397,みだれづき, 
397,すてみタックル, 
397,オウムがえし, 
397,みやぶる, 
397,みきり, 
397,はがねのつばさ, 
397,おいうち, 
397,さわぐ, 
397,リベンジ, 
397,フェザーダンス, 
397,おどろかす, 
397,はねやすめ, 
398,すなかけ, 
398,みだれづき, 
398,すてみタックル, 
398,オウムがえし, 
398,みやぶる, 
398,みきり, 
398,はがねのつばさ, 
398,おいうち, 
398,さわぐ, 
398,リベンジ, 
398,フェザーダンス, 
398,おどろかす, 
398,はねやすめ, 
399,すてみタックル, 
399,でんこうせっか, 
399,まるくなる, 
399,ロケットずつき, 
399,みだれひっかき, 
399,こらえる, 
399,ころがる, 
399,ねごと, 
399,かぎわける, 
399,みずあそび, 
399,アクアテール, 
399,ロッククライム, 
400,すてみタックル, 
400,でんこうせっか, 
400,まるくなる, 
400,ロケットずつき, 
400,みだれひっかき, 
400,こらえる, 
400,ころがる, 
400,ねごと, 
400,かぎわける, 
400,みずあそび, 
400,アクアテール, 
400,ロッククライム, 
403,にどげり, 
403,とっしん, 
403,でんこうせっか, 
403,スピードスター, 
403,てだすけ, 
403,シグナルビーム, 
403,とおぼえ, 
403,でんげきは, 
403,つじぎり, 
403,かみなりのキバ, 
403,こおりのキバ, 
403,ほのおのキバ, 
403,かいでんぱ, 
404,にどげり, 
404,とっしん, 
404,でんこうせっか, 
404,スピードスター, 
404,てだすけ, 
404,シグナルビーム, 
404,とおぼえ, 
404,でんげきは, 
404,つじぎり, 
404,かみなりのキバ, 
404,こおりのキバ, 
404,ほのおのキバ, 
404,かいでんぱ, 
405,にどげり, 
405,とっしん, 
405,でんこうせっか, 
405,スピードスター, 
405,てだすけ, 
405,シグナルビーム, 
405,とおぼえ, 
405,でんげきは, 
405,つじぎり, 
405,かみなりのキバ, 
405,こおりのキバ, 
405,ほのおのキバ, 
405,かいでんぱ, 
406,ミサイルばり, 
406,はっぱカッター, 
406,ねむりごな, 
406,こころのめ, 
406,わたほうし, 
406,まきびし, 
406,ギガドレイン, 
406,こうごうせい, 
406,くさぶえ, 
406,じんつうりき, 
406,しぜんのめぐみ, 
406,タネばくだん, 
406,リーフストーム, 
407,ミサイルばり, 
407,はっぱカッター, 
407,ねむりごな, 
407,こころのめ, 
407,わたほうし, 
407,まきびし, 
407,ギガドレイン, 
407,こうごうせい, 
407,くさぶえ, 
407,じんつうりき, 
407,タネマシンガン, 
407,しぜんのめぐみ, 
407,タネばくだん, 
407,リーフストーム, 
408,ふきとばし, 
408,たたきつける, 
408,ふみつけ, 
408,あばれる, 
408,すてみタックル, 
408,にらみつける, 
408,のろい, 
408,アイアンテール, 
408,かみくだく, 
408,アームハンマー, 
408,アイアンヘッド, 
409,ふきとばし, 
409,たたきつける, 
409,ふみつけ, 
409,あばれる, 
409,すてみタックル, 
409,にらみつける, 
409,のろい, 
409,アイアンテール, 
409,かみくだく, 
409,アームハンマー, 
409,アイアンヘッド, 
410,ずつき, 
410,のしかかり, 
410,すてみタックル, 
410,カウンター, 
410,じわれ, 
410,いやなおと, 
410,きあいだめ, 
410,のろい, 
410,こわいかお, 
410,ロックブラスト, 
410,ステルスロック, 
410,ワイドガード, 
411,ずつき, 
411,のしかかり, 
411,すてみタックル, 
411,カウンター, 
411,じわれ, 
411,いやなおと, 
411,きあいだめ, 
411,のろい, 
411,こわいかお, 
411,ロックブラスト, 
411,ステルスロック, 
411,ワイドガード, 
417,しっぽをふる, 
417,かみつく, 
417,まるくなる, 
417,じたばた, 
417,ころがる, 
417,アイアンテール, 
417,おだてる, 
417,このゆびとまれ, 
417,じゅうでん, 
417,うそなき, 
417,ほしがる, 
417,ギフトパス, 
417,プラズマシャワー, 
418,おうふくビンタ, 
418,ずつき, 
418,みだれひっかき, 
418,きりさく, 
418,どろかけ, 
418,れんぞくぎり, 
418,バトンタッチ, 
418,かぎわける, 
418,さきどり, 
418,アクアリング, 
418,アクアテール, 
418,すりかえ, 
418,みずびたし, 
418,スイープビンタ, 
419,おうふくビンタ, 
419,ずつき, 
419,みだれひっかき, 
419,きりさく, 
419,どろかけ, 
419,れんぞくぎり, 
419,バトンタッチ, 
419,かぎわける, 
419,さきどり, 
419,アクアリング, 
419,アクアテール, 
419,すりかえ, 
419,みずびたし, 
419,スイープビンタ, 
420,はっぱカッター, 
420,まるくなる, 
420,ころがる, 
420,あまいかおり, 
420,しぜんのちから, 
420,ウェザーボール, 
420,アロマセラピー, 
420,くさぶえ, 
420,くすぐる, 
420,いやしのねがい, 
420,しぜんのめぐみ, 
420,タネばくだん, 
420,いやしのはどう, 
421,はっぱカッター, 
421,まるくなる, 
421,ころがる, 
421,あまいかおり, 
421,しぜんのちから, 
421,ウェザーボール, 
421,アロマセラピー, 
421,くさぶえ, 
421,くすぐる, 
421,いやしのねがい, 
421,しぜんのめぐみ, 
421,タネばくだん, 
421,いやしのはどう, 
422,しろいきり, 
422,カウンター, 
422,じわれ, 
422,ヘドロこうげき, 
422,ドわすれ, 
422,とける, 
422,のろい, 
422,ミラーコート, 
422,たくわえる, 
422,はきだす, 
422,のみこむ, 
422,おきみやげ, 
422,あくび, 
422,しおみず, 
422,きりふだ, 
422,クリアスモッグ, 
423,しろいきり, 
423,カウンター, 
423,じわれ, 
423,ヘドロこうげき, 
423,ドわすれ, 
423,とける, 
423,のろい, 
423,ミラーコート, 
423,たくわえる, 
423,はきだす, 
423,のみこむ, 
423,おきみやげ, 
423,あくび, 
423,しおみず, 
423,きりふだ, 
423,クリアスモッグ, 
424,おうふくビンタ, 
424,たたきつける, 
424,カウンター, 
424,こうそくいどう, 
424,いやなおと, 
424,うらみ, 
424,おいうち, 
424,ふくろだたき, 
424,ねこだまし, 
424,リベンジ, 
424,とびはねる, 
424,ほしがる, 
424,すりかえ, 
425,のしかかり, 
425,かなしばり, 
425,さいみんじゅつ, 
425,くろいきり, 
425,みちづれ, 
425,おきみやげ, 
425,ウェザーボール, 
425,おいかぜ, 
425,きりばらい, 
425,クリアスモッグ, 
426,のしかかり, 
426,かなしばり, 
426,さいみんじゅつ, 
426,くろいきり, 
426,みちづれ, 
426,おきみやげ, 
426,ウェザーボール, 
426,おいかぜ, 
426,きりばらい, 
426,クリアスモッグ, 
427,ほのおのパンチ, 
427,れいとうパンチ, 
427,かみなりパンチ, 
427,けたぐり, 
427,じたばた, 
427,てんしのキッス, 
427,アンコール, 
427,ねこだまし, 
427,きあいパンチ, 
427,うそなき, 
427,スカイアッパー, 
427,まねっこ, 
427,すりかえ, 
427,ダブルアタック, 
427,ともえなげ, 
428,ほのおのパンチ, 
428,れいとうパンチ, 
428,かみなりパンチ, 
428,けたぐり, 
428,じたばた, 
428,てんしのキッス, 
428,アンコール, 
428,ねこだまし, 
428,きあいパンチ, 
428,うそなき, 
428,スカイアッパー, 
428,まねっこ, 
428,すりかえ, 
428,ダブルアタック, 
428,ともえなげ, 
429,いやなおと, 
429,のろい, 
429,うらみ, 
429,みちづれ, 
429,おきみやげ, 
429,スキルスワップ, 
429,ふういん, 
429,ふいうち, 
429,わるだくみ, 
429,かげうち, 
429,あやしいかぜ, 
429,ワンダールーム, 
430,つばさでうつ, 
430,ふきとばし, 
430,ドリルくちばし, 
430,いやなおと, 
430,あやしいひかり, 
430,オウムがえし, 
430,ゴッドバード, 
430,だましうち, 
430,ほろびのうた, 
430,おだてる, 
430,フェザーダンス, 
430,はねやすめ, 
430,ダメおし, 
430,サイコシフト, 
430,ブレイブバード, 
431,すなかけ, 
431,しっぽをふる, 
431,かみつく, 
431,でんこうせっか, 
431,じたばた, 
431,よこどり, 
431,うそなき, 
431,めざましビンタ, 
431,ダメおし, 
431,とっておき, 
432,すなかけ, 
432,しっぽをふる, 
432,かみつく, 
432,でんこうせっか, 
432,じたばた, 
432,よこどり, 
432,うそなき, 
432,めざましビンタ, 
432,ダメおし, 
432,とっておき, 
433,かなしばり, 
433,さいみんじゅつ, 
433,じこさいせい, 
433,のろい, 
433,みらいよち, 
433,ねがいごと, 
433,スキルスワップ, 
433,コスモパワー, 
433,アシストパワー, 
434,すてみタックル, 
434,にらみつける, 
434,くろいきり, 
434,スモッグ, 
434,こわいかお, 
434,おいうち, 
434,アイアンテール, 
434,かみくだく, 
434,おどろかす, 
434,おしおき, 
434,はじけるほのお, 
434,イカサマ, 
434,じゃれつく, 
435,すてみタックル, 
435,にらみつける, 
435,くろいきり, 
435,スモッグ, 
435,こわいかお, 
435,おいうち, 
435,アイアンテール, 
435,かみくだく, 
435,おどろかす, 
435,おしおき, 
435,はじけるほのお, 
435,イカサマ, 
435,じゃれつく, 
438,ずつき, 
438,かたくなる, 
438,まるくなる, 
438,じばく, 
438,のろい, 
438,こらえる, 
438,ころがる, 
438,すなじごく, 
438,ステルスロック, 
439,さいみんじゅつ, 
439,ものまね, 
439,あやしいひかり, 
439,こごえるかぜ, 
439,あまえる, 
439,みらいよち, 
439,ねこだまし, 
439,トリック, 
439,フラフラダンス, 
439,めざましビンタ, 
439,いやしのねがい, 
439,わるだくみ, 
439,パワーシェア, 
439,マジックルーム, 
440,カウンター, 
440,ゆびをふる, 
440,こらえる, 
440,いやしのすず, 
440,プレゼント, 
440,てだすけ, 
440,アロマセラピー, 
440,じゅうりょく, 
440,しぜんのめぐみ, 
440,とっておき, 
440,どろばくだん, 
441,ちょうおんぱ, 
441,こうそくいどう, 
441,ナイトヘッド, 
441,はがねのつばさ, 
441,ねごと, 
441,アンコール, 
441,エアカッター, 
441,わるだくみ, 
441,きりばらい, 
441,ばくおんぱ, 
442,えんまく, 
442,あくむ, 
442,みちづれ, 
442,いたみわけ, 
442,ふういん, 
442,おんねん, 
442,かげうち, 
442,ゆうわく, 
443,のしかかり, 
443,あばれる, 
443,すてみタックル, 
443,こわいかお, 
443,げきりん, 
443,りゅうのいぶき, 
443,アイアンテール, 
443,メタルクロー, 
443,たつまき, 
443,すなじごく, 
443,マッドショット, 
443,ロッククライム, 
443,アイアンヘッド, 
444,のしかかり, 
444,あばれる, 
444,すてみタックル, 
444,こわいかお, 
444,げきりん, 
444,りゅうのいぶき, 
444,アイアンテール, 
444,メタルクロー, 
444,たつまき, 
444,すなじごく, 
444,マッドショット, 
444,ロッククライム, 
444,アイアンヘッド, 
445,のしかかり, 
445,あばれる, 
445,すてみタックル, 
445,こわいかお, 
445,げきりん, 
445,りゅうのいぶき, 
445,アイアンテール, 
445,メタルクロー, 
445,たつまき, 
445,すなじごく, 
445,マッドショット, 
445,ロッククライム, 
445,アイアンヘッド, 
446,ふきとばし, 
446,すてみタックル, 
446,カウンター, 
446,じばく, 
446,したでなめる, 
446,のろい, 
446,あまえる, 
446,おいうち, 
446,しぜんのめぐみ, 
446,しねんのずつき, 
446,おさきにどうぞ, 
446,ゲップ, 
447,かみつく, 
447,けたぐり, 
447,こうそくいどう, 
447,とびひざげり, 
447,こころのめ, 
447,みきり, 
447,クロスチョップ, 
447,かみくだく, 
447,このゆびとまれ, 
447,ブレイズキック, 
447,スカイアッパー, 
447,てっぺき, 
447,しんくうは, 
447,バレットパンチ, 
447,ともえなげ, 
448,かみつく, 
448,けたぐり, 
448,こうそくいどう, 
448,とびひざげり, 
448,こころのめ, 
448,みきり, 
448,クロスチョップ, 
448,かみくだく, 
448,このゆびとまれ, 
448,ブレイズキック, 
448,スカイアッパー, 
448,てっぺき, 
448,しんくうは, 
448,バレットパンチ, 
448,ともえなげ, 
449,ふきとばし, 
449,のしかかり, 
449,のろい, 
449,ねごと, 
449,たくわえる, 
449,はきだす, 
449,のみこむ, 
449,リベンジ, 
449,なまける, 
449,すなじごく, 
450,ふきとばし, 
450,のしかかり, 
450,のろい, 
450,ねごと, 
450,たくわえる, 
450,はきだす, 
450,のみこむ, 
450,リベンジ, 
450,なまける, 
450,すなじごく, 
451,ふきとばし, 
451,すなかけ, 
451,ダブルニードル, 
451,こうそくいどう, 
451,いやなおと, 
451,あやしいひかり, 
451,きりさく, 
451,だましうち, 
451,おいうち, 
451,アイアンテール, 
451,ポイズンテール, 
451,つじぎり, 
452,ふきとばし, 
452,すなかけ, 
452,ダブルニードル, 
452,こうそくいどう, 
452,いやなおと, 
452,あやしいひかり, 
452,きりさく, 
452,だましうち, 
452,おいうち, 
452,アイアンテール, 
452,ポイズンテール, 
452,つじぎり, 
453,ずつき, 
453,カウンター, 
453,ヨガのポーズ, 
453,ばくれつパンチ, 
453,クロスチョップ, 
453,ねこだまし, 
453,きつけ, 
453,めざましビンタ, 
453,フェイント, 
453,つぼをつく, 
453,さきどり, 
453,ドレインパンチ, 
453,しんくうは, 
453,バレットパンチ, 
453,ファストガード, 
454,ずつき, 
454,カウンター, 
454,ヨガのポーズ, 
454,ばくれつパンチ, 
454,クロスチョップ, 
454,ねこだまし, 
454,きつけ, 
454,めざましビンタ, 
454,フェイント, 
454,つぼをつく, 
454,さきどり, 
454,ドレインパンチ, 
454,しんくうは, 
454,バレットパンチ, 
454,ファストガード, 
455,たたきつける, 
455,やどりぎのタネ, 
455,はっぱカッター, 
455,しびれごな, 
455,ねむりごな, 
455,ギガドレイン, 
455,こうごうせい, 
455,くさぶえ, 
455,マジカルリーフ, 
455,なやみのタネ, 
455,いかりのこな, 
456,サイケこうせん, 
456,オーロラビーム, 
456,こうそくいどう, 
456,はねる, 
456,じたばた, 
456,てんしのキッス, 
456,あまえる, 
456,くすぐる, 
456,シグナルビーム, 
456,しおみず, 
456,アクアテール, 
457,サイケこうせん, 
457,オーロラビーム, 
457,こうそくいどう, 
457,はねる, 
457,じたばた, 
457,てんしのキッス, 
457,あまえる, 
457,くすぐる, 
457,シグナルビーム, 
457,しおみず, 
457,アクアテール, 
458,たたきつける, 
458,ハイドロポンプ, 
458,くろいきり, 
458,ドわすれ, 
458,はねる, 
458,たつまき, 
458,ミラーコート, 
458,どろあそび, 
458,シグナルビーム, 
458,みずあそび, 
458,おいかぜ, 
458,ワイドガード, 
459,ふみつけ, 
459,すてみタックル, 
459,しろいきり, 
459,やどりぎのタネ, 
459,せいちょう, 
459,ロケットずつき, 
459,タネマシンガン, 
459,マジカルリーフ, 
459,しぜんのめぐみ, 
459,タネばくだん, 
459,ゆきなだれ, 
460,ふみつけ, 
460,すてみタックル, 
460,しろいきり, 
460,やどりぎのタネ, 
460,せいちょう, 
460,ロケットずつき, 
460,タネマシンガン, 
460,マジカルリーフ, 
460,しぜんのめぐみ, 
460,タネばくだん, 
460,ゆきなだれ, 
461,れいとうパンチ, 
461,かみつく, 
461,カウンター, 
461,うらみ, 
461,みやぶる, 
461,おいうち, 
461,ねこだまし, 
461,ねこのて, 
461,ブレイククロー, 
461,フェイント, 
461,おしおき, 
461,ゆきなだれ, 
461,こおりのつぶて, 
461,ダブルアタック, 
461,つららおとし, 
463,のしかかり, 
463,ドわすれ, 
463,いびき, 
463,のろい, 
463,はらだいこ, 
463,ねごと, 
463,マグニチュード, 
463,きつけ, 
463,だくりゅう, 
463,アームハンマー, 
463,しねんのずつき, 
463,ゲップ, 
464,カウンター, 
464,ロケットずつき, 
464,のろい, 
464,きしかいせい, 
464,マグニチュード, 
464,アイアンテール, 
464,かみくだく, 
464,ブレイククロー, 
464,メタルバースト, 
464,ドラゴンダイブ, 
464,かみなりのキバ, 
464,こおりのキバ, 
464,ほのおのキバ, 
464,ロッククライム, 
464,ガードシェア, 
464,たがやす, 
465,メガドレイン, 
465,やどりぎのタネ, 
465,ねんりき, 
465,ドわすれ, 
465,じたばた, 
465,ギガドレイン, 
465,しぜんのちから, 
465,がむしゃら, 
465,しぜんのめぐみ, 
465,パワースワップ, 
465,リーフストーム, 
465,いかりのこな, 
466,からてチョップ, 
466,ほのおのパンチ, 
466,れいとうパンチ, 
466,まわしげり, 
466,ヨガのポーズ, 
466,バリアー, 
466,ばくれつパンチ, 
466,クロスチョップ, 
466,きあいパンチ, 
466,アームハンマー, 
466,フェイント, 
467,からてチョップ, 
467,メガトンパンチ, 
467,かみなりパンチ, 
467,いやなおと, 
467,バリアー, 
467,きあいだめ, 
467,マッハパンチ, 
467,はらだいこ, 
467,ばくれつパンチ, 
467,アイアンテール, 
467,クロスチョップ, 
467,フレアドライブ, 
467,ゲップ, 
468,つつく, 
468,オウムがえし, 
468,みやぶる, 
468,プレゼント, 
468,あさのひざし, 
468,みらいよち, 
468,ひみつのちから, 
468,じんつうりき, 
468,サイコシフト, 
468,おまじない, 
468,わるだくみ, 
468,アシストパワー, 
469,ふきとばし, 
469,すてみタックル, 
469,きゅうけつ, 
469,きしかいせい, 
469,だましうち, 
469,おいうち, 
469,ひみつのちから, 
469,ぎんいろのかぜ, 
469,シグナルビーム, 
469,フェイント, 
470,のろい, 
470,じたばた, 
470,みきり, 
470,こらえる, 
470,あまえる, 
470,ねがいごと, 
470,あくび, 
470,うそなき, 
470,くすぐる, 
470,ほしがる, 
470,しぜんのめぐみ, 
470,ゆうわく, 
470,シンクロノイズ, 
470,アシストパワー, 
471,のろい, 
471,じたばた, 
471,みきり, 
471,こらえる, 
471,あまえる, 
471,ねがいごと, 
471,あくび, 
471,うそなき, 
471,くすぐる, 
471,ほしがる, 
471,しぜんのめぐみ, 
471,ゆうわく, 
471,シンクロノイズ, 
471,アシストパワー, 
472,かまいたち, 
472,つばさでうつ, 
472,すてみタックル, 
472,カウンター, 
472,こうそくいどう, 
472,バトンタッチ, 
472,メタルクロー, 
472,すなじごく, 
472,ポイズンテール, 
472,フェイント, 
472,パワートリック, 
472,つじぎり, 
472,ロッククライム, 
472,クロスポイズン, 
473,のしかかり, 
473,とっしん, 
473,すてみタックル, 
473,かみつく, 
473,じわれ, 
473,のろい, 
473,げんしのちから, 
473,つららばり, 
473,マッドショット, 
473,ゆきなだれ, 
473,ステルスロック, 
473,つららおとし, 
473,フリーズドライ, 
475,かなしばり, 
475,あやしいひかり, 
475,みちづれ, 
475,くろいまなざし, 
475,アンコール, 
475,おきみやげ, 
475,スキルスワップ, 
475,おんねん, 
475,かげうち, 
475,シンクロノイズ, 
475,サイドチェンジ, 
475,ミストフィールド, 
476,すてみタックル, 
476,こらえる, 
476,ころがる, 
476,マグニチュード, 
476,とおせんぼう, 
476,ステルスロック, 
476,ワイドガード, 
477,だましうち, 
477,みちづれ, 
477,いたみわけ, 
477,おきみやげ, 
477,スキルスワップ, 
477,ふういん, 
477,おんねん, 
477,あくのはどう, 
477,あやしいかぜ, 
478,かなしばり, 
478,がまん, 
478,まきびし, 
478,ころがる, 
478,ウェザーボール, 
478,うそなき, 
478,とおせんぼう, 
478,ゆきなだれ, 
478,たたりめ, 
495,へびにらみ, 
495,くろいまなざし, 
495,おいうち, 
495,あまいかおり, 
495,アイアンテール, 
495,たつまき, 
495,ミラーコート, 
495,マジカルリーフ, 
495,しぜんのめぐみ, 
495,ゆうわく, 
496,へびにらみ, 
496,くろいまなざし, 
496,おいうち, 
496,あまいかおり, 
496,アイアンテール, 
496,たつまき, 
496,ミラーコート, 
496,マジカルリーフ, 
496,しぜんのめぐみ, 
496,ゆうわく, 
497,へびにらみ, 
497,くろいまなざし, 
497,おいうち, 
497,あまいかおり, 
497,アイアンテール, 
497,たつまき, 
497,ミラーコート, 
497,マジカルリーフ, 
497,しぜんのめぐみ, 
497,ゆうわく, 
498,のしかかり, 
498,あばれる, 
498,のろい, 
498,ねごと, 
498,マグニチュード, 
498,ばかぢから, 
498,あくび, 
498,がむしゃら, 
498,ほしがる, 
498,ヘビーボンバー, 
499,のしかかり, 
499,あばれる, 
499,のろい, 
499,ねごと, 
499,マグニチュード, 
499,ばかぢから, 
499,あくび, 
499,がむしゃら, 
499,ほしがる, 
499,ヘビーボンバー, 
500,のしかかり, 
500,あばれる, 
500,のろい, 
500,ねごと, 
500,マグニチュード, 
500,ばかぢから, 
500,あくび, 
500,がむしゃら, 
500,ほしがる, 
500,ヘビーボンバー, 
501,いやなおと, 
501,みきり, 
501,しおみず, 
501,ダメおし, 
501,きりふだ, 
501,まねっこ, 
501,つじぎり, 
501,エアスラッシュ, 
502,いやなおと, 
502,みきり, 
502,しおみず, 
502,ダメおし, 
502,きりふだ, 
502,まねっこ, 
502,つじぎり, 
502,エアスラッシュ, 
503,いやなおと, 
503,みきり, 
503,しおみず, 
503,ダメおし, 
503,きりふだ, 
503,まねっこ, 
503,つじぎり, 
503,エアスラッシュ, 
504,いやなおと, 
504,じたばた, 
504,みやぶる, 
504,おいうち, 
504,アイアンテール, 
504,リベンジ, 
504,ダメおし, 
505,いやなおと, 
505,じたばた, 
505,みやぶる, 
505,おいうち, 
505,アイアンテール, 
505,リベンジ, 
505,ダメおし, 
506,すなかけ, 
506,したでなめる, 
506,どろかけ, 
506,こらえる, 
506,あまえる, 
506,おいうち, 
506,あくび, 
506,とおぼえ, 
506,かみなりのキバ, 
506,こおりのキバ, 
506,ほのおのキバ, 
507,すなかけ, 
507,したでなめる, 
507,どろかけ, 
507,こらえる, 
507,あまえる, 
507,おいうち, 
507,あくび, 
507,とおぼえ, 
507,かみなりのキバ, 
507,こおりのキバ, 
507,ほのおのキバ, 
508,すなかけ, 
508,したでなめる, 
508,どろかけ, 
508,こらえる, 
508,あまえる, 
508,おいうち, 
508,あくび, 
508,とおぼえ, 
508,かみなりのキバ, 
508,こおりのキバ, 
508,ほのおのキバ, 
509,ネコにこばん, 
509,だましうち, 
509,あまえる, 
509,アンコール, 
509,あくび, 
509,うそなき, 
509,ほしがる, 
509,まねっこ, 
509,イカサマ, 
510,ネコにこばん, 
510,だましうち, 
510,あまえる, 
510,アンコール, 
510,あくび, 
510,うそなき, 
510,ほしがる, 
510,まねっこ, 
510,イカサマ, 
511,けたぐり, 
511,なりきり, 
511,おどろかす, 
511,くさぶえ, 
511,くすぐる, 
511,タネマシンガン, 
511,ほしがる, 
511,マジカルリーフ, 
511,わるだくみ, 
511,リーフストーム, 
511,チャームボイス, 
512,けたぐり, 
512,なりきり, 
512,おどろかす, 
512,くさぶえ, 
512,くすぐる, 
512,タネマシンガン, 
512,ほしがる, 
512,マジカルリーフ, 
512,わるだくみ, 
512,リーフストーム, 
512,チャームボイス, 
513,ほのおのパンチ, 
513,けたぐり, 
513,ほのおのうず, 
513,ねごと, 
513,ねっぷう, 
513,なりきり, 
513,おどろかす, 
513,くすぐる, 
513,ほしがる, 
513,わるだくみ, 
513,チャームボイス, 
514,ほのおのパンチ, 
514,けたぐり, 
514,ほのおのうず, 
514,ねごと, 
514,ねっぷう, 
514,なりきり, 
514,おどろかす, 
514,くすぐる, 
514,ほしがる, 
514,わるだくみ, 
514,チャームボイス, 
515,ハイドロポンプ, 
515,けたぐり, 
515,なりきり, 
515,どろあそび, 
515,おどろかす, 
515,くすぐる, 
515,ほしがる, 
515,アクアリング, 
515,アクアテール, 
515,わるだくみ, 
515,チャームボイス, 
516,ハイドロポンプ, 
516,けたぐり, 
516,なりきり, 
516,どろあそび, 
516,おどろかす, 
516,くすぐる, 
516,ほしがる, 
516,アクアリング, 
516,アクアテール, 
516,わるだくみ, 
516,チャームボイス, 
517,ソニックブーム, 
517,バリアー, 
517,スピードスター, 
517,のろい, 
517,ねごと, 
517,バトンタッチ, 
517,てだすけ, 
517,マジックコート, 
517,ひみつのちから, 
518,ソニックブーム, 
518,バリアー, 
518,スピードスター, 
518,のろい, 
518,ねごと, 
518,バトンタッチ, 
518,てだすけ, 
518,マジックコート, 
518,ひみつのちから, 
519,さいみんじゅつ, 
519,はがねのつばさ, 
519,あさのひざし, 
519,さわぐ, 
519,ねがいごと, 
519,おまじない, 
519,ギフトパス, 
520,さいみんじゅつ, 
520,はがねのつばさ, 
520,あさのひざし, 
520,さわぐ, 
520,ねがいごと, 
520,おまじない, 
520,ギフトパス, 
521,さいみんじゅつ, 
521,はがねのつばさ, 
521,あさのひざし, 
521,さわぐ, 
521,ねがいごと, 
521,おまじない, 
521,ギフトパス, 
522,にどげり, 
522,すなかけ, 
522,とっしん, 
522,すてみタックル, 
522,いかり, 
522,いやなおと, 
522,こらえる, 
522,でんげきは, 
522,さきどり, 
523,にどげり, 
523,すなかけ, 
523,とっしん, 
523,すてみタックル, 
523,いかり, 
523,いやなおと, 
523,こらえる, 
523,でんげきは, 
523,さきどり, 
524,とっしん, 
524,のろい, 
524,ロックオン, 
524,マグニチュード, 
524,がんせきふうじ, 
524,じゅうりょく, 
524,ワイドガード, 
524,ボディパージ, 
524,ヘビーボンバー, 
525,とっしん, 
525,のろい, 
525,ロックオン, 
525,マグニチュード, 
525,がんせきふうじ, 
525,じゅうりょく, 
525,ワイドガード, 
525,ボディパージ, 
525,ヘビーボンバー, 
526,とっしん, 
526,のろい, 
526,ロックオン, 
526,マグニチュード, 
526,がんせきふうじ, 
526,じゅうりょく, 
526,ワイドガード, 
526,ボディパージ, 
526,ヘビーボンバー, 
527,ちょうおんぱ, 
527,あまえる, 
527,おだてる, 
527,てだすけ, 
527,はたきおとす, 
527,うそなき, 
527,はねやすめ, 
527,サイコシフト, 
527,ゆうわく, 
527,シンクロノイズ, 
527,アシストパワー, 
527,ベノムトラップ, 
528,ちょうおんぱ, 
528,あまえる, 
528,おだてる, 
528,てだすけ, 
528,はたきおとす, 
528,うそなき, 
528,はねやすめ, 
528,サイコシフト, 
528,ゆうわく, 
528,シンクロノイズ, 
528,アシストパワー, 
528,ベノムトラップ, 
529,じごくぐるま, 
529,ロケットずつき, 
529,こうそくスピン, 
529,ブレイククロー, 
529,きんぞくおん, 
529,てっぺき, 
529,だいちのちから, 
529,ロッククライム, 
530,じごくぐるま, 
530,ロケットずつき, 
530,こうそくスピン, 
530,ブレイククロー, 
530,きんぞくおん, 
530,てっぺき, 
530,だいちのちから, 
530,ロッククライム, 
531,ドわすれ, 
531,てんしのキッス, 
531,ねごと, 
531,いやしのすず, 
531,アンコール, 
531,ねがいごと, 
531,あくび, 
531,いやしのねがい, 
531,おまじない, 
531,ギフトパス, 
531,ドレインキッス, 
532,れんぞくパンチ, 
532,カウンター, 
532,きしかいせい, 
532,マッハパンチ, 
532,みやぶる, 
532,みきり, 
532,こらえる, 
532,きつけ, 
532,はっけい, 
532,ドレインパンチ, 
532,ワイドガード, 
533,れんぞくパンチ, 
533,カウンター, 
533,きしかいせい, 
533,マッハパンチ, 
533,みやぶる, 
533,みきり, 
533,こらえる, 
533,きつけ, 
533,はっけい, 
533,ドレインパンチ, 
533,ワイドガード, 
534,れんぞくパンチ, 
534,カウンター, 
534,きしかいせい, 
534,マッハパンチ, 
534,みやぶる, 
534,みきり, 
534,こらえる, 
534,きつけ, 
534,はっけい, 
534,ドレインパンチ, 
534,ワイドガード, 
535,しろいきり, 
535,いびき, 
535,ねごと, 
535,リフレッシュ, 
535,どろあそび, 
535,みずのはどう, 
535,だいちのちから, 
535,どろばくだん, 
536,しろいきり, 
536,いびき, 
536,ねごと, 
536,リフレッシュ, 
536,どろあそび, 
536,みずのはどう, 
536,だいちのちから, 
536,どろばくだん, 
537,しろいきり, 
537,いびき, 
537,ねごと, 
537,リフレッシュ, 
537,どろあそび, 
537,みずのはどう, 
537,だいちのちから, 
537,どろばくだん, 
540,かまいたち, 
540,こうそくいどう, 
540,いやなおと, 
540,こころのめ, 
540,バトンタッチ, 
540,ほごしょく, 
540,ぎんいろのかぜ, 
540,さきどり, 
540,エアスラッシュ, 
541,かまいたち, 
541,こうそくいどう, 
541,いやなおと, 
541,こころのめ, 
541,バトンタッチ, 
541,ほごしょく, 
541,ぎんいろのかぜ, 
541,さきどり, 
541,エアスラッシュ, 
542,かまいたち, 
542,こうそくいどう, 
542,いやなおと, 
542,こころのめ, 
542,バトンタッチ, 
542,ほごしょく, 
542,ぎんいろのかぜ, 
542,さきどり, 
542,エアスラッシュ, 
543,とっしん, 
543,ダブルニードル, 
543,ミサイルばり, 
543,まきびし, 
543,どくびし, 
543,ロッククライム, 
544,とっしん, 
544,ダブルニードル, 
544,ミサイルばり, 
544,まきびし, 
544,どくびし, 
544,ロッククライム, 
545,とっしん, 
545,ダブルニードル, 
545,ミサイルばり, 
545,まきびし, 
545,どくびし, 
545,ロッククライム, 
546,アンコール, 
546,ふくろだたき, 
546,おきみやげ, 
546,うそなき, 
546,くさぶえ, 
546,くすぐる, 
546,しぜんのめぐみ, 
546,なやみのタネ, 
546,すりかえ, 
547,アンコール, 
547,ふくろだたき, 
547,おきみやげ, 
547,うそなき, 
547,くさぶえ, 
547,くすぐる, 
547,しぜんのめぐみ, 
547,なやみのタネ, 
547,すりかえ, 
548,がまん, 
548,こらえる, 
548,あまえる, 
548,あまいかおり, 
548,ねをはる, 
548,くさぶえ, 
548,いやしのねがい, 
548,しぜんのめぐみ, 
548,なやみのタネ, 
549,がまん, 
549,こらえる, 
549,あまえる, 
549,あまいかおり, 
549,ねをはる, 
549,くさぶえ, 
549,いやしのねがい, 
549,しぜんのめぐみ, 
549,なやみのタネ, 
550,バブルこうせん, 
550,こうそくいどう, 
550,いかり, 
550,スピードスター, 
550,うずしお, 
550,リベンジ, 
550,だくりゅう, 
550,マッドショット, 
550,しおみず, 
551,すてみタックル, 
551,カウンター, 
551,きあいだめ, 
551,くろいまなざし, 
551,おいうち, 
551,ふくろだたき, 
551,さわぐ, 
551,さきどり, 
551,かみなりのキバ, 
551,ほのおのキバ, 
551,ロッククライム, 
552,すてみタックル, 
552,カウンター, 
552,きあいだめ, 
552,くろいまなざし, 
552,おいうち, 
552,ふくろだたき, 
552,さわぐ, 
552,さきどり, 
552,かみなりのキバ, 
552,ほのおのキバ, 
552,ロッククライム, 
553,すてみタックル, 
553,カウンター, 
553,きあいだめ, 
553,くろいまなざし, 
553,おいうち, 
553,ふくろだたき, 
553,さわぐ, 
553,さきどり, 
553,かみなりのキバ, 
553,ほのおのキバ, 
553,ロッククライム, 
554,とっしん, 
554,きあいだめ, 
554,かえんぐるま, 
554,こらえる, 
554,ねごと, 
554,アンコール, 
554,きあいパンチ, 
554,あくび, 
554,アームハンマー, 
555,とっしん, 
555,きあいだめ, 
555,かえんぐるま, 
555,こらえる, 
555,ねごと, 
555,アンコール, 
555,きあいパンチ, 
555,あくび, 
555,アームハンマー, 
556,やどりぎのタネ, 
556,まきびし, 
556,くさぶえ, 
556,タネマシンガン, 
556,とびはねる, 
556,なやみのタネ, 
556,タネばくだん, 
556,ウッドハンマー, 
557,カウンター, 
557,のろい, 
557,まきびし, 
557,こらえる, 
557,すなじごく, 
557,てっぺき, 
557,とおせんぼう, 
557,つじぎり, 
557,ワイドガード, 
557,たがやす, 
558,カウンター, 
558,のろい, 
558,まきびし, 
558,こらえる, 
558,すなじごく, 
558,てっぺき, 
558,とおせんぼう, 
558,つじぎり, 
558,ワイドガード, 
558,たがやす, 
559,ほのおのパンチ, 
559,れいとうパンチ, 
559,かみなりパンチ, 
559,カウンター, 
559,ドわすれ, 
559,だましうち, 
559,みきり, 
559,ねこだまし, 
559,りゅうのまい, 
559,ドレインパンチ, 
559,しねんのずつき, 
559,ファストガード, 
560,ほのおのパンチ, 
560,れいとうパンチ, 
560,かみなりパンチ, 
560,カウンター, 
560,ドわすれ, 
560,だましうち, 
560,みきり, 
560,ねこだまし, 
560,りゅうのまい, 
560,ドレインパンチ, 
560,しねんのずつき, 
560,ファストガード, 
561,はがねのつばさ, 
561,げんしのちから, 
561,みらいよち, 
561,スキルスワップ, 
561,はねやすめ, 
561,サイコシフト, 
561,アシストパワー, 
562,かなしばり, 
562,あくむ, 
562,こらえる, 
562,おきみやげ, 
562,ふういん, 
562,うそなき, 
562,かいふくふうじ, 
562,わるだくみ, 
563,かなしばり, 
563,あくむ, 
563,こらえる, 
563,おきみやげ, 
563,ふういん, 
563,うそなき, 
563,かいふくふうじ, 
563,わるだくみ, 
564,たたきつける, 
564,のしかかり, 
564,いわおとし, 
564,がまん, 
564,じたばた, 
564,うずしお, 
564,はたきおとす, 
564,てっぺき, 
564,みずのはどう, 
565,たたきつける, 
565,のしかかり, 
565,いわおとし, 
565,がまん, 
565,じたばた, 
565,うずしお, 
565,はたきおとす, 
565,てっぺき, 
565,みずのはどう, 
566,かみつく, 
566,はがねのつばさ, 
566,はたきおとす, 
566,りゅうのはどう, 
566,だいちのちから, 
566,すりかえ, 
566,きりばらい, 
566,もろはのずつき, 
567,かみつく, 
567,はがねのつばさ, 
567,はたきおとす, 
567,りゅうのはどう, 
567,だいちのちから, 
567,すりかえ, 
567,きりばらい, 
567,もろはのずつき, 
568,すなかけ, 
568,くろいきり, 
568,じばく, 
568,のろい, 
568,まきびし, 
568,ころがる, 
568,どろあそび, 
568,ロックブラスト, 
569,すなかけ, 
569,くろいきり, 
569,じばく, 
569,のろい, 
569,まきびし, 
569,ころがる, 
569,どろあそび, 
569,ロックブラスト, 
570,カウンター, 
570,みきり, 
570,おきみやげ, 
570,よこどり, 
570,じんつうりき, 
570,まねっこ, 
570,ふいうち, 
570,あくのはどう, 
570,ゆうわく, 
571,カウンター, 
571,みきり, 
571,おきみやげ, 
571,よこどり, 
571,じんつうりき, 
571,まねっこ, 
571,ふいうち, 
571,あくのはどう, 
571,ゆうわく, 
572,しっぽをふる, 
572,じたばた, 
572,どろかけ, 
572,こらえる, 
572,ねごと, 
572,アイアンテール, 
572,はたきおとす, 
572,うそなき, 
572,アクアテール, 
573,しっぽをふる, 
573,じたばた, 
573,どろかけ, 
573,こらえる, 
573,ねごと, 
573,アイアンテール, 
573,はたきおとす, 
573,うそなき, 
573,アクアテール, 
574,くろいまなざし, 
574,ミラーコート, 
574,さわぐ, 
574,ミラクルアイ, 
574,あくのはどう, 
574,ゆうわく, 
574,いやしのはどう, 
575,くろいまなざし, 
575,ミラーコート, 
575,さわぐ, 
575,ミラクルアイ, 
575,あくのはどう, 
575,ゆうわく, 
575,いやしのはどう, 
576,くろいまなざし, 
576,ミラーコート, 
576,さわぐ, 
576,ミラクルアイ, 
576,あくのはどう, 
576,ゆうわく, 
576,いやしのはどう, 
577,ナイトヘッド, 
577,あやしいひかり, 
577,とける, 
577,てだすけ, 
577,トリック, 
577,ふういん, 
577,ひみつのちから, 
577,おどろかす, 
578,ナイトヘッド, 
578,あやしいひかり, 
578,とける, 
578,てだすけ, 
578,トリック, 
578,ふういん, 
578,ひみつのちから, 
578,おどろかす, 
579,ナイトヘッド, 
579,あやしいひかり, 
579,とける, 
579,てだすけ, 
579,トリック, 
579,ふういん, 
579,ひみつのちから, 
579,おどろかす, 
580,かぜおこし, 
580,オウムがえし, 
580,はがねのつばさ, 
580,どろあそび, 
580,エアカッター, 
580,しおみず, 
580,おまじない, 
580,さきどり, 
581,かぜおこし, 
581,オウムがえし, 
581,はがねのつばさ, 
581,どろあそび, 
581,エアカッター, 
581,しおみず, 
581,おまじない, 
581,さきどり, 
582,こなゆき, 
582,ふういん, 
582,てっぺき, 
582,みずのはどう, 
582,しぜんのめぐみ, 
582,でんじふゆう, 
582,こおりのつぶて, 
582,ボディパージ, 
583,こなゆき, 
583,ふういん, 
583,てっぺき, 
583,みずのはどう, 
583,しぜんのめぐみ, 
583,でんじふゆう, 
583,こおりのつぶて, 
583,ボディパージ, 
584,こなゆき, 
584,ふういん, 
584,てっぺき, 
584,みずのはどう, 
584,しぜんのめぐみ, 
584,でんじふゆう, 
584,こおりのつぶて, 
584,ボディパージ, 
585,こうそくいどう, 
585,ねごと, 
585,バトンタッチ, 
585,こうごうせい, 
585,うそなき, 
585,かぎわける, 
585,くさぶえ, 
585,しぜんのめぐみ, 
585,なやみのタネ, 
586,こうそくいどう, 
586,ねごと, 
586,バトンタッチ, 
586,こうごうせい, 
586,うそなき, 
586,かぎわける, 
586,くさぶえ, 
586,しぜんのめぐみ, 
586,なやみのタネ, 
587,あまえる, 
587,バトンタッチ, 
587,アイアンテール, 
587,おどろかす, 
587,くすぐる, 
587,ほしがる, 
587,でんげきは, 
587,はねやすめ, 
587,エアスラッシュ, 
587,プラズマシャワー, 
588,つのでつく, 
588,カウンター, 
588,いやなおと, 
588,だましうち, 
588,メガホーン, 
588,おいうち, 
588,はたきおとす, 
588,むしくい, 
588,ドリルライナー, 
589,つのでつく, 
589,カウンター, 
589,いやなおと, 
589,だましうち, 
589,メガホーン, 
589,おいうち, 
589,はたきおとす, 
589,むしくい, 
589,ドリルライナー, 
590,のしかかり, 
590,せいちょう, 
590,どくのこな, 
590,しびれごな, 
590,まるくなる, 
590,こらえる, 
590,ころがる, 
590,いえき, 
591,のしかかり, 
591,せいちょう, 
591,どくのこな, 
591,しびれごな, 
591,まるくなる, 
591,こらえる, 
591,ころがる, 
591,いえき, 
592,しろいきり, 
592,じこさいせい, 
592,あやしいひかり, 
592,からみつく, 
592,とける, 
592,いたみわけ, 
593,しろいきり, 
593,じこさいせい, 
593,あやしいひかり, 
593,からみつく, 
593,とける, 
593,いたみわけ, 
594,しろいきり, 
594,こらえる, 
594,いたみわけ, 
594,ミラーコート, 
594,リフレッシュ, 
594,くすぐる, 
595,どくばり, 
595,ミサイルばり, 
595,かなしばり, 
595,だましうち, 
595,おいうち, 
595,ロッククライム, 
595,クロスポイズン, 
596,どくばり, 
596,ミサイルばり, 
596,かなしばり, 
596,だましうち, 
596,おいうち, 
596,ロッククライム, 
596,クロスポイズン, 
597,やどりぎのタネ, 
597,まきびし, 
597,タネマシンガン, 
597,じゅうりょく, 
597,なやみのタネ, 
597,タネばくだん, 
597,ロッククライム, 
597,ステルスロック, 
597,アシッドボム, 
598,やどりぎのタネ, 
598,まきびし, 
598,タネマシンガン, 
598,じゅうりょく, 
598,なやみのタネ, 
598,タネばくだん, 
598,ロッククライム, 
598,ステルスロック, 
598,アシッドボム, 
605,かなしばり, 
605,テレポート, 
605,バリアー, 
605,スキルスワップ, 
605,おどろかす, 
605,パワースワップ, 
605,ガードスワップ, 
605,わるだくみ, 
606,かなしばり, 
606,テレポート, 
606,バリアー, 
606,スキルスワップ, 
606,おどろかす, 
606,パワースワップ, 
606,ガードスワップ, 
606,わるだくみ, 
607,ようかいえき, 
607,くろいきり, 
607,とける, 
607,こらえる, 
607,ねっぷう, 
607,ゆうわく, 
607,パワーシェア, 
607,クリアスモッグ, 
608,ようかいえき, 
608,くろいきり, 
608,とける, 
608,こらえる, 
608,ねっぷう, 
608,ゆうわく, 
608,パワーシェア, 
608,クリアスモッグ, 
609,ようかいえき, 
609,くろいきり, 
609,とける, 
609,こらえる, 
609,ねっぷう, 
609,ゆうわく, 
609,パワーシェア, 
609,クリアスモッグ, 
610,かまいたち, 
610,カウンター, 
610,かたくなる, 
610,きあいだめ, 
610,きしかいせい, 
610,こらえる, 
610,アイアンテール, 
610,がむしゃら, 
610,つじぎり, 
610,りゅうのはどう, 
611,かまいたち, 
611,カウンター, 
611,かたくなる, 
611,きあいだめ, 
611,きしかいせい, 
611,こらえる, 
611,アイアンテール, 
611,がむしゃら, 
611,つじぎり, 
611,りゅうのはどう, 
612,かまいたち, 
612,カウンター, 
612,かたくなる, 
612,きあいだめ, 
612,きしかいせい, 
612,こらえる, 
612,アイアンテール, 
612,がむしゃら, 
612,つじぎり, 
612,りゅうのはどう, 
613,れいとうパンチ, 
613,ねごと, 
613,アンコール, 
613,きあいパンチ, 
613,あくび, 
613,ダメおし, 
613,つじぎり, 
613,ゆきなだれ, 
613,じゃれつく, 
614,れいとうパンチ, 
614,ねごと, 
614,アンコール, 
614,きあいパンチ, 
614,あくび, 
614,ダメおし, 
614,つじぎり, 
614,ゆきなだれ, 
614,じゃれつく, 
616,すてみタックル, 
616,こころのめ, 
616,どろかけ, 
616,まきびし, 
616,こらえる, 
616,バトンタッチ, 
616,アンコール, 
616,おいうち, 
616,フェイント, 
616,ガードシェア, 
617,すてみタックル, 
617,こころのめ, 
617,どろかけ, 
617,まきびし, 
617,こらえる, 
617,バトンタッチ, 
617,アンコール, 
617,おいうち, 
617,フェイント, 
617,ガードシェア, 
618,のろい, 
618,うらみ, 
618,スパーク, 
618,ねごと, 
618,いたみわけ, 
618,あくび, 
618,おどろかす, 
618,でんげきは, 
618,さきどり, 
618,だいちのちから, 
618,ミラータイプ, 
618,かいでんぱ, 
619,けたぐり, 
619,こらえる, 
619,バトンタッチ, 
619,あてみなげ, 
619,きつけ, 
619,はたきおとす, 
619,フェイント, 
619,さきどり, 
619,サイドチェンジ, 
620,けたぐり, 
620,こらえる, 
620,バトンタッチ, 
620,あてみなげ, 
620,きつけ, 
620,はたきおとす, 
620,フェイント, 
620,さきどり, 
620,サイドチェンジ, 
621,へびにらみ, 
621,だましうち, 
621,おいうち, 
621,アイアンテール, 
621,メタルクロー, 
621,よこどり, 
621,ブレイククロー, 
621,ポイズンテール, 
621,ふいうち, 
621,かみなりのキバ, 
621,ほのおのキバ, 
624,ずつき, 
624,くろいまなざし, 
624,おいうち, 
624,リベンジ, 
624,ふいうち, 
624,サイコカッター, 
624,ステルスロック, 
624,ファストガード, 
625,ずつき, 
625,くろいまなざし, 
625,おいうち, 
625,リベンジ, 
625,ふいうち, 
625,サイコカッター, 
625,ステルスロック, 
625,ファストガード, 
626,ふみつけ, 
626,ずつき, 
626,ロケットずつき, 
626,ドわすれ, 
626,どろかけ, 
626,マッドショット, 
626,ロッククライム, 
626,アイアンヘッド, 
629,こわいかお, 
629,はがねのつばさ, 
629,くろいまなざし, 
629,はたきおとす, 
629,うそなき, 
629,はねやすめ, 
629,イカサマ, 
630,こわいかお, 
630,はがねのつばさ, 
630,くろいまなざし, 
630,はたきおとす, 
630,うそなき, 
630,はねやすめ, 
630,イカサマ, 
631,のしかかり, 
631,まきつく, 
631,のろい, 
631,だましうち, 
631,ねごと, 
631,おいうち, 
631,ねっぷう, 
631,くすぐる, 
631,ふいうち, 
631,つじぎり, 
631,ゲップ, 
632,いやなおと, 
632,だましうち, 
632,こらえる, 
632,バトンタッチ, 
632,かみなりのキバ, 
632,ロッククライム, 
633,いやなおと, 
633,おどろかす, 
633,ダメおし, 
633,あくのはどう, 
633,だいちのちから, 
633,かみなりのキバ, 
633,こおりのキバ, 
633,ほのおのキバ, 
633,もろはのずつき, 
633,ダブルアタック, 
634,いやなおと, 
634,おどろかす, 
634,ダメおし, 
634,あくのはどう, 
634,だいちのちから, 
634,かみなりのキバ, 
634,こおりのキバ, 
634,ほのおのキバ, 
634,もろはのずつき, 
634,ダブルアタック, 
635,いやなおと, 
635,おどろかす, 
635,ダメおし, 
635,あくのはどう, 
635,だいちのちから, 
635,かみなりのキバ, 
635,こおりのキバ, 
635,ほのおのキバ, 
635,もろはのずつき, 
635,ダブルアタック, 
636,いとをはく, 
636,かたくなる, 
636,みやぶる, 
636,こらえる, 
636,あさのひざし, 
636,でんじふゆう, 
636,しねんのずつき, 
637,いとをはく, 
637,かたくなる, 
637,みやぶる, 
637,こらえる, 
637,あさのひざし, 
637,でんじふゆう, 
637,しねんのずつき, 
650,まるくなる, 
650,のろい, 
650,はらだいこ, 
650,まきびし, 
650,ころがる, 
650,こうごうせい, 
650,ファストガード, 
651,まるくなる, 
651,のろい, 
651,はらだいこ, 
651,まきびし, 
651,ころがる, 
651,こうごうせい, 
651,ファストガード, 
652,まるくなる, 
652,のろい, 
652,はらだいこ, 
652,まきびし, 
652,ころがる, 
652,こうごうせい, 
652,ファストガード, 
653,さいみんじゅつ, 
653,ねっぷう, 
653,ねがいごと, 
653,マジックコート, 
654,さいみんじゅつ, 
654,ねっぷう, 
654,ねがいごと, 
654,マジックコート, 
655,さいみんじゅつ, 
655,ねっぷう, 
655,ねがいごと, 
655,マジックコート, 
656,こころのめ, 
656,ほごしょく, 
656,どろあそび, 
656,みずあそび, 
656,どくびし, 
656,ギフトパス, 
657,こころのめ, 
657,ほごしょく, 
657,どろあそび, 
657,みずあそび, 
657,どくびし, 
657,ギフトパス, 
658,こころのめ, 
658,ほごしょく, 
658,どろあそび, 
658,みずあそび, 
658,どくびし, 
658,ギフトパス, 
659,まるくなる, 
659,まきびし, 
659,ころがる, 
660,まるくなる, 
660,まきびし, 
660,ころがる, 
661,よこどり, 
661,おいかぜ, 
661,ファストガード, 
662,よこどり, 
662,おいかぜ, 
662,ファストガード, 
663,よこどり, 
663,おいかぜ, 
663,ファストガード, 
664,どくのこな, 
664,しびれごな, 
664,いかりのこな, 
665,どくのこな, 
665,しびれごな, 
665,いかりのこな, 
666,どくのこな, 
666,しびれごな, 
666,いかりのこな, 
667,ほのおのうず, 
667,あくび, 
667,よこどり, 
667,なかまづくり, 
668,ほのおのうず, 
668,あくび, 
668,よこどり, 
668,なかまづくり, 
669,ほごしょく, 
669,まねっこ, 
669,ゆうわく, 
670,ほごしょく, 
670,まねっこ, 
670,ゆうわく, 
671,ほごしょく, 
671,まねっこ, 
671,ゆうわく, 
672,まるくなる, 
672,ころがる, 
672,ミルクのみ, 
673,まるくなる, 
673,ころがる, 
673,ミルクのみ, 
674,さきどり, 
674,やまあらし, 
674,イカサマ, 
674,ファストガード, 
674,さきおくり, 
675,さきどり, 
675,やまあらし, 
675,イカサマ, 
675,ファストガード, 
675,さきおくり, 
676,ものまね, 
676,なりきり, 
676,リフレッシュ, 
676,ゆうわく, 
676,ふるいたてる, 
677,バリアー, 
677,トリック, 
677,ねこのて, 
677,あくび, 
678,バリアー, 
678,トリック, 
678,ねこのて, 
678,あくび, 
679,みちづれ, 
679,きんぞくおん, 
679,かげうち, 
679,ワイドガード, 
680,みちづれ, 
680,きんぞくおん, 
680,かげうち, 
680,ワイドガード, 
681,みちづれ, 
681,きんぞくおん, 
681,かげうち, 
681,ワイドガード, 
682,かなしばり, 
682,ねがいごと, 
682,リフレッシュ, 
682,ゆうわく, 
683,かなしばり, 
683,ねがいごと, 
683,リフレッシュ, 
683,ゆうわく, 
684,はらだいこ, 
684,あくび, 
684,まねっこ, 
684,おさきにどうぞ, 
685,はらだいこ, 
685,あくび, 
685,まねっこ, 
685,おさきにどうぞ, 
686,みちづれ, 
686,おだてる, 
686,ほごしょく, 
686,パワーシェア, 
686,シンプルビーム, 
687,みちづれ, 
687,おだてる, 
687,ほごしょく, 
687,パワーシェア, 
687,シンプルビーム, 
688,てだすけ, 
688,くすぐる, 
688,みずあそび, 
688,すりかえ, 
689,てだすけ, 
689,くすぐる, 
689,みずあそび, 
689,すりかえ, 
690,くろいきり, 
690,とける, 
690,どくびし, 
690,じゃれつく, 
690,ベノムトラップ, 
691,くろいきり, 
691,とける, 
691,どくびし, 
691,じゃれつく, 
691,ベノムトラップ, 
692,クラブハンマー, 
692,こらえる, 
692,てだすけ, 
692,アクアジェット, 
692,なかまづくり, 
693,クラブハンマー, 
693,こらえる, 
693,てだすけ, 
693,アクアジェット, 
693,なかまづくり, 
694,こうそくいどう, 
694,へびにらみ, 
694,ほごしょく, 
694,エレキフィールド, 
695,こうそくいどう, 
695,へびにらみ, 
695,ほごしょく, 
695,エレキフィールド, 
696,のろい, 
696,どくどくのキバ, 
696,りゅうのまい, 
696,ロックカット, 
696,かみなりのキバ, 
696,こおりのキバ, 
696,ほのおのキバ, 
697,のろい, 
697,どくどくのキバ, 
697,りゅうのまい, 
697,ロックカット, 
697,かみなりのキバ, 
697,こおりのキバ, 
697,ほのおのキバ, 
698,バリアー, 
698,くろいきり, 
698,ミラーコート, 
698,でんじふゆう, 
698,ほうでん, 
699,バリアー, 
699,くろいきり, 
699,ミラーコート, 
699,でんじふゆう, 
699,ほうでん, 
700,のろい, 
700,じたばた, 
700,みきり, 
700,こらえる, 
700,あまえる, 
700,ねがいごと, 
700,あくび, 
700,うそなき, 
700,くすぐる, 
700,ほしがる, 
700,しぜんのめぐみ, 
700,ゆうわく, 
700,シンクロノイズ, 
700,アシストパワー, 
701,こうそくいどう, 
701,バトンタッチ, 
701,どろあそび, 
701,さきどり, 
701,なかまづくり, 
701,ファストガード, 
701,サイドチェンジ, 
702,てだすけ, 
702,ほしがる, 
702,しぜんのめぐみ, 
702,かいでんぱ, 
704,カウンター, 
704,とける, 
704,のろい, 
704,こらえる, 
704,アイアンテール, 
704,ポイズンテール, 
705,カウンター, 
705,とける, 
705,のろい, 
705,こらえる, 
705,アイアンテール, 
705,ポイズンテール, 
706,カウンター, 
706,とける, 
706,のろい, 
706,こらえる, 
706,アイアンテール, 
706,ポイズンテール, 
707,どろぼう, 
707,ロックオン, 
707,てっぺき, 
707,すりかえ, 
708,ふういん, 
708,おんねん, 
708,ギフトパス, 
708,ベノムトラップ, 
709,ふういん, 
709,おんねん, 
709,ギフトパス, 
709,ベノムトラップ, 
710,かなしばり, 
710,みちづれ, 
710,ギフトパス, 
711,かなしばり, 
711,みちづれ, 
711,ギフトパス, 
712,しろいきり, 
712,じこさいせい, 
712,バリアー, 
712,ミラーコート, 
713,しろいきり, 
713,じこさいせい, 
713,バリアー, 
713,ミラーコート, 
714,げきりん, 
714,よこどり, 
714,おいかぜ, 
714,すりかえ, 
715,げきりん, 
715,よこどり, 
715,おいかぜ, 
715,すりかえ, 
716,なし, 
717,なし, 
718,なし, 
719,なし, 
720,なし, 
721,なし, 
