1,Lv.1,たいあたり
1,Lv.4,なきごえ
1,Lv.7,やどりぎのタネ
1,Lv.10,つるのムチ
1,Lv.15,どくのこな
1,Lv.15,ねむりごな
1,Lv.20,はっぱカッター
1,Lv.25,あまいかおり
1,Lv.32,せいちょう
1,Lv.39,こうごうせい
1,Lv.46,ソーラービーム
2,Lv.1,たいあたり
2,Lv.1,なきごえ
2,Lv.1,やどりぎのタネ
2,Lv.4,なきごえ
2,Lv.7,やどりぎのタネ
2,Lv.10,つるのムチ
2,Lv.15,どくのこな
2,Lv.15,ねむりごな
2,Lv.22,はっぱカッター
2,Lv.29,あまいかおり
2,Lv.38,せいちょう
2,Lv.47,こうごうせい
2,Lv.56,ソーラービーム
3,Lv.1,たいあたり
3,Lv.1,なきごえ
3,Lv.1,やどりぎのタネ
3,Lv.1,つるのムチ
3,Lv.4,なきごえ
3,Lv.7,やどりぎのタネ
3,Lv.10,つるのムチ
3,Lv.15,どくのこな
3,Lv.15,ねむりごな
3,Lv.22,はっぱカッター
3,Lv.29,あまいかおり
3,Lv.41,せいちょう
3,Lv.53,こうごうせい
3,Lv.65,ソーラービーム
4,Lv.1,ひっかく
4,Lv.1,なきごえ
4,Lv.7,ひのこ
4,Lv.13,えんまく
4,Lv.19,いかり
4,Lv.25,こわいかお
4,Lv.31,かえんほうしゃ
4,Lv.37,きりさく
4,Lv.43,りゅうのいかり
4,Lv.49,ほのおのうず
4,Lv.1,ひっかく
4,Lv.1,なきごえ
4,Lv.7,ひのこ
4,Lv.13,メタルクロー
4,Lv.19,えんまく
4,Lv.25,こわいかお
4,Lv.31,かえんほうしゃ
4,Lv.37,きりさく
4,Lv.43,りゅうのいかり
4,Lv.49,ほのおのうず
5,Lv.1,ひっかく
5,Lv.1,なきごえ
5,Lv.1,ひのこ
5,Lv.7,ひのこ
5,Lv.13,えんまく
5,Lv.20,いかり
5,Lv.27,こわいかお
5,Lv.34,かえんほうしゃ
5,Lv.41,きりさく
5,Lv.48,りゅうのいかり
5,Lv.55,ほのおのうず
5,Lv.1,ひっかく
5,Lv.1,なきごえ
5,Lv.1,ひのこ
5,Lv.7,ひのこ
5,Lv.13,メタルクロー
5,Lv.20,えんまく
5,Lv.27,こわいかお
5,Lv.34,かえんほうしゃ
5,Lv.41,きりさく
5,Lv.48,りゅうのいかり
5,Lv.55,ほのおのうず
6,Lv.1,ひっかく
6,Lv.1,なきごえ
6,Lv.1,ひのこ
6,Lv.1,えんまく
6,Lv.7,ひのこ
6,Lv.13,えんまく
6,Lv.20,いかり
6,Lv.27,こわいかお
6,Lv.34,かえんほうしゃ
6,Lv.36,つばさでうつ
6,Lv.44,きりさく
6,Lv.54,りゅうのいかり
6,Lv.64,ほのおのうず
6,Lv.1,ねっぷう
6,Lv.1,ひっかく
6,Lv.1,なきごえ
6,Lv.1,ひのこ
6,Lv.1,メタルクロー
6,Lv.7,ひのこ
6,Lv.13,メタルクロー
6,Lv.20,えんまく
6,Lv.27,こわいかお
6,Lv.34,かえんほうしゃ
6,Lv.36,つばさでうつ
6,Lv.44,きりさく
6,Lv.54,りゅうのいかり
6,Lv.64,ほのおのうず
7,Lv.1,たいあたり
7,Lv.4,しっぽをふる
7,Lv.7,あわ
7,Lv.10,からにこもる
7,Lv.13,みずでっぽう
7,Lv.18,かみつく
7,Lv.23,こうそくスピン
7,Lv.28,まもる
7,Lv.33,あまごい
7,Lv.40,ロケットずつき
7,Lv.47,ハイドロポンプ
8,Lv.1,たいあたり
8,Lv.1,しっぽをふる
8,Lv.1,あわ
8,Lv.4,しっぽをふる
8,Lv.7,あわ
8,Lv.10,からにこもる
8,Lv.13,みずでっぽう
8,Lv.19,かみつく
8,Lv.25,こうそくスピン
8,Lv.31,まもる
8,Lv.37,あまごい
8,Lv.45,ロケットずつき
8,Lv.53,ハイドロポンプ
9,Lv.1,たいあたり
9,Lv.1,しっぽをふる
9,Lv.1,あわ
9,Lv.1,からにこもる
9,Lv.4,しっぽをふる
9,Lv.7,あわ
9,Lv.10,からにこもる
9,Lv.13,みずでっぽう
9,Lv.19,かみつく
9,Lv.25,こうそくスピン
9,Lv.31,まもる
9,Lv.42,あまごい
9,Lv.55,ロケットずつき
9,Lv.68,ハイドロポンプ
10,Lv.1,たいあたり
10,Lv.1,いとをはく
11,Lv.1,かたくなる
11,Lv.7,かたくなる
12,Lv.1,ねんりき
12,Lv.10,ねんりき
12,Lv.13,どくのこな
12,Lv.14,しびれごな
12,Lv.15,ねむりごな
12,Lv.18,ちょうおんぱ
12,Lv.23,ふきとばし
12,Lv.28,かぜおこし
12,Lv.34,サイケこうせん
12,Lv.40,しんぴのまもり
12,Lv.47,ぎんいろのかぜ
13,Lv.1,どくばり
13,Lv.1,いとをはく
14,Lv.1,かたくなる
14,Lv.7,かたくなる
15,Lv.1,みだれづき
15,Lv.10,みだれづき
15,Lv.15,きあいだめ
15,Lv.20,ダブルニードル
15,Lv.25,いかり
15,Lv.30,おいうち
15,Lv.35,ミサイルばり
15,Lv.40,こうそくいどう
15,Lv.45,がむしゃら
16,Lv.1,たいあたり
16,Lv.5,すなかけ
16,Lv.9,かぜおこし
16,Lv.13,でんこうせっか
16,Lv.19,ふきとばし
16,Lv.25,つばさでうつ
16,Lv.31,フェザーダンス
16,Lv.39,こうそくいどう
16,Lv.47,オウムがえし
17,Lv.1,たいあたり
17,Lv.1,すなかけ
17,Lv.1,かぜおこし
17,Lv.5,すなかけ
17,Lv.9,かぜおこし
17,Lv.13,でんこうせっか
17,Lv.20,ふきとばし
17,Lv.27,つばさでうつ
17,Lv.34,フェザーダンス
17,Lv.43,こうそくいどう
17,Lv.52,オウムがえし
18,Lv.1,たいあたり
18,Lv.1,すなかけ
18,Lv.1,かぜおこし
18,Lv.1,でんこうせっか
18,Lv.5,すなかけ
18,Lv.9,かぜおこし
18,Lv.13,でんこうせっか
18,Lv.20,ふきとばし
18,Lv.27,つばさでうつ
18,Lv.34,フェザーダンス
18,Lv.48,こうそくいどう
18,Lv.62,オウムがえし
19,Lv.1,たいあたり
19,Lv.1,しっぽをふる
19,Lv.7,でんこうせっか
19,Lv.13,ひっさつまえば
19,Lv.20,きあいだめ
19,Lv.27,おいうち
19,Lv.34,いかりのまえば
19,Lv.41,がむしゃら
20,Lv.1,たいあたり
20,Lv.1,しっぽをふる
20,Lv.1,でんこうせっか
20,Lv.7,でんこうせっか
20,Lv.13,ひっさつまえば
20,Lv.20,こわいかお
20,Lv.30,おいうち
20,Lv.40,いかりのまえば
20,Lv.50,がむしゃら
21,Lv.1,つつく
21,Lv.1,なきごえ
21,Lv.7,にらみつける
21,Lv.13,みだれづき
21,Lv.19,おいうち
21,Lv.25,つばめがえし
21,Lv.31,オウムがえし
21,Lv.37,ドリルくちばし
21,Lv.43,こうそくいどう
22,Lv.1,つつく
22,Lv.1,なきごえ
22,Lv.1,にらみつける
22,Lv.1,みだれづき
22,Lv.7,にらみつける
22,Lv.13,みだれづき
22,Lv.26,おいうち
22,Lv.32,オウムがえし
22,Lv.40,ドリルくちばし
22,Lv.47,こうそくいどう
23,Lv.1,まきつく
23,Lv.1,にらみつける
23,Lv.8,どくばり
23,Lv.13,かみつく
23,Lv.20,へびにらみ
23,Lv.25,いやなおと
23,Lv.32,ようかいえき
23,Lv.37,たくわえる
23,Lv.37,のみこむ
23,Lv.37,はきだす
23,Lv.44,くろいきり
24,Lv.1,まきつく
24,Lv.1,にらみつける
24,Lv.1,どくばり
24,Lv.1,かみつく
24,Lv.8,どくばり
24,Lv.13,かみつく
24,Lv.20,へびにらみ
24,Lv.28,いやなおと
24,Lv.38,ようかいえき
24,Lv.46,たくわえる
24,Lv.46,のみこむ
24,Lv.46,はきだす
24,Lv.56,くろいきり
25,Lv.1,でんきショック
25,Lv.1,なきごえ
25,Lv.6,しっぽをふる
25,Lv.8,でんじは
25,Lv.11,でんこうせっか
25,Lv.15,かげぶんしん
25,Lv.20,たたきつける
25,Lv.26,10まんボルト
25,Lv.33,こうそくいどう
25,Lv.41,かみなり
25,Lv.50,ひかりのかべ
26,Lv.1,でんきショック
26,Lv.1,しっぽをふる
26,Lv.1,でんこうせっか
26,Lv.1,10まんボルト
27,Lv.1,ひっかく
27,Lv.6,まるくなる
27,Lv.11,すなかけ
27,Lv.17,どくばり
27,Lv.23,きりさく
27,Lv.30,スピードスター
27,Lv.37,みだれひっかき
27,Lv.45,すなじごく
27,Lv.53,すなあらし
28,Lv.1,ひっかく
28,Lv.1,まるくなる
28,Lv.1,すなかけ
28,Lv.6,まるくなる
28,Lv.11,すなかけ
28,Lv.17,どくばり
28,Lv.24,きりさく
28,Lv.33,スピードスター
28,Lv.42,みだれひっかき
28,Lv.52,すなじごく
28,Lv.62,すなあらし
29,Lv.1,なきごえ
29,Lv.1,ひっかく
29,Lv.8,しっぽをふる
29,Lv.12,にどげり
29,Lv.17,どくばり
29,Lv.20,かみつく
29,Lv.23,てだすけ
29,Lv.30,みだれひっかき
29,Lv.38,おだてる
29,Lv.47,かみくだく
30,Lv.1,なきごえ
30,Lv.1,ひっかく
30,Lv.8,しっぽをふる
30,Lv.12,にどげり
30,Lv.18,どくばり
30,Lv.22,かみつく
30,Lv.26,てだすけ
30,Lv.34,みだれひっかき
30,Lv.43,おだてる
30,Lv.53,かみくだく
31,Lv.1,ひっかく
31,Lv.1,しっぽをふる
31,Lv.1,にどげり
31,Lv.1,どくばり
31,Lv.23,のしかかり
31,Lv.1,ひっかく
31,Lv.1,しっぽをふる
31,Lv.1,にどげり
31,Lv.1,どくばり
31,Lv.22,のしかかり
31,Lv.43,ばかぢから
32,Lv.1,にらみつける
32,Lv.1,つつく
32,Lv.8,きあいだめ
32,Lv.12,にどげり
32,Lv.17,どくばり
32,Lv.20,つのでつく
32,Lv.23,てだすけ
32,Lv.30,みだれづき
32,Lv.38,おだてる
32,Lv.47,つのドリル
33,Lv.1,にらみつける
33,Lv.1,つつく
33,Lv.8,きあいだめ
33,Lv.12,にどげり
33,Lv.18,どくばり
33,Lv.22,つのでつく
33,Lv.26,てだすけ
33,Lv.34,みだれづき
33,Lv.43,おだてる
33,Lv.53,つのドリル
34,Lv.1,つつく
34,Lv.1,きあいだめ
34,Lv.1,にどげり
34,Lv.1,どくばり
34,Lv.23,あばれる
34,Lv.1,つつく
34,Lv.1,きあいだめ
34,Lv.1,にどげり
34,Lv.1,どくばり
34,Lv.22,あばれる
34,Lv.43,メガホーン
35,Lv.1,はたく
35,Lv.1,なきごえ
35,Lv.5,アンコール
35,Lv.9,うたう
35,Lv.13,おうふくビンタ
35,Lv.17,このゆびとまれ
35,Lv.21,ちいさくなる
35,Lv.25,まるくなる
35,Lv.29,ゆびをふる
35,Lv.33,コスモパワー
35,Lv.37,つきのひかり
35,Lv.41,ひかりのかべ
35,Lv.45,コメットパンチ
36,Lv.1,うたう
36,Lv.1,おうふくビンタ
36,Lv.1,ちいさくなる
36,Lv.1,ゆびをふる
37,Lv.1,ひのこ
37,Lv.5,しっぽをふる
37,Lv.9,ほえる
37,Lv.13,でんこうせっか
37,Lv.17,おにび
37,Lv.21,あやしいひかり
37,Lv.25,ふういん
37,Lv.29,かえんほうしゃ
37,Lv.33,しんぴのまもり
37,Lv.37,おんねん
37,Lv.41,ほのおのうず
38,Lv.1,ひのこ
38,Lv.1,でんこうせっか
38,Lv.1,あやしいひかり
38,Lv.1,しんぴのまもり
38,Lv.45,ほのおのうず
39,Lv.1,うたう
39,Lv.4,まるくなる
39,Lv.9,はたく
39,Lv.14,かなしばり
39,Lv.19,ころがる
39,Lv.24,おうふくビンタ
39,Lv.29,ねむる
39,Lv.34,のしかかり
39,Lv.39,ものまね
39,Lv.44,ハイパーボイス
39,Lv.49,すてみタックル
40,Lv.1,うたう
40,Lv.1,かなしばり
40,Lv.1,まるくなる
40,Lv.1,おうふくビンタ
41,Lv.1,きゅうけつ
41,Lv.6,ちょうおんぱ
41,Lv.11,おどろかす
41,Lv.16,かみつく
41,Lv.21,つばさでうつ
41,Lv.26,あやしいひかり
41,Lv.31,エアカッター
41,Lv.36,くろいまなざし
41,Lv.41,どくどくのキバ
41,Lv.46,くろいきり
41,Lv.1,きゅうけつ
41,Lv.6,おどろかす
41,Lv.11,ちょうおんぱ
41,Lv.16,かみつく
41,Lv.21,つばさでうつ
41,Lv.26,あやしいひかり
41,Lv.31,エアカッター
41,Lv.36,くろいまなざし
41,Lv.41,どくどくのキバ
41,Lv.46,くろいきり
42,Lv.1,いやなおと
42,Lv.1,きゅうけつ
42,Lv.1,ちょうおんぱ
42,Lv.1,おどろかす
42,Lv.6,ちょうおんぱ
42,Lv.11,おどろかす
42,Lv.16,かみつく
42,Lv.21,つばさでうつ
42,Lv.28,あやしいひかり
42,Lv.35,エアカッター
42,Lv.42,くろいまなざし
42,Lv.49,どくどくのキバ
42,Lv.56,くろいきり
42,Lv.1,いやなおと
42,Lv.1,きゅうけつ
42,Lv.1,おどろかす
42,Lv.1,ちょうおんぱ
42,Lv.6,おどろかす
42,Lv.11,ちょうおんぱ
42,Lv.16,かみつく
42,Lv.21,つばさでうつ
42,Lv.28,あやしいひかり
42,Lv.35,エアカッター
42,Lv.42,くろいまなざし
42,Lv.49,どくどくのキバ
42,Lv.56,くろいきり
43,Lv.1,すいとる
43,Lv.7,あまいかおり
43,Lv.14,どくのこな
43,Lv.16,しびれごな
43,Lv.18,ねむりごな
43,Lv.23,ようかいえき
43,Lv.32,つきのひかり
43,Lv.39,はなびらのまい
44,Lv.1,すいとる
44,Lv.1,あまいかおり
44,Lv.1,どくのこな
44,Lv.7,あまいかおり
44,Lv.14,どくのこな
44,Lv.16,しびれごな
44,Lv.18,ねむりごな
44,Lv.24,ようかいえき
44,Lv.35,つきのひかり
44,Lv.44,はなびらのまい
45,Lv.1,すいとる
45,Lv.1,アロマセラピー
45,Lv.1,しびれごな
45,Lv.1,メガドレイン
45,Lv.44,はなびらのまい
46,Lv.1,ひっかく
46,Lv.7,しびれごな
46,Lv.13,どくのこな
46,Lv.19,きゅうけつ
46,Lv.25,キノコのほうし
46,Lv.31,きりさく
46,Lv.37,せいちょう
46,Lv.43,ギガドレイン
46,Lv.49,アロマセラピー
47,Lv.1,ひっかく
47,Lv.1,しびれごな
47,Lv.1,どくのこな
47,Lv.7,しびれごな
47,Lv.13,どくのこな
47,Lv.19,きゅうけつ
47,Lv.27,キノコのほうし
47,Lv.35,きりさく
47,Lv.43,せいちょう
47,Lv.51,ギガドレイン
47,Lv.59,アロマセラピー
48,Lv.1,たいあたり
48,Lv.1,かなしばり
48,Lv.1,みやぶる
48,Lv.9,ちょうおんぱ
48,Lv.17,ねんりき
48,Lv.20,どくのこな
48,Lv.25,きゅうけつ
48,Lv.28,しびれごな
48,Lv.33,サイケこうせん
48,Lv.36,ねむりごな
48,Lv.41,サイコキネシス
49,Lv.1,ぎんいろのかぜ
49,Lv.1,たいあたり
49,Lv.1,かなしばり
49,Lv.1,みやぶる
49,Lv.1,ちょうおんぱ
49,Lv.9,ちょうおんぱ
49,Lv.17,ねんりき
49,Lv.20,どくのこな
49,Lv.25,きゅうけつ
49,Lv.28,しびれごな
49,Lv.31,かぜおこし
49,Lv.36,サイケこうせん
49,Lv.42,ねむりごな
49,Lv.52,サイコキネシス
50,Lv.1,ひっかく
50,Lv.1,すなかけ
50,Lv.5,なきごえ
50,Lv.9,マグニチュード
50,Lv.17,あなをほる
50,Lv.25,どろかけ
50,Lv.33,きりさく
50,Lv.41,じしん
50,Lv.49,じわれ
50,Lv.1,すなかけ
50,Lv.1,ひっかく
50,Lv.5,なきごえ
50,Lv.9,マグニチュード
50,Lv.17,あなをほる
50,Lv.21,みだれひっかき
50,Lv.25,どろかけ
50,Lv.33,きりさく
50,Lv.41,じしん
50,Lv.49,じわれ
51,Lv.1,トライアタック
51,Lv.1,ひっかく
51,Lv.1,すなかけ
51,Lv.1,なきごえ
51,Lv.5,なきごえ
51,Lv.9,マグニチュード
51,Lv.17,あなをほる
51,Lv.25,どろかけ
51,Lv.26,すなじごく
51,Lv.38,きりさく
51,Lv.51,じしん
51,Lv.64,じわれ
51,Lv.1,トライアタック
51,Lv.1,すなかけ
51,Lv.1,ひっかく
51,Lv.1,なきごえ
51,Lv.5,なきごえ
51,Lv.9,マグニチュード
51,Lv.17,あなをほる
51,Lv.21,みだれひっかき
51,Lv.25,どろかけ
51,Lv.26,すなじごく
51,Lv.38,きりさく
51,Lv.51,じしん
51,Lv.64,じわれ
52,Lv.1,ひっかく
52,Lv.1,なきごえ
52,Lv.11,かみつく
52,Lv.20,ネコにこばん
52,Lv.28,だましうち
52,Lv.35,いやなおと
52,Lv.41,みだれひっかき
52,Lv.46,きりさく
52,Lv.50,ねこだまし
52,Lv.1,ひっかく
52,Lv.1,なきごえ
52,Lv.10,かみつく
52,Lv.18,ネコにこばん
52,Lv.25,だましうち
52,Lv.31,いやなおと
52,Lv.36,みだれひっかき
52,Lv.40,きりさく
52,Lv.43,ねこだまし
52,Lv.45,いばる
53,Lv.1,ひっかく
53,Lv.1,なきごえ
53,Lv.1,かみつく
53,Lv.11,かみつく
53,Lv.20,ネコにこばん
53,Lv.29,だましうち
53,Lv.38,いやなおと
53,Lv.46,みだれひっかき
53,Lv.53,きりさく
53,Lv.59,ねこだまし
53,Lv.1,ひっかく
53,Lv.1,なきごえ
53,Lv.1,かみつく
53,Lv.10,かみつく
53,Lv.18,ネコにこばん
53,Lv.25,だましうち
53,Lv.34,いやなおと
53,Lv.42,みだれひっかき
53,Lv.49,きりさく
53,Lv.55,ねこだまし
53,Lv.61,いばる
54,Lv.1,みずあそび
54,Lv.1,ひっかく
54,Lv.5,しっぽをふる
54,Lv.10,かなしばり
54,Lv.16,ねんりき
54,Lv.23,いやなおと
54,Lv.31,じこあんじ
54,Lv.40,みだれひっかき
54,Lv.50,ハイドロポンプ
55,Lv.1,みずあそび
55,Lv.1,ひっかく
55,Lv.1,しっぽをふる
55,Lv.1,かなしばり
55,Lv.5,しっぽをふる
55,Lv.10,かなしばり
55,Lv.16,ねんりき
55,Lv.23,いやなおと
55,Lv.31,じこあんじ
55,Lv.44,みだれひっかき
55,Lv.58,ハイドロポンプ
56,Lv.1,ひっかく
56,Lv.1,にらみつける
56,Lv.9,けたぐり
56,Lv.15,からてチョップ
56,Lv.21,みだれひっかき
56,Lv.27,きあいだめ
56,Lv.33,ちきゅうなげ
56,Lv.39,クロスチョップ
56,Lv.45,いやなおと
56,Lv.51,あばれる
56,Lv.1,ひっかく
56,Lv.1,にらみつける
56,Lv.6,けたぐり
56,Lv.11,からてチョップ
56,Lv.16,みだれひっかき
56,Lv.21,きあいだめ
56,Lv.26,ちきゅうなげ
56,Lv.31,クロスチョップ
56,Lv.36,いばる
56,Lv.41,いやなおと
56,Lv.46,あばれる
57,Lv.1,ひっかく
57,Lv.1,にらみつける
57,Lv.1,けたぐり
57,Lv.1,いかり
57,Lv.9,けたぐり
57,Lv.15,からてチョップ
57,Lv.21,みだれひっかき
57,Lv.27,きあいだめ
57,Lv.28,いかり
57,Lv.36,ちきゅうなげ
57,Lv.45,クロスチョップ
57,Lv.54,いやなおと
57,Lv.63,あばれる
57,Lv.1,ひっかく
57,Lv.1,にらみつける
57,Lv.1,けたぐり
57,Lv.1,いかり
57,Lv.6,けたぐり
57,Lv.11,からてチョップ
57,Lv.16,みだれひっかき
57,Lv.21,きあいだめ
57,Lv.26,ちきゅうなげ
57,Lv.28,いかり
57,Lv.35,クロスチョップ
57,Lv.44,いばる
57,Lv.53,いやなおと
57,Lv.62,あばれる
58,Lv.1,かみつく
58,Lv.1,ほえる
58,Lv.7,ひのこ
58,Lv.13,にらみつける
58,Lv.19,かぎわける
58,Lv.25,とっしん
58,Lv.31,かえんぐるま
58,Lv.37,てだすけ
58,Lv.43,こうそくいどう
58,Lv.49,かえんほうしゃ
59,Lv.1,かみつく
59,Lv.1,ほえる
59,Lv.1,ひのこ
59,Lv.1,かぎわける
59,Lv.49,しんそく
60,Lv.1,あわ
60,Lv.7,さいみんじゅつ
60,Lv.13,みずでっぽう
60,Lv.19,おうふくビンタ
60,Lv.25,あまごい
60,Lv.31,のしかかり
60,Lv.37,はらだいこ
60,Lv.43,ハイドロポンプ
61,Lv.1,あわ
61,Lv.1,さいみんじゅつ
61,Lv.1,みずでっぽう
61,Lv.7,さいみんじゅつ
61,Lv.13,みずでっぽう
61,Lv.19,おうふくビンタ
61,Lv.27,あまごい
61,Lv.35,のしかかり
61,Lv.43,はらだいこ
61,Lv.51,ハイドロポンプ
62,Lv.1,みずでっぽう
62,Lv.1,さいみんじゅつ
62,Lv.1,おうふくビンタ
62,Lv.1,じごくぐるま
62,Lv.35,じごくぐるま
62,Lv.51,こころのめ
63,Lv.1,テレポート
64,Lv.1,テレポート
64,Lv.1,スプーンまげ
64,Lv.1,ねんりき
64,Lv.16,ねんりき
64,Lv.18,かなしばり
64,Lv.21,サイケこうせん
64,Lv.23,リフレクター
64,Lv.25,じこさいせい
64,Lv.30,みらいよち
64,Lv.33,なりきり
64,Lv.36,サイコキネシス
64,Lv.43,トリック
65,Lv.1,テレポート
65,Lv.1,スプーンまげ
65,Lv.1,ねんりき
65,Lv.16,ねんりき
65,Lv.18,かなしばり
65,Lv.21,サイケこうせん
65,Lv.23,リフレクター
65,Lv.25,じこさいせい
65,Lv.30,みらいよち
65,Lv.33,めいそう
65,Lv.36,サイコキネシス
65,Lv.43,トリック
66,Lv.1,けたぐり
66,Lv.1,にらみつける
66,Lv.7,きあいだめ
66,Lv.13,からてチョップ
66,Lv.19,ちきゅうなげ
66,Lv.22,みやぶる
66,Lv.25,リベンジ
66,Lv.31,あてみなげ
66,Lv.37,じごくぐるま
66,Lv.40,クロスチョップ
66,Lv.43,こわいかお
66,Lv.49,ばくれつパンチ
67,Lv.1,けたぐり
67,Lv.1,にらみつける
67,Lv.1,きあいだめ
67,Lv.7,きあいだめ
67,Lv.13,からてチョップ
67,Lv.19,ちきゅうなげ
67,Lv.22,みやぶる
67,Lv.25,リベンジ
67,Lv.33,あてみなげ
67,Lv.41,じごくぐるま
67,Lv.46,クロスチョップ
67,Lv.51,こわいかお
67,Lv.59,ばくれつパンチ
68,Lv.1,けたぐり
68,Lv.1,にらみつける
68,Lv.1,きあいだめ
68,Lv.7,きあいだめ
68,Lv.13,からてチョップ
68,Lv.19,ちきゅうなげ
68,Lv.22,みやぶる
68,Lv.25,リベンジ
68,Lv.33,あてみなげ
68,Lv.41,じごくぐるま
68,Lv.46,クロスチョップ
68,Lv.51,こわいかお
68,Lv.59,ばくれつパンチ
69,Lv.1,つるのムチ
69,Lv.6,せいちょう
69,Lv.11,まきつく
69,Lv.15,ねむりごな
69,Lv.17,どくのこな
69,Lv.19,しびれごな
69,Lv.23,ようかいえき
69,Lv.30,あまいかおり
69,Lv.37,はっぱカッター
69,Lv.45,たたきつける
70,Lv.1,つるのムチ
70,Lv.1,せいちょう
70,Lv.1,まきつく
70,Lv.6,せいちょう
70,Lv.11,まきつく
70,Lv.15,ねむりごな
70,Lv.17,どくのこな
70,Lv.19,しびれごな
70,Lv.24,ようかいえき
70,Lv.33,あまいかおり
70,Lv.42,はっぱカッター
70,Lv.54,たたきつける
71,Lv.1,つるのムチ
71,Lv.1,ねむりごな
71,Lv.1,あまいかおり
71,Lv.1,はっぱカッター
71,Lv.1,たくわえる
71,Lv.1,はきだす
71,Lv.1,のみこむ
71,Lv.1,つるのムチ
71,Lv.1,ねむりごな
71,Lv.1,あまいかおり
71,Lv.1,はっぱカッター
72,Lv.1,どくばり
72,Lv.6,ちょうおんぱ
72,Lv.12,からみつく
72,Lv.19,ようかいえき
72,Lv.25,バブルこうせん
72,Lv.30,まきつく
72,Lv.36,バリアー
72,Lv.43,いやなおと
72,Lv.49,ハイドロポンプ
73,Lv.1,どくばり
73,Lv.1,ちょうおんぱ
73,Lv.1,からみつく
73,Lv.6,ちょうおんぱ
73,Lv.12,からみつく
73,Lv.19,ようかいえき
73,Lv.25,バブルこうせん
73,Lv.30,まきつく
73,Lv.38,バリアー
73,Lv.47,いやなおと
73,Lv.55,ハイドロポンプ
74,Lv.1,たいあたり
74,Lv.1,まるくなる
74,Lv.6,どろあそび
74,Lv.11,いわおとし
74,Lv.16,マグニチュード
74,Lv.21,じばく
74,Lv.26,ころがる
74,Lv.31,ロックブラスト
74,Lv.36,じしん
74,Lv.41,だいばくはつ
74,Lv.46,すてみタックル
75,Lv.1,たいあたり
75,Lv.1,まるくなる
75,Lv.1,どろあそび
75,Lv.1,いわおとし
75,Lv.6,どろあそび
75,Lv.11,いわおとし
75,Lv.16,マグニチュード
75,Lv.21,じばく
75,Lv.29,ころがる
75,Lv.37,ロックブラスト
75,Lv.45,じしん
75,Lv.53,だいばくはつ
75,Lv.62,すてみタックル
76,Lv.1,たいあたり
76,Lv.1,まるくなる
76,Lv.1,どろあそび
76,Lv.1,いわおとし
76,Lv.6,どろあそび
76,Lv.11,いわおとし
76,Lv.16,マグニチュード
76,Lv.21,じばく
76,Lv.29,ころがる
76,Lv.37,ロックブラスト
76,Lv.45,じしん
76,Lv.53,だいばくはつ
76,Lv.62,すてみタックル
77,Lv.1,たいあたり
77,Lv.5,なきごえ
77,Lv.9,しっぽをふる
77,Lv.14,ひのこ
77,Lv.19,ふみつけ
77,Lv.25,ほのおのうず
77,Lv.31,とっしん
77,Lv.38,こうそくいどう
77,Lv.45,とびはねる
77,Lv.53,だいもんじ
77,Lv.1,でんこうせっか
77,Lv.5,なきごえ
77,Lv.9,しっぽをふる
77,Lv.14,ひのこ
77,Lv.19,ふみつけ
77,Lv.25,ほのおのうず
77,Lv.31,とっしん
77,Lv.38,こうそくいどう
77,Lv.45,とびはねる
77,Lv.53,だいもんじ
78,Lv.1,たいあたり
78,Lv.1,なきごえ
78,Lv.1,しっぽをふる
78,Lv.1,ひのこ
78,Lv.5,なきごえ
78,Lv.9,しっぽをふる
78,Lv.14,ひのこ
78,Lv.19,ふみつけ
78,Lv.25,ほのおのうず
78,Lv.31,とっしん
78,Lv.38,こうそくいどう
78,Lv.40,みだれづき
78,Lv.50,とびはねる
78,Lv.63,だいもんじ
78,Lv.1,でんこうせっか
78,Lv.1,なきごえ
78,Lv.1,しっぽをふる
78,Lv.1,ひのこ
78,Lv.5,なきごえ
78,Lv.9,しっぽをふる
78,Lv.14,ひのこ
78,Lv.19,ふみつけ
78,Lv.25,ほのおのうず
78,Lv.31,とっしん
78,Lv.38,こうそくいどう
78,Lv.40,みだれづき
78,Lv.50,とびはねる
78,Lv.63,だいもんじ
79,Lv.1,のろい
79,Lv.1,あくび
79,Lv.1,たいあたり
79,Lv.6,なきごえ
79,Lv.15,みずでっぽう
79,Lv.20,ねんりき
79,Lv.29,かなしばり
79,Lv.34,ずつき
79,Lv.43,ドわすれ
79,Lv.48,サイコキネシス
79,Lv.1,のろい
79,Lv.1,あくび
79,Lv.1,たいあたり
79,Lv.6,なきごえ
79,Lv.13,みずでっぽう
79,Lv.17,ねんりき
79,Lv.24,かなしばり
79,Lv.29,ずつき
79,Lv.36,ドわすれ
79,Lv.40,サイコキネシス
79,Lv.47,じこあんじ
80,Lv.1,のろい
80,Lv.1,あくび
80,Lv.1,たいあたり
80,Lv.1,なきごえ
80,Lv.6,なきごえ
80,Lv.15,みずでっぽう
80,Lv.20,ねんりき
80,Lv.29,かなしばり
80,Lv.34,ずつき
80,Lv.37,からにこもる
80,Lv.46,ドわすれ
80,Lv.54,サイコキネシス
80,Lv.1,のろい
80,Lv.1,あくび
80,Lv.1,たいあたり
80,Lv.1,なきごえ
80,Lv.6,なきごえ
80,Lv.13,みずでっぽう
80,Lv.17,ねんりき
80,Lv.24,かなしばり
80,Lv.29,ずつき
80,Lv.36,ドわすれ
80,Lv.37,からにこもる
80,Lv.44,サイコキネシス
80,Lv.55,じこあんじ
81,Lv.1,きんぞくおん
81,Lv.1,たいあたり
81,Lv.6,でんきショック
81,Lv.11,ちょうおんぱ
81,Lv.16,ソニックブーム
81,Lv.21,でんじは
81,Lv.26,スパーク
81,Lv.32,ロックオン
81,Lv.38,スピードスター
81,Lv.44,いやなおと
81,Lv.50,でんじほう
82,Lv.1,きんぞくおん
82,Lv.1,たいあたり
82,Lv.1,でんきショック
82,Lv.1,ちょうおんぱ
82,Lv.6,でんきショック
82,Lv.11,ちょうおんぱ
82,Lv.16,ソニックブーム
82,Lv.21,でんじは
82,Lv.26,スパーク
82,Lv.35,ロックオン
82,Lv.44,トライアタック
82,Lv.53,いやなおと
82,Lv.62,でんじほう
83,Lv.1,つつく
83,Lv.6,すなかけ
83,Lv.11,にらみつける
83,Lv.16,みだれづき
83,Lv.21,はたきおとす
83,Lv.26,れんぞくぎり
83,Lv.31,つるぎのまい
83,Lv.36,こうそくいどう
83,Lv.41,きりさく
83,Lv.46,みねうち
84,Lv.1,つつく
84,Lv.1,なきごえ
84,Lv.9,おいうち
84,Lv.13,みだれづき
84,Lv.21,トライアタック
84,Lv.25,いかり
84,Lv.33,さわぐ
84,Lv.37,ドリルくちばし
84,Lv.45,こうそくいどう
85,Lv.1,つつく
85,Lv.1,なきごえ
85,Lv.1,おいうち
85,Lv.1,みだれづき
85,Lv.9,おいうち
85,Lv.13,みだれづき
85,Lv.21,トライアタック
85,Lv.25,いかり
85,Lv.38,さわぐ
85,Lv.47,ドリルくちばし
85,Lv.60,こうそくいどう
86,Lv.1,ずつき
86,Lv.9,なきごえ
86,Lv.17,こごえるかぜ
86,Lv.21,オーロラビーム
86,Lv.29,ねむる
86,Lv.37,とっしん
86,Lv.41,れいとうビーム
86,Lv.49,しんぴのまもり
87,Lv.1,ずつき
87,Lv.1,なきごえ
87,Lv.1,こごえるかぜ
87,Lv.1,オーロラビーム
87,Lv.9,なきごえ
87,Lv.17,こごえるかぜ
87,Lv.21,オーロラビーム
87,Lv.29,ねむる
87,Lv.34,ぜったいれいど
87,Lv.42,とっしん
87,Lv.51,れいとうビーム
87,Lv.64,しんぴのまもり
87,Lv.1,シグナルビーム
87,Lv.1,ずつき
87,Lv.1,なきごえ
87,Lv.1,こごえるかぜ
87,Lv.1,オーロラビーム
87,Lv.9,なきごえ
87,Lv.17,こごえるかぜ
87,Lv.21,オーロラビーム
87,Lv.29,ねむる
87,Lv.34,ぜったいれいど
87,Lv.42,とっしん
87,Lv.51,れいとうビーム
87,Lv.64,しんぴのまもり
88,Lv.1,どくガス
88,Lv.1,はたく
88,Lv.4,かたくなる
88,Lv.8,かなしばり
88,Lv.13,ヘドロこうげき
88,Lv.19,ちいさくなる
88,Lv.26,いやなおと
88,Lv.34,とける
88,Lv.43,ヘドロばくだん
88,Lv.53,おきみやげ
89,Lv.1,どくガス
89,Lv.1,はたく
89,Lv.1,かたくなる
89,Lv.4,かたくなる
89,Lv.8,かなしばり
89,Lv.13,ヘドロこうげき
89,Lv.19,ちいさくなる
89,Lv.26,いやなおと
89,Lv.34,とける
89,Lv.47,ヘドロばくだん
89,Lv.61,おきみやげ
90,Lv.1,たいあたり
90,Lv.1,からにこもる
90,Lv.9,ちょうおんぱ
90,Lv.17,オーロラビーム
90,Lv.25,まもる
90,Lv.33,にらみつける
90,Lv.41,からではさむ
90,Lv.49,れいとうビーム
90,Lv.1,たいあたり
90,Lv.1,からにこもる
90,Lv.8,つららばり
90,Lv.15,ちょうおんぱ
90,Lv.22,オーロラビーム
90,Lv.29,まもる
90,Lv.36,にらみつける
90,Lv.43,からではさむ
90,Lv.50,れいとうビーム
91,Lv.1,からにこもる
91,Lv.1,ちょうおんぱ
91,Lv.1,オーロラビーム
91,Lv.1,まもる
91,Lv.33,まきびし
91,Lv.41,とげキャノン
91,Lv.1,からにこもる
91,Lv.1,ちょうおんぱ
91,Lv.1,オーロラビーム
91,Lv.1,まもる
91,Lv.36,まきびし
91,Lv.43,とげキャノン
92,Lv.1,さいみんじゅつ
92,Lv.1,したでなめる
92,Lv.8,うらみ
92,Lv.13,くろいまなざし
92,Lv.16,のろい
92,Lv.21,ナイトヘッド
92,Lv.28,あやしいひかり
92,Lv.33,ゆめくい
92,Lv.36,みちづれ
92,Lv.1,さいみんじゅつ
92,Lv.1,したでなめる
92,Lv.8,うらみ
92,Lv.13,のろい
92,Lv.16,ナイトヘッド
92,Lv.21,あやしいひかり
92,Lv.28,ゆめくい
92,Lv.33,みちづれ
92,Lv.36,シャドーボール
92,Lv.41,あくむ
92,Lv.48,くろいまなざし
93,Lv.1,さいみんじゅつ
93,Lv.1,したでなめる
93,Lv.1,うらみ
93,Lv.8,うらみ
93,Lv.13,くろいまなざし
93,Lv.16,のろい
93,Lv.21,ナイトヘッド
93,Lv.25,シャドーパンチ
93,Lv.31,あやしいひかり
93,Lv.39,ゆめくい
93,Lv.48,みちづれ
93,Lv.1,さいみんじゅつ
93,Lv.1,したでなめる
93,Lv.1,うらみ
93,Lv.8,うらみ
93,Lv.13,のろい
93,Lv.16,ナイトヘッド
93,Lv.21,あやしいひかり
93,Lv.25,シャドーパンチ
93,Lv.31,ゆめくい
93,Lv.39,みちづれ
93,Lv.45,シャドーボール
93,Lv.53,あくむ
93,Lv.64,くろいまなざし
94,Lv.1,さいみんじゅつ
94,Lv.1,したでなめる
94,Lv.1,うらみ
94,Lv.8,うらみ
94,Lv.13,くろいまなざし
94,Lv.16,のろい
94,Lv.21,ナイトヘッド
94,Lv.25,シャドーパンチ
94,Lv.31,あやしいひかり
94,Lv.39,ゆめくい
94,Lv.48,みちづれ
94,Lv.1,さいみんじゅつ
94,Lv.1,したでなめる
94,Lv.1,うらみ
94,Lv.8,うらみ
94,Lv.13,のろい
94,Lv.16,ナイトヘッド
94,Lv.21,あやしいひかり
94,Lv.25,シャドーパンチ
94,Lv.31,ゆめくい
94,Lv.39,みちづれ
94,Lv.45,シャドーボール
94,Lv.53,あくむ
94,Lv.64,くろいまなざし
95,Lv.1,たいあたり
95,Lv.1,いやなおと
95,Lv.9,しめつける
95,Lv.13,いわおとし
95,Lv.21,かたくなる
95,Lv.25,いかり
95,Lv.33,すなあらし
95,Lv.37,たたきつける
95,Lv.45,アイアンテール
95,Lv.49,すなじごく
95,Lv.57,すてみタックル
95,Lv.1,たいあたり
95,Lv.1,いやなおと
95,Lv.8,しめつける
95,Lv.12,いわおとし
95,Lv.19,かたくなる
95,Lv.23,いかり
95,Lv.30,りゅうのいぶき
95,Lv.34,すなあらし
95,Lv.41,たたきつける
95,Lv.45,アイアンテール
95,Lv.52,すなじごく
95,Lv.56,すてみタックル
96,Lv.1,はたく
96,Lv.1,さいみんじゅつ
96,Lv.10,かなしばり
96,Lv.18,ねんりき
96,Lv.25,ずつき
96,Lv.31,どくガス
96,Lv.36,ヨガのポーズ
96,Lv.40,サイコキネシス
96,Lv.43,じこあんじ
96,Lv.45,みらいよち
96,Lv.1,はたく
96,Lv.1,さいみんじゅつ
96,Lv.7,かなしばり
96,Lv.11,ねんりき
96,Lv.17,ずつき
96,Lv.21,どくガス
96,Lv.27,ヨガのポーズ
96,Lv.31,サイコキネシス
96,Lv.37,じこあんじ
96,Lv.41,いばる
96,Lv.47,みらいよち
97,Lv.1,はたく
97,Lv.1,さいみんじゅつ
97,Lv.1,かなしばり
97,Lv.1,ねんりき
97,Lv.10,かなしばり
97,Lv.18,ねんりき
97,Lv.25,ずつき
97,Lv.33,どくガス
97,Lv.40,ヨガのポーズ
97,Lv.49,サイコキネシス
97,Lv.55,じこあんじ
97,Lv.60,みらいよち
97,Lv.1,あくむ
97,Lv.1,はたく
97,Lv.1,さいみんじゅつ
97,Lv.1,かなしばり
97,Lv.1,ねんりき
97,Lv.7,かなしばり
97,Lv.11,ねんりき
97,Lv.17,ずつき
97,Lv.21,どくガス
97,Lv.29,ヨガのポーズ
97,Lv.35,サイコキネシス
97,Lv.43,じこあんじ
97,Lv.49,いばる
97,Lv.57,みらいよち
98,Lv.1,あわ
98,Lv.5,にらみつける
98,Lv.12,はさむ
98,Lv.16,かたくなる
98,Lv.23,マッドショット
98,Lv.27,ふみつけ
98,Lv.34,ハサミギロチン
98,Lv.41,まもる
98,Lv.45,クラブハンマー
98,Lv.1,あわ
98,Lv.5,にらみつける
98,Lv.12,はさむ
98,Lv.16,かたくなる
98,Lv.23,マッドショット
98,Lv.27,ふみつけ
98,Lv.34,ハサミギロチン
98,Lv.38,まもる
98,Lv.45,クラブハンマー
98,Lv.49,じたばた
99,Lv.1,あわ
99,Lv.1,にらみつける
99,Lv.1,はさむ
99,Lv.5,にらみつける
99,Lv.12,はさむ
99,Lv.16,かたくなる
99,Lv.23,マッドショット
99,Lv.27,ふみつけ
99,Lv.38,ハサミギロチン
99,Lv.49,まもる
99,Lv.57,クラブハンマー
99,Lv.1,メタルクロー
99,Lv.1,あわ
99,Lv.1,にらみつける
99,Lv.1,はさむ
99,Lv.1,かたくなる
99,Lv.5,にらみつける
99,Lv.12,はさむ
99,Lv.16,かたくなる
99,Lv.23,マッドショット
99,Lv.27,ふみつけ
99,Lv.38,ハサミギロチン
99,Lv.42,まもる
99,Lv.57,クラブハンマー
99,Lv.65,じたばた
100,Lv.1,じゅうでん
100,Lv.1,たいあたり
100,Lv.8,いやなおと
100,Lv.15,ソニックブーム
100,Lv.21,スパーク
100,Lv.27,じばく
100,Lv.32,ころがる
100,Lv.37,ひかりのかべ
100,Lv.42,スピードスター
100,Lv.46,だいばくはつ
100,Lv.49,ミラーコート
101,Lv.1,じゅうでん
101,Lv.1,たいあたり
101,Lv.1,いやなおと
101,Lv.1,ソニックブーム
101,Lv.8,いやなおと
101,Lv.15,ソニックブーム
101,Lv.21,スパーク
101,Lv.27,じばく
101,Lv.34,ころがる
101,Lv.41,ひかりのかべ
101,Lv.48,スピードスター
101,Lv.54,だいばくはつ
101,Lv.59,ミラーコート
102,Lv.1,たまなげ
102,Lv.1,さわぐ
102,Lv.1,さいみんじゅつ
102,Lv.7,リフレクター
102,Lv.13,やどりぎのタネ
102,Lv.19,ねんりき
102,Lv.25,しびれごな
102,Lv.31,どくのこな
102,Lv.37,ねむりごな
102,Lv.43,ソーラービーム
103,Lv.1,たまなげ
103,Lv.1,さいみんじゅつ
103,Lv.1,ねんりき
103,Lv.19,ふみつけ
103,Lv.31,タマゴばくだん
104,Lv.1,なきごえ
104,Lv.5,しっぽをふる
104,Lv.9,ホネこんぼう
104,Lv.13,ずつき
104,Lv.17,にらみつける
104,Lv.21,きあいだめ
104,Lv.25,ホネブーメラン
104,Lv.29,いかり
104,Lv.33,みねうち
104,Lv.37,あばれる
104,Lv.41,ボーンラッシュ
104,Lv.45,すてみタックル
105,Lv.1,なきごえ
105,Lv.1,しっぽをふる
105,Lv.1,ホネこんぼう
105,Lv.1,ずつき
105,Lv.5,しっぽをふる
105,Lv.9,ホネこんぼう
105,Lv.13,ずつき
105,Lv.17,にらみつける
105,Lv.21,きあいだめ
105,Lv.25,ホネブーメラン
105,Lv.32,いかり
105,Lv.39,みねうち
105,Lv.46,あばれる
105,Lv.53,ボーンラッシュ
105,Lv.61,すてみタックル
106,Lv.1,リベンジ
106,Lv.1,にどげり
106,Lv.6,ヨガのポーズ
106,Lv.11,まわしげり
106,Lv.16,とびげり
106,Lv.20,かわらわり
106,Lv.21,きあいだめ
106,Lv.26,とびひざげり
106,Lv.31,こころのめ
106,Lv.36,みやぶる
106,Lv.41,こらえる
106,Lv.46,メガトンキック
106,Lv.51,きしかいせい
107,Lv.1,リベンジ
107,Lv.1,れんぞくパンチ
107,Lv.7,こうそくいどう
107,Lv.13,おいうち
107,Lv.20,マッハパンチ
107,Lv.26,かみなりパンチ
107,Lv.26,れいとうパンチ
107,Lv.26,ほのおのパンチ
107,Lv.32,スカイアッパー
107,Lv.38,メガトンパンチ
107,Lv.44,みきり
107,Lv.50,カウンター
108,Lv.1,したでなめる
108,Lv.7,ちょうおんぱ
108,Lv.12,まるくなる
108,Lv.18,はたきおとす
108,Lv.23,ふみつけ
108,Lv.29,まきつく
108,Lv.34,かなしばり
108,Lv.40,たたきつける
108,Lv.45,いやなおと
108,Lv.51,リフレッシュ
109,Lv.1,どくガス
109,Lv.1,たいあたり
109,Lv.9,スモッグ
109,Lv.17,じばく
109,Lv.21,ヘドロこうげき
109,Lv.25,えんまく
109,Lv.33,くろいきり
109,Lv.41,だいばくはつ
109,Lv.45,みちづれ
109,Lv.49,おきみやげ
110,Lv.1,どくガス
110,Lv.1,たいあたり
110,Lv.1,スモッグ
110,Lv.1,じばく
110,Lv.9,スモッグ
110,Lv.17,じばく
110,Lv.21,ヘドロこうげき
110,Lv.25,えんまく
110,Lv.33,くろいきり
110,Lv.44,だいばくはつ
110,Lv.51,みちづれ
110,Lv.58,おきみやげ
111,Lv.1,つのでつく
111,Lv.1,しっぽをふる
111,Lv.10,ふみつけ
111,Lv.15,みだれづき
111,Lv.24,こわいかお
111,Lv.29,ロックブラスト
111,Lv.38,つのドリル
111,Lv.43,とっしん
111,Lv.52,じしん
111,Lv.57,メガホーン
112,Lv.1,つのでつく
112,Lv.1,しっぽをふる
112,Lv.1,ふみつけ
112,Lv.1,みだれづき
112,Lv.10,ふみつけ
112,Lv.15,みだれづき
112,Lv.24,こわいかお
112,Lv.29,ロックブラスト
112,Lv.38,つのドリル
112,Lv.46,とっしん
112,Lv.58,じしん
112,Lv.66,メガホーン
113,Lv.1,はたく
113,Lv.1,なきごえ
113,Lv.5,しっぽをふる
113,Lv.9,リフレッシュ
113,Lv.13,タマゴうみ
113,Lv.17,おうふくビンタ
113,Lv.23,ちいさくなる
113,Lv.29,うたう
113,Lv.35,タマゴばくだん
113,Lv.41,まるくなる
113,Lv.49,ひかりのかべ
113,Lv.57,すてみタックル
114,Lv.1,ねをはる
114,Lv.1,からみつく
114,Lv.4,ねむりごな
114,Lv.10,すいとる
114,Lv.13,せいちょう
114,Lv.19,どくのこな
114,Lv.22,つるのムチ
114,Lv.28,しめつける
114,Lv.31,メガドレイン
114,Lv.37,しびれごな
114,Lv.40,たたきつける
114,Lv.46,くすぐる
115,Lv.1,れんぞくパンチ
115,Lv.1,にらみつける
115,Lv.7,かみつく
115,Lv.13,しっぽをふる
115,Lv.19,ねこだまし
115,Lv.25,メガトンパンチ
115,Lv.31,いかり
115,Lv.37,こらえる
115,Lv.43,ピヨピヨパンチ
115,Lv.49,きしかいせい
116,Lv.1,あわ
116,Lv.8,えんまく
116,Lv.15,にらみつける
116,Lv.22,みずでっぽう
116,Lv.29,たつまき
116,Lv.36,こうそくいどう
116,Lv.43,ハイドロポンプ
116,Lv.50,りゅうのまい
117,Lv.1,あわ
117,Lv.1,えんまく
117,Lv.1,にらみつける
117,Lv.1,みずでっぽう
117,Lv.8,えんまく
117,Lv.15,にらみつける
117,Lv.22,みずでっぽう
117,Lv.29,たつまき
117,Lv.40,こうそくいどう
117,Lv.51,ハイドロポンプ
117,Lv.62,りゅうのまい
118,Lv.1,つつく
118,Lv.1,しっぽをふる
118,Lv.1,みずあそび
118,Lv.10,ちょうおんぱ
118,Lv.15,つのでつく
118,Lv.24,じたばた
118,Lv.29,みだれづき
118,Lv.38,たきのぼり
118,Lv.43,つのドリル
118,Lv.52,こうそくいどう
118,Lv.1,つつく
118,Lv.1,しっぽをふる
118,Lv.1,みずあそび
118,Lv.10,ちょうおんぱ
118,Lv.15,つのでつく
118,Lv.24,じたばた
118,Lv.29,みだれづき
118,Lv.38,たきのぼり
118,Lv.43,つのドリル
118,Lv.52,こうそくいどう
118,Lv.57,メガホーン
119,Lv.1,つつく
119,Lv.1,しっぽをふる
119,Lv.1,みずあそび
119,Lv.1,ちょうおんぱ
119,Lv.10,ちょうおんぱ
119,Lv.15,つのでつく
119,Lv.24,じたばた
119,Lv.29,みだれづき
119,Lv.41,たきのぼり
119,Lv.49,つのドリル
119,Lv.61,こうそくいどう
119,Lv.1,つつく
119,Lv.1,しっぽをふる
119,Lv.1,みずあそび
119,Lv.1,ちょうおんぱ
119,Lv.10,ちょうおんぱ
119,Lv.15,つのでつく
119,Lv.24,じたばた
119,Lv.29,みだれづき
119,Lv.41,たきのぼり
119,Lv.49,つのドリル
119,Lv.61,こうそくいどう
119,Lv.69,メガホーン
120,Lv.1,たいあたり
120,Lv.1,かたくなる
120,Lv.6,みずでっぽう
120,Lv.10,こうそくスピン
120,Lv.15,じこさいせい
120,Lv.19,ほごしょく
120,Lv.24,スピードスター
120,Lv.28,バブルこうせん
120,Lv.33,ちいさくなる
120,Lv.37,ひかりのかべ
120,Lv.42,コスモパワー
120,Lv.46,ハイドロポンプ
121,Lv.1,みずでっぽう
121,Lv.1,こうそくスピン
121,Lv.1,じこさいせい
121,Lv.1,スピードスター
121,Lv.33,あやしいひかり
122,Lv.1,バリアー
122,Lv.5,ねんりき
122,Lv.9,みがわり
122,Lv.13,ヨガのポーズ
122,Lv.17,おうふくビンタ
122,Lv.21,ひかりのかべ
122,Lv.21,リフレクター
122,Lv.25,アンコール
122,Lv.29,サイケこうせん
122,Lv.33,リサイクル
122,Lv.37,トリック
122,Lv.41,なりきり
122,Lv.45,サイコキネシス
122,Lv.49,バトンタッチ
122,Lv.53,しんぴのまもり
122,Lv.1,バリアー
122,Lv.5,ねんりき
122,Lv.8,みがわり
122,Lv.12,ヨガのポーズ
122,Lv.15,おうふくビンタ
122,Lv.19,ひかりのかべ
122,Lv.19,リフレクター
122,Lv.22,マジカルリーフ
122,Lv.26,アンコール
122,Lv.29,サイケこうせん
122,Lv.33,リサイクル
122,Lv.36,トリック
122,Lv.40,なりきり
122,Lv.43,サイコキネシス
122,Lv.47,バトンタッチ
122,Lv.50,しんぴのまもり
123,Lv.1,でんこうせっか
123,Lv.1,にらみつける
123,Lv.6,きあいだめ
123,Lv.11,おいうち
123,Lv.16,みねうち
123,Lv.21,こうそくいどう
123,Lv.26,つばさでうつ
123,Lv.31,きりさく
123,Lv.36,つるぎのまい
123,Lv.41,かげぶんしん
123,Lv.46,れんぞくぎり
124,Lv.1,はたく
124,Lv.1,したでなめる
124,Lv.1,あくまのキッス
124,Lv.1,こなゆき
124,Lv.9,あくまのキッス
124,Lv.13,こなゆき
124,Lv.21,おうふくビンタ
124,Lv.25,れいとうパンチ
124,Lv.35,くろいまなざし
124,Lv.41,うそなき
124,Lv.51,のしかかり
124,Lv.57,ほろびのうた
124,Lv.67,ふぶき
125,Lv.1,でんこうせっか
125,Lv.1,にらみつける
125,Lv.1,かみなりパンチ
125,Lv.9,かみなりパンチ
125,Lv.17,ひかりのかべ
125,Lv.25,スピードスター
125,Lv.36,いやなおと
125,Lv.47,10まんボルト
125,Lv.58,かみなり
126,Lv.1,ひのこ
126,Lv.1,にらみつける
126,Lv.1,スモッグ
126,Lv.1,ほのおのパンチ
126,Lv.7,にらみつける
126,Lv.13,スモッグ
126,Lv.19,ほのおのパンチ
126,Lv.25,えんまく
126,Lv.33,にほんばれ
126,Lv.41,かえんほうしゃ
126,Lv.49,あやしいひかり
126,Lv.57,だいもんじ
127,Lv.1,はさむ
127,Lv.1,きあいだめ
127,Lv.7,しめつける
127,Lv.13,ちきゅうなげ
127,Lv.19,かたくなる
127,Lv.25,リベンジ
127,Lv.31,かわらわり
127,Lv.37,ハサミギロチン
127,Lv.43,じごくぐるま
127,Lv.49,つるぎのまい
128,Lv.1,たいあたり
128,Lv.4,しっぽをふる
128,Lv.8,いかり
128,Lv.13,つのでつく
128,Lv.19,こわいかお
128,Lv.26,おいうち
128,Lv.34,ねむる
128,Lv.43,あばれる
128,Lv.53,とっしん
128,Lv.1,たいあたり
128,Lv.1,しっぽをふる
128,Lv.4,いかり
128,Lv.8,つのでつく
128,Lv.13,こわいかお
128,Lv.19,おいうち
128,Lv.26,いばる
128,Lv.34,ねむる
128,Lv.43,あばれる
128,Lv.53,とっしん
129,Lv.1,はねる
129,Lv.15,たいあたり
129,Lv.30,じたばた
130,Lv.1,あばれる
130,Lv.20,かみつく
130,Lv.25,りゅうのいかり
130,Lv.30,にらみつける
130,Lv.35,たつまき
130,Lv.40,ハイドロポンプ
130,Lv.45,あまごい
130,Lv.50,りゅうのまい
130,Lv.55,はかいこうせん
131,Lv.1,みずでっぽう
131,Lv.1,なきごえ
131,Lv.1,うたう
131,Lv.7,しろいきり
131,Lv.13,のしかかり
131,Lv.19,あやしいひかり
131,Lv.25,ほろびのうた
131,Lv.31,れいとうビーム
131,Lv.37,あまごい
131,Lv.43,しんぴのまもり
131,Lv.49,ハイドロポンプ
131,Lv.55,ぜったいれいど
132,Lv.1,へんしん
133,Lv.1,たいあたり
133,Lv.1,しっぽをふる
133,Lv.1,てだすけ
133,Lv.8,すなかけ
133,Lv.16,なきごえ
133,Lv.23,でんこうせっか
133,Lv.30,かみつく
133,Lv.36,バトンタッチ
133,Lv.42,とっしん
134,Lv.1,たいあたり
134,Lv.1,しっぽをふる
134,Lv.1,てだすけ
134,Lv.8,すなかけ
134,Lv.16,みずでっぽう
134,Lv.23,でんこうせっか
134,Lv.30,かみつく
134,Lv.36,オーロラビーム
134,Lv.42,くろいきり
134,Lv.47,とける
134,Lv.52,ハイドロポンプ
135,Lv.1,たいあたり
135,Lv.1,しっぽをふる
135,Lv.1,てだすけ
135,Lv.8,すなかけ
135,Lv.16,でんきショック
135,Lv.23,でんこうせっか
135,Lv.30,にどげり
135,Lv.36,ミサイルばり
135,Lv.42,でんじは
135,Lv.47,こうそくいどう
135,Lv.52,かみなり
136,Lv.1,たいあたり
136,Lv.1,しっぽをふる
136,Lv.1,てだすけ
136,Lv.8,すなかけ
136,Lv.16,ひのこ
136,Lv.23,でんこうせっか
136,Lv.30,かみつく
136,Lv.36,ほのおのうず
136,Lv.42,スモッグ
136,Lv.47,にらみつける
136,Lv.52,かえんほうしゃ
137,Lv.1,テクスチャー2
137,Lv.1,たいあたり
137,Lv.1,テクスチャー
137,Lv.9,こうそくいどう
137,Lv.12,サイケこうせん
137,Lv.20,じこさいせい
137,Lv.24,かくばる
137,Lv.32,ロックオン
137,Lv.36,トライアタック
137,Lv.44,リサイクル
137,Lv.48,でんじほう
138,Lv.1,からみつく
138,Lv.1,からにこもる
138,Lv.13,かみつく
138,Lv.19,みずでっぽう
138,Lv.25,マッドショット
138,Lv.31,にらみつける
138,Lv.37,まもる
138,Lv.43,くすぐる
138,Lv.49,げんしのちから
138,Lv.55,ハイドロポンプ
139,Lv.1,からみつく
139,Lv.1,からにこもる
139,Lv.1,かみつく
139,Lv.13,かみつく
139,Lv.19,みずでっぽう
139,Lv.25,マッドショット
139,Lv.31,にらみつける
139,Lv.37,まもる
139,Lv.40,とげキャノン
139,Lv.46,くすぐる
139,Lv.55,げんしのちから
139,Lv.65,ハイドロポンプ
139,Lv.1,からみつく
139,Lv.1,からにこもる
139,Lv.1,かみつく
139,Lv.1,みずでっぽう
139,Lv.13,かみつく
139,Lv.19,みずでっぽう
139,Lv.25,マッドショット
139,Lv.31,にらみつける
139,Lv.37,まもる
139,Lv.40,とげキャノン
139,Lv.46,くすぐる
139,Lv.55,げんしのちから
139,Lv.65,ハイドロポンプ
140,Lv.1,ひっかく
140,Lv.1,かたくなる
140,Lv.13,すいとる
140,Lv.19,にらみつける
140,Lv.25,マッドショット
140,Lv.31,すなかけ
140,Lv.37,こらえる
140,Lv.43,きんぞくおん
140,Lv.49,メガドレイン
140,Lv.55,げんしのちから
141,Lv.1,ひっかく
141,Lv.1,かたくなる
141,Lv.1,すいとる
141,Lv.13,すいとる
141,Lv.19,にらみつける
141,Lv.25,マッドショット
141,Lv.31,すなかけ
141,Lv.37,こらえる
141,Lv.40,きりさく
141,Lv.46,きんぞくおん
141,Lv.55,メガドレイン
141,Lv.65,げんしのちから
141,Lv.1,れんぞくぎり
141,Lv.1,ひっかく
141,Lv.1,かたくなる
141,Lv.1,すいとる
141,Lv.1,にらみつける
141,Lv.13,すいとる
141,Lv.19,にらみつける
141,Lv.25,マッドショット
141,Lv.31,すなかけ
141,Lv.37,こらえる
141,Lv.40,きりさく
141,Lv.46,きんぞくおん
141,Lv.55,メガドレイン
141,Lv.65,げんしのちから
142,Lv.1,つばさでうつ
142,Lv.8,こうそくいどう
142,Lv.15,かみつく
142,Lv.22,ちょうおんぱ
142,Lv.29,げんしのちから
142,Lv.36,こわいかお
142,Lv.43,とっしん
142,Lv.50,はかいこうせん
143,Lv.1,たいあたり
143,Lv.6,ドわすれ
143,Lv.10,まるくなる
143,Lv.15,はらだいこ
143,Lv.19,ずつき
143,Lv.24,あくび
143,Lv.28,ねむる
143,Lv.28,いびき
143,Lv.33,のしかかり
143,Lv.37,とおせんぼう
143,Lv.42,ほしがる
143,Lv.46,ころがる
143,Lv.51,はかいこうせん
143,Lv.1,たいあたり
143,Lv.5,ドわすれ
143,Lv.9,まるくなる
143,Lv.13,はらだいこ
143,Lv.17,ずつき
143,Lv.21,あくび
143,Lv.25,ねむる
143,Lv.29,いびき
143,Lv.33,のしかかり
143,Lv.37,ねごと
143,Lv.41,とおせんぼう
143,Lv.45,ほしがる
143,Lv.49,ころがる
143,Lv.53,はかいこうせん
144,Lv.1,かぜおこし
144,Lv.1,こなゆき
144,Lv.13,しろいきり
144,Lv.25,こうそくいどう
144,Lv.37,こころのめ
144,Lv.49,れいとうビーム
144,Lv.61,リフレクター
144,Lv.73,ふぶき
144,Lv.85,ぜったいれいど
145,Lv.1,つつく
145,Lv.1,でんきショック
145,Lv.13,でんじは
145,Lv.25,こうそくいどう
145,Lv.37,みきり
145,Lv.49,ドリルくちばし
145,Lv.61,じゅうでん
145,Lv.73,ひかりのかべ
145,Lv.85,かみなり
146,Lv.1,つばさでうつ
146,Lv.1,ひのこ
146,Lv.13,ほのおのうず
146,Lv.25,こうそくいどう
146,Lv.37,こらえる
146,Lv.49,かえんほうしゃ
146,Lv.61,しんぴのまもり
146,Lv.73,ねっぷう
146,Lv.85,ゴッドバード
147,Lv.1,まきつく
147,Lv.1,にらみつける
147,Lv.8,でんじは
147,Lv.15,たつまき
147,Lv.22,りゅうのいかり
147,Lv.29,たたきつける
147,Lv.36,こうそくいどう
147,Lv.43,しんぴのまもり
147,Lv.50,げきりん
147,Lv.57,はかいこうせん
148,Lv.1,まきつく
148,Lv.1,にらみつける
148,Lv.1,でんじは
148,Lv.1,たつまき
148,Lv.8,でんじは
148,Lv.15,たつまき
148,Lv.22,りゅうのいかり
148,Lv.29,たたきつける
148,Lv.38,こうそくいどう
148,Lv.47,しんぴのまもり
148,Lv.56,げきりん
148,Lv.65,はかいこうせん
149,Lv.1,まきつく
149,Lv.1,にらみつける
149,Lv.1,でんじは
149,Lv.1,たつまき
149,Lv.8,でんじは
149,Lv.15,たつまき
149,Lv.22,りゅうのいかり
149,Lv.29,たたきつける
149,Lv.38,こうそくいどう
149,Lv.47,しんぴのまもり
149,Lv.55,つばさでうつ
149,Lv.61,げきりん
149,Lv.75,はかいこうせん
150,Lv.1,ねんりき
150,Lv.1,かなしばり
150,Lv.11,バリアー
150,Lv.22,スピードスター
150,Lv.33,じこあんじ
150,Lv.44,みらいよち
150,Lv.55,しろいきり
150,Lv.66,サイコキネシス
150,Lv.77,ドわすれ
150,Lv.88,じこさいせい
150,Lv.99,しんぴのまもり
150,Lv.1,ねんりき
150,Lv.1,かなしばり
150,Lv.11,バリアー
150,Lv.22,しろいきり
150,Lv.33,スピードスター
150,Lv.44,じこさいせい
150,Lv.55,しんぴのまもり
150,Lv.66,サイコキネシス
150,Lv.77,じこあんじ
150,Lv.88,みらいよち
150,Lv.99,ドわすれ
151,Lv.1,はたく
151,Lv.10,へんしん
151,Lv.20,メガトンパンチ
151,Lv.30,ゆびをふる
151,Lv.40,サイコキネシス
151,Lv.50,げんしのちから
152,Lv.1,たいあたり
152,Lv.1,なきごえ
152,Lv.8,はっぱカッター
152,Lv.12,リフレクター
152,Lv.15,どくのこな
152,Lv.22,こうごうせい
152,Lv.29,のしかかり
152,Lv.36,ひかりのかべ
152,Lv.43,しんぴのまもり
152,Lv.50,ソーラービーム
153,Lv.1,たいあたり
153,Lv.1,なきごえ
153,Lv.1,はっぱカッター
153,Lv.1,リフレクター
153,Lv.8,はっぱカッター
153,Lv.12,リフレクター
153,Lv.15,どくのこな
153,Lv.23,こうごうせい
153,Lv.31,のしかかり
153,Lv.39,ひかりのかべ
153,Lv.47,しんぴのまもり
153,Lv.55,ソーラービーム
154,Lv.1,たいあたり
154,Lv.1,なきごえ
154,Lv.1,はっぱカッター
154,Lv.1,リフレクター
154,Lv.8,はっぱカッター
154,Lv.12,リフレクター
154,Lv.15,どくのこな
154,Lv.23,こうごうせい
154,Lv.31,のしかかり
154,Lv.41,ひかりのかべ
154,Lv.51,しんぴのまもり
154,Lv.61,ソーラービーム
155,Lv.1,たいあたり
155,Lv.1,にらみつける
155,Lv.6,えんまく
155,Lv.12,ひのこ
155,Lv.19,でんこうせっか
155,Lv.27,かえんぐるま
155,Lv.36,スピードスター
155,Lv.46,かえんほうしゃ
156,Lv.1,たいあたり
156,Lv.1,にらみつける
156,Lv.1,えんまく
156,Lv.6,えんまく
156,Lv.12,ひのこ
156,Lv.21,でんこうせっか
156,Lv.31,かえんぐるま
156,Lv.42,スピードスター
156,Lv.54,かえんほうしゃ
157,Lv.1,たいあたり
157,Lv.1,にらみつける
157,Lv.1,えんまく
157,Lv.1,ひのこ
157,Lv.6,えんまく
157,Lv.12,ひのこ
157,Lv.21,でんこうせっか
157,Lv.31,かえんぐるま
157,Lv.45,スピードスター
157,Lv.60,かえんほうしゃ
158,Lv.1,ひっかく
158,Lv.1,にらみつける
158,Lv.7,いかり
158,Lv.13,みずでっぽう
158,Lv.20,かみつく
158,Lv.27,こわいかお
158,Lv.35,きりさく
158,Lv.43,いやなおと
158,Lv.52,ハイドロポンプ
159,Lv.1,ひっかく
159,Lv.1,にらみつける
159,Lv.1,いかり
159,Lv.7,いかり
159,Lv.13,みずでっぽう
159,Lv.21,かみつく
159,Lv.28,こわいかお
159,Lv.37,きりさく
159,Lv.45,いやなおと
159,Lv.55,ハイドロポンプ
160,Lv.1,ひっかく
160,Lv.1,にらみつける
160,Lv.1,いかり
160,Lv.1,みずでっぽう
160,Lv.7,いかり
160,Lv.13,みずでっぽう
160,Lv.21,かみつく
160,Lv.28,こわいかお
160,Lv.38,きりさく
160,Lv.47,いやなおと
160,Lv.58,ハイドロポンプ
161,Lv.1,ひっかく
161,Lv.4,まるくなる
161,Lv.7,でんこうせっか
161,Lv.12,みだれひっかき
161,Lv.17,てだすけ
161,Lv.24,たたきつける
161,Lv.31,このゆびとまれ
161,Lv.40,ねむる
161,Lv.49,ドわすれ
162,Lv.1,ひっかく
162,Lv.1,まるくなる
162,Lv.1,でんこうせっか
162,Lv.4,まるくなる
162,Lv.7,でんこうせっか
162,Lv.12,みだれひっかき
162,Lv.19,てだすけ
162,Lv.28,たたきつける
162,Lv.37,このゆびとまれ
162,Lv.48,ねむる
162,Lv.59,ドわすれ
163,Lv.1,たいあたり
163,Lv.1,なきごえ
163,Lv.6,みやぶる
163,Lv.11,つつく
163,Lv.16,さいみんじゅつ
163,Lv.22,リフレクター
163,Lv.28,とっしん
163,Lv.34,ねんりき
163,Lv.48,ゆめくい
164,Lv.1,たいあたり
164,Lv.1,なきごえ
164,Lv.1,みやぶる
164,Lv.1,つつく
164,Lv.6,みやぶる
164,Lv.11,つつく
164,Lv.16,さいみんじゅつ
164,Lv.25,リフレクター
164,Lv.33,とっしん
164,Lv.41,ねんりき
164,Lv.57,ゆめくい
165,Lv.1,たいあたり
165,Lv.8,ちょうおんぱ
165,Lv.15,れんぞくパンチ
165,Lv.22,ひかりのかべ
165,Lv.22,リフレクター
165,Lv.22,しんぴのまもり
165,Lv.29,バトンタッチ
165,Lv.36,スピードスター
165,Lv.43,こうそくいどう
165,Lv.50,すてみタックル
166,Lv.1,たいあたり
166,Lv.1,ちょうおんぱ
166,Lv.8,ちょうおんぱ
166,Lv.15,れんぞくパンチ
166,Lv.24,ひかりのかべ
166,Lv.24,リフレクター
166,Lv.24,しんぴのまもり
166,Lv.33,バトンタッチ
166,Lv.42,スピードスター
166,Lv.51,こうそくいどう
166,Lv.60,すてみタックル
167,Lv.1,どくばり
167,Lv.1,いとをはく
167,Lv.6,こわいかお
167,Lv.11,からみつく
167,Lv.17,ナイトヘッド
167,Lv.23,きゅうけつ
167,Lv.30,みだれひっかき
167,Lv.37,クモのす
167,Lv.45,こうそくいどう
167,Lv.53,サイコキネシス
168,Lv.1,どくばり
168,Lv.1,いとをはく
168,Lv.1,こわいかお
168,Lv.1,からみつく
168,Lv.6,こわいかお
168,Lv.11,からみつく
168,Lv.17,ナイトヘッド
168,Lv.25,きゅうけつ
168,Lv.34,みだれひっかき
168,Lv.43,クモのす
168,Lv.53,こうそくいどう
168,Lv.63,サイコキネシス
169,Lv.1,いやなおと
169,Lv.1,きゅうけつ
169,Lv.1,ちょうおんぱ
169,Lv.1,おどろかす
169,Lv.6,ちょうおんぱ
169,Lv.11,おどろかす
169,Lv.16,かみつく
169,Lv.21,つばさでうつ
169,Lv.28,あやしいひかり
169,Lv.35,エアカッター
169,Lv.42,くろいまなざし
169,Lv.49,どくどくのキバ
169,Lv.56,くろいきり
169,Lv.1,いやなおと
169,Lv.1,きゅうけつ
169,Lv.1,おどろかす
169,Lv.1,ちょうおんぱ
169,Lv.6,おどろかす
169,Lv.11,ちょうおんぱ
169,Lv.16,かみつく
169,Lv.21,つばさでうつ
169,Lv.28,あやしいひかり
169,Lv.35,エアカッター
169,Lv.42,くろいまなざし
169,Lv.49,どくどくのキバ
169,Lv.56,くろいきり
170,Lv.1,あわ
170,Lv.1,でんじは
170,Lv.5,ちょうおんぱ
170,Lv.13,じたばた
170,Lv.17,みずでっぽう
170,Lv.25,スパーク
170,Lv.29,あやしいひかり
170,Lv.37,とっしん
170,Lv.41,ハイドロポンプ
170,Lv.49,じゅうでん
171,Lv.1,あわ
171,Lv.1,でんじは
171,Lv.1,ちょうおんぱ
171,Lv.5,ちょうおんぱ
171,Lv.13,じたばた
171,Lv.17,みずでっぽう
171,Lv.25,スパーク
171,Lv.32,あやしいひかり
171,Lv.43,とっしん
171,Lv.50,ハイドロポンプ
171,Lv.61,じゅうでん
172,Lv.1,でんきショック
172,Lv.1,あまえる
172,Lv.6,しっぽをふる
172,Lv.8,でんじは
172,Lv.11,てんしのキッス
173,Lv.1,はたく
173,Lv.1,あまえる
173,Lv.4,アンコール
173,Lv.8,うたう
173,Lv.13,てんしのキッス
173,Lv.1,はたく
173,Lv.1,あまえる
173,Lv.4,アンコール
173,Lv.8,うたう
173,Lv.13,てんしのキッス
173,Lv.17,マジカルリーフ
174,Lv.1,うたう
174,Lv.1,あまえる
174,Lv.4,まるくなる
174,Lv.9,はたく
174,Lv.14,てんしのキッス
175,Lv.1,なきごえ
175,Lv.1,あまえる
175,Lv.6,ゆびをふる
175,Lv.11,てんしのキッス
175,Lv.16,あくび
175,Lv.21,アンコール
175,Lv.26,このゆびとまれ
175,Lv.31,ねがいごと
175,Lv.36,しんぴのまもり
175,Lv.41,すてみタックル
175,Lv.1,なきごえ
175,Lv.1,あまえる
175,Lv.4,ゆびをふる
175,Lv.9,てんしのキッス
175,Lv.13,あくび
175,Lv.17,アンコール
175,Lv.21,げんしのちから
175,Lv.25,このゆびとまれ
175,Lv.29,ねがいごと
175,Lv.33,しんぴのまもり
175,Lv.37,すてみタックル
175,Lv.41,バトンタッチ
176,Lv.1,なきごえ
176,Lv.1,あまえる
176,Lv.6,ゆびをふる
176,Lv.11,てんしのキッス
176,Lv.16,あくび
176,Lv.21,アンコール
176,Lv.26,このゆびとまれ
176,Lv.31,ねがいごと
176,Lv.36,しんぴのまもり
176,Lv.41,すてみタックル
176,Lv.1,マジカルリーフ
176,Lv.1,なきごえ
176,Lv.1,あまえる
176,Lv.1,ゆびをふる
176,Lv.1,てんしのキッス
176,Lv.4,ゆびをふる
176,Lv.9,てんしのキッス
176,Lv.13,あくび
176,Lv.17,アンコール
176,Lv.21,げんしのちから
176,Lv.25,このゆびとまれ
176,Lv.29,ねがいごと
176,Lv.33,しんぴのまもり
176,Lv.37,すてみタックル
176,Lv.41,バトンタッチ
177,Lv.1,つつく
177,Lv.1,にらみつける
177,Lv.10,ナイトヘッド
177,Lv.20,テレポート
177,Lv.30,ねがいごと
177,Lv.30,みらいよち
177,Lv.40,あやしいひかり
177,Lv.50,サイコキネシス
178,Lv.1,つつく
178,Lv.1,にらみつける
178,Lv.10,ナイトヘッド
178,Lv.20,テレポート
178,Lv.35,ねがいごと
178,Lv.35,みらいよち
178,Lv.50,あやしいひかり
178,Lv.65,サイコキネシス
179,Lv.1,たいあたり
179,Lv.1,なきごえ
179,Lv.9,でんきショック
179,Lv.16,でんじは
179,Lv.23,わたほうし
179,Lv.30,ひかりのかべ
179,Lv.37,かみなり
180,Lv.1,たいあたり
180,Lv.1,なきごえ
180,Lv.1,でんきショック
180,Lv.9,でんきショック
180,Lv.18,でんじは
180,Lv.27,わたほうし
180,Lv.36,ひかりのかべ
180,Lv.45,かみなり
181,Lv.1,たいあたり
181,Lv.1,なきごえ
181,Lv.1,でんきショック
181,Lv.1,でんじは
181,Lv.9,でんきショック
181,Lv.18,でんじは
181,Lv.27,わたほうし
181,Lv.30,かみなりパンチ
181,Lv.42,ひかりのかべ
181,Lv.57,かみなり
182,Lv.1,すいとる
182,Lv.1,あまいかおり
182,Lv.1,しびれごな
182,Lv.1,マジカルリーフ
182,Lv.44,はなびらのまい
182,Lv.55,ソーラービーム
183,Lv.1,たいあたり
183,Lv.3,まるくなる
183,Lv.6,しっぽをふる
183,Lv.10,みずでっぽう
183,Lv.15,ころがる
183,Lv.21,バブルこうせん
183,Lv.28,すてみタックル
183,Lv.36,あまごい
183,Lv.45,ハイドロポンプ
184,Lv.1,たいあたり
184,Lv.1,まるくなる
184,Lv.1,しっぽをふる
184,Lv.1,みずでっぽう
184,Lv.3,まるくなる
184,Lv.6,しっぽをふる
184,Lv.10,みずでっぽう
184,Lv.15,ころがる
184,Lv.24,バブルこうせん
184,Lv.34,すてみタックル
184,Lv.45,あまごい
184,Lv.57,ハイドロポンプ
185,Lv.1,いわおとし
185,Lv.1,ものまね
185,Lv.9,じたばた
185,Lv.17,けたぐり
185,Lv.25,いわなだれ
185,Lv.33,とおせんぼう
185,Lv.41,だましうち
185,Lv.49,たたきつける
185,Lv.57,すてみタックル
186,Lv.1,みずでっぽう
186,Lv.1,さいみんじゅつ
186,Lv.1,おうふくビンタ
186,Lv.1,ほろびのうた
186,Lv.35,ほろびのうた
186,Lv.51,いばる
187,Lv.1,はねる
187,Lv.5,こうごうせい
187,Lv.5,しっぽをふる
187,Lv.10,たいあたり
187,Lv.13,どくのこな
187,Lv.15,しびれごな
187,Lv.17,ねむりごな
187,Lv.20,やどりぎのタネ
187,Lv.25,わたほうし
187,Lv.30,メガドレイン
188,Lv.1,はねる
188,Lv.1,こうごうせい
188,Lv.1,しっぽをふる
188,Lv.1,たいあたり
188,Lv.5,こうごうせい
188,Lv.5,しっぽをふる
188,Lv.10,たいあたり
188,Lv.13,どくのこな
188,Lv.15,しびれごな
188,Lv.17,ねむりごな
188,Lv.22,やどりぎのタネ
188,Lv.29,わたほうし
188,Lv.36,メガドレイン
189,Lv.1,はねる
189,Lv.1,こうごうせい
189,Lv.1,しっぽをふる
189,Lv.1,たいあたり
189,Lv.5,こうごうせい
189,Lv.5,しっぽをふる
189,Lv.10,たいあたり
189,Lv.13,どくのこな
189,Lv.15,しびれごな
189,Lv.17,ねむりごな
189,Lv.22,やどりぎのタネ
189,Lv.33,わたほうし
189,Lv.44,メガドレイン
190,Lv.1,ひっかく
190,Lv.1,しっぽをふる
190,Lv.6,すなかけ
190,Lv.13,おどろかす
190,Lv.18,バトンタッチ
190,Lv.25,くすぐる
190,Lv.31,みだれひっかき
190,Lv.38,スピードスター
190,Lv.43,いやなおと
190,Lv.50,こうそくいどう
191,Lv.1,すいとる
191,Lv.6,せいちょう
191,Lv.13,メガドレイン
191,Lv.18,ねをはる
191,Lv.25,がむしゃら
191,Lv.30,にほんばれ
191,Lv.37,こうごうせい
191,Lv.42,ギガドレイン
192,Lv.1,すいとる
192,Lv.1,はたく
192,Lv.6,せいちょう
192,Lv.13,はっぱカッター
192,Lv.18,ねをはる
192,Lv.25,タネマシンガン
192,Lv.30,にほんばれ
192,Lv.37,はなびらのまい
192,Lv.42,ソーラービーム
193,Lv.1,たいあたり
193,Lv.1,みやぶる
193,Lv.7,でんこうせっか
193,Lv.13,かげぶんしん
193,Lv.19,ソニックブーム
193,Lv.25,みきり
193,Lv.31,ちょうおんぱ
193,Lv.37,さわぐ
193,Lv.43,つばさでうつ
193,Lv.49,いやなおと
193,Lv.1,たいあたり
193,Lv.1,みやぶる
193,Lv.6,でんこうせっか
193,Lv.12,かげぶんしん
193,Lv.17,ソニックブーム
193,Lv.23,さいみんじゅつ
193,Lv.28,みきり
193,Lv.34,さわぐ
193,Lv.39,つばさでうつ
193,Lv.45,ちょうおんぱ
193,Lv.50,いやなおと
194,Lv.1,みずでっぽう
194,Lv.1,しっぽをふる
194,Lv.11,たたきつける
194,Lv.16,マッドショット
194,Lv.21,ドわすれ
194,Lv.31,あくび
194,Lv.36,じしん
194,Lv.41,あまごい
194,Lv.51,しろいきり
194,Lv.51,くろいきり
195,Lv.1,みずでっぽう
195,Lv.1,しっぽをふる
195,Lv.11,たたきつける
195,Lv.16,マッドショット
195,Lv.23,ドわすれ
195,Lv.35,あくび
195,Lv.42,じしん
195,Lv.49,あまごい
195,Lv.61,しろいきり
195,Lv.61,くろいきり
196,Lv.1,たいあたり
196,Lv.1,しっぽをふる
196,Lv.1,てだすけ
196,Lv.8,すなかけ
196,Lv.16,ねんりき
196,Lv.23,でんこうせっか
196,Lv.30,スピードスター
196,Lv.36,サイケこうせん
196,Lv.42,じこあんじ
196,Lv.47,サイコキネシス
196,Lv.52,あさのひざし
197,Lv.1,たいあたり
197,Lv.1,しっぽをふる
197,Lv.1,てだすけ
197,Lv.8,すなかけ
197,Lv.16,おいうち
197,Lv.23,でんこうせっか
197,Lv.30,あやしいひかり
197,Lv.36,だましうち
197,Lv.42,くろいまなざし
197,Lv.47,いやなおと
197,Lv.52,つきのひかり
198,Lv.1,つつく
198,Lv.9,おどろかす
198,Lv.14,おいうち
198,Lv.22,くろいきり
198,Lv.27,ナイトヘッド
198,Lv.35,だましうち
198,Lv.40,ちょうはつ
198,Lv.48,くろいまなざし
199,Lv.1,のろい
199,Lv.1,あくび
199,Lv.1,たいあたり
199,Lv.6,なきごえ
199,Lv.15,みずでっぽう
199,Lv.20,ねんりき
199,Lv.29,かなしばり
199,Lv.34,ずつき
199,Lv.43,いばる
199,Lv.48,サイコキネシス
199,Lv.1,のろい
199,Lv.1,あくび
199,Lv.1,たいあたり
199,Lv.6,なきごえ
199,Lv.13,みずでっぽう
199,Lv.17,ねんりき
199,Lv.24,かなしばり
199,Lv.29,ずつき
199,Lv.36,いばる
199,Lv.40,サイコキネシス
199,Lv.47,じこあんじ
200,Lv.1,なきごえ
200,Lv.1,サイコウェーブ
200,Lv.6,うらみ
200,Lv.11,おどろかす
200,Lv.17,あやしいひかり
200,Lv.23,くろいまなざし
200,Lv.30,サイケこうせん
200,Lv.37,いたみわけ
200,Lv.45,ほろびのうた
200,Lv.53,おんねん
201,Lv.1,めざめるパワー
202,Lv.1,カウンター
202,Lv.1,ミラーコート
202,Lv.1,しんぴのまもり
202,Lv.1,みちづれ
203,Lv.1,たいあたり
203,Lv.1,なきごえ
203,Lv.7,おどろかす
203,Lv.13,ねんりき
203,Lv.19,ふみつけ
203,Lv.25,かぎわける
203,Lv.31,こうそくいどう
203,Lv.37,バトンタッチ
203,Lv.43,サイケこうせん
203,Lv.49,かみくだく
204,Lv.1,たいあたり
204,Lv.1,まもる
204,Lv.8,じばく
204,Lv.15,とっしん
204,Lv.22,こうそくスピン
204,Lv.29,がまん
204,Lv.36,だいばくはつ
204,Lv.43,まきびし
204,Lv.50,すてみタックル
205,Lv.1,たいあたり
205,Lv.1,まもる
205,Lv.1,じばく
205,Lv.8,じばく
205,Lv.15,とっしん
205,Lv.22,こうそくスピン
205,Lv.29,がまん
205,Lv.39,だいばくはつ
205,Lv.49,まきびし
205,Lv.59,すてみタックル
205,Lv.1,たいあたり
205,Lv.1,まもる
205,Lv.1,じばく
205,Lv.8,じばく
205,Lv.15,とっしん
205,Lv.22,こうそくスピン
205,Lv.29,がまん
205,Lv.31,でんじほう
205,Lv.39,だいばくはつ
205,Lv.49,まきびし
205,Lv.59,すてみタックル
206,Lv.1,いかり
206,Lv.4,まるくなる
206,Lv.11,あくび
206,Lv.14,へびにらみ
206,Lv.21,うらみ
206,Lv.24,おいうち
206,Lv.31,いやなおと
206,Lv.34,とっしん
206,Lv.41,がむしゃら
206,Lv.1,いかり
206,Lv.4,まるくなる
206,Lv.11,あくび
206,Lv.14,へびにらみ
206,Lv.21,ころがる
206,Lv.24,うらみ
206,Lv.31,おいうち
206,Lv.34,いやなおと
206,Lv.41,とっしん
206,Lv.44,じたばた
206,Lv.51,がむしゃら
207,Lv.1,どくばり
207,Lv.6,すなかけ
207,Lv.13,かたくなる
207,Lv.20,でんこうせっか
207,Lv.28,だましうち
207,Lv.36,きりさく
207,Lv.44,いやなおと
207,Lv.52,ハサミギロチン
208,Lv.1,たいあたり
208,Lv.1,いやなおと
208,Lv.9,しめつける
208,Lv.13,いわおとし
208,Lv.21,かたくなる
208,Lv.25,いかり
208,Lv.33,すなあらし
208,Lv.37,たたきつける
208,Lv.45,アイアンテール
208,Lv.49,かみくだく
208,Lv.57,すてみタックル
208,Lv.1,たいあたり
208,Lv.1,いやなおと
208,Lv.8,しめつける
208,Lv.12,いわおとし
208,Lv.19,かたくなる
208,Lv.23,いかり
208,Lv.30,りゅうのいぶき
208,Lv.34,すなあらし
208,Lv.41,たたきつける
208,Lv.45,アイアンテール
208,Lv.52,かみくだく
208,Lv.56,すてみタックル
209,Lv.1,たいあたり
209,Lv.1,こわいかお
209,Lv.4,しっぽをふる
209,Lv.8,あまえる
209,Lv.13,かみつく
209,Lv.19,したでなめる
209,Lv.26,ほえる
209,Lv.34,いかり
209,Lv.43,とっしん
209,Lv.53,かみくだく
210,Lv.1,たいあたり
210,Lv.1,こわいかお
210,Lv.4,しっぽをふる
210,Lv.8,あまえる
210,Lv.13,かみつく
210,Lv.19,したでなめる
210,Lv.28,ほえる
210,Lv.38,いかり
210,Lv.49,とっしん
210,Lv.61,かみくだく
211,Lv.1,まきびし
211,Lv.1,たいあたり
211,Lv.1,どくばり
211,Lv.10,かたくなる
211,Lv.10,ちいさくなる
211,Lv.19,みずでっぽう
211,Lv.28,ミサイルばり
211,Lv.37,とっしん
211,Lv.46,ハイドロポンプ
211,Lv.1,まきびし
211,Lv.1,たいあたり
211,Lv.1,どくばり
211,Lv.9,かたくなる
211,Lv.9,ちいさくなる
211,Lv.13,みずでっぽう
211,Lv.21,ミサイルばり
211,Lv.25,リベンジ
211,Lv.33,とっしん
211,Lv.37,ハイドロポンプ
211,Lv.45,みちづれ
212,Lv.1,でんこうせっか
212,Lv.1,にらみつける
212,Lv.6,きあいだめ
212,Lv.11,おいうち
212,Lv.16,みねうち
212,Lv.21,こうそくいどう
212,Lv.26,メタルクロー
212,Lv.31,きりさく
212,Lv.36,つるぎのまい
212,Lv.41,かげぶんしん
212,Lv.46,れんぞくぎり
212,Lv.1,でんこうせっか
212,Lv.1,にらみつける
212,Lv.6,きあいだめ
212,Lv.11,おいうち
212,Lv.16,みねうち
212,Lv.21,こうそくいどう
212,Lv.26,メタルクロー
212,Lv.31,きりさく
212,Lv.36,つるぎのまい
212,Lv.41,てっぺき
212,Lv.46,れんぞくぎり
213,Lv.1,からみつく
213,Lv.1,からにこもる
213,Lv.9,まきつく
213,Lv.14,アンコール
213,Lv.23,しんぴのまもり
213,Lv.28,がまん
213,Lv.37,ねむる
214,Lv.1,たいあたり
214,Lv.1,にらみつける
214,Lv.6,つのでつく
214,Lv.11,こらえる
214,Lv.17,みだれづき
214,Lv.23,かわらわり
214,Lv.30,カウンター
214,Lv.37,とっしん
214,Lv.45,きしかいせい
214,Lv.53,メガホーン
215,Lv.1,ひっかく
215,Lv.1,にらみつける
215,Lv.1,ちょうはつ
215,Lv.8,でんこうせっか
215,Lv.15,いやなおと
215,Lv.22,だましうち
215,Lv.29,みだれひっかき
215,Lv.36,こうそくいどう
215,Lv.43,こごえるかぜ
215,Lv.50,きりさく
215,Lv.57,ふくろだたき
215,Lv.64,メタルクロー
216,Lv.1,ひっかく
216,Lv.1,にらみつける
216,Lv.7,したでなめる
216,Lv.13,みだれひっかき
216,Lv.19,うそなき
216,Lv.25,だましうち
216,Lv.31,ねむる
216,Lv.37,きりさく
216,Lv.43,いびき
216,Lv.49,あばれる
217,Lv.1,ひっかく
217,Lv.1,にらみつける
217,Lv.1,したでなめる
217,Lv.1,みだれひっかき
217,Lv.7,したでなめる
217,Lv.13,みだれひっかき
217,Lv.19,うそなき
217,Lv.25,だましうち
217,Lv.31,ねむる
217,Lv.37,きりさく
217,Lv.43,いびき
217,Lv.49,あばれる
218,Lv.1,あくび
218,Lv.1,スモッグ
218,Lv.8,ひのこ
218,Lv.15,いわおとし
218,Lv.22,かたくなる
218,Lv.29,ドわすれ
218,Lv.36,かえんほうしゃ
218,Lv.43,いわなだれ
218,Lv.50,のしかかり
219,Lv.1,あくび
219,Lv.1,スモッグ
219,Lv.1,ひのこ
219,Lv.1,いわおとし
219,Lv.8,ひのこ
219,Lv.15,いわおとし
219,Lv.22,かたくなる
219,Lv.29,ドわすれ
219,Lv.36,かえんほうしゃ
219,Lv.48,いわなだれ
219,Lv.60,のしかかり
220,Lv.1,たいあたり
220,Lv.1,かぎわける
220,Lv.10,こなゆき
220,Lv.19,こらえる
220,Lv.28,とっしん
220,Lv.37,しろいきり
220,Lv.46,ふぶき
220,Lv.55,ドわすれ
221,Lv.1,つのでつく
221,Lv.1,かぎわける
221,Lv.1,こなゆき
221,Lv.1,こらえる
221,Lv.10,こなゆき
221,Lv.19,こらえる
221,Lv.28,とっしん
221,Lv.33,みだれづき
221,Lv.42,しろいきり
221,Lv.56,ふぶき
221,Lv.70,ドわすれ
222,Lv.1,たいあたり
222,Lv.6,かたくなる
222,Lv.12,あわ
222,Lv.17,じこさいせい
222,Lv.17,リフレッシュ
222,Lv.23,バブルこうせん
222,Lv.28,とげキャノン
222,Lv.34,ロックブラスト
222,Lv.39,ミラーコート
222,Lv.45,げんしのちから
223,Lv.1,みずでっぽう
223,Lv.11,ロックオン
223,Lv.22,サイケこうせん
223,Lv.22,オーロラビーム
223,Lv.22,バブルこうせん
223,Lv.33,きあいだめ
223,Lv.44,れいとうビーム
223,Lv.55,はかいこうせん
224,Lv.1,みずでっぽう
224,Lv.11,からみつく
224,Lv.22,サイケこうせん
224,Lv.22,オーロラビーム
224,Lv.22,バブルこうせん
224,Lv.25,オクタンほう
224,Lv.38,きあいだめ
224,Lv.54,れいとうビーム
224,Lv.70,はかいこうせん
225,Lv.1,プレゼント
226,Lv.1,たいあたり
226,Lv.1,あわ
226,Lv.8,ちょうおんぱ
226,Lv.15,バブルこうせん
226,Lv.22,とっしん
226,Lv.29,こうそくいどう
226,Lv.36,つばさでうつ
226,Lv.43,みずのはどう
226,Lv.50,あやしいひかり
227,Lv.1,にらみつける
227,Lv.1,つつく
227,Lv.10,すなかけ
227,Lv.13,スピードスター
227,Lv.16,こうそくいどう
227,Lv.26,みだれづき
227,Lv.29,エアカッター
227,Lv.32,はがねのつばさ
227,Lv.42,まきびし
227,Lv.45,きんぞくおん
228,Lv.1,にらみつける
228,Lv.1,ひのこ
228,Lv.7,とおぼえ
228,Lv.13,スモッグ
228,Lv.19,ほえる
228,Lv.25,かみつく
228,Lv.31,かぎわける
228,Lv.37,だましうち
228,Lv.43,かえんほうしゃ
228,Lv.49,かみくだく
229,Lv.1,にらみつける
229,Lv.1,ひのこ
229,Lv.1,とおぼえ
229,Lv.7,とおぼえ
229,Lv.13,スモッグ
229,Lv.19,ほえる
229,Lv.27,かみつく
229,Lv.35,かぎわける
229,Lv.43,だましうち
229,Lv.51,かえんほうしゃ
229,Lv.59,かみくだく
230,Lv.1,あわ
230,Lv.1,えんまく
230,Lv.1,にらみつける
230,Lv.1,みずでっぽう
230,Lv.8,えんまく
230,Lv.15,にらみつける
230,Lv.22,みずでっぽう
230,Lv.29,たつまき
230,Lv.40,こうそくいどう
230,Lv.51,ハイドロポンプ
230,Lv.62,りゅうのまい
231,Lv.1,かぎわける
231,Lv.1,たいあたり
231,Lv.1,なきごえ
231,Lv.9,まるくなる
231,Lv.17,じたばた
231,Lv.25,とっしん
231,Lv.33,ころがる
231,Lv.41,こらえる
231,Lv.49,すてみタックル
232,Lv.1,かぎわける
232,Lv.1,つのでつく
232,Lv.1,なきごえ
232,Lv.9,まるくなる
232,Lv.17,じたばた
232,Lv.25,みだれづき
232,Lv.33,ころがる
232,Lv.41,こうそくスピン
232,Lv.49,じしん
233,Lv.1,テクスチャー2
233,Lv.1,たいあたり
233,Lv.1,テクスチャー
233,Lv.9,こうそくいどう
233,Lv.12,サイケこうせん
233,Lv.20,じこさいせい
233,Lv.24,まるくなる
233,Lv.32,ロックオン
233,Lv.36,トライアタック
233,Lv.44,リサイクル
233,Lv.48,でんじほう
234,Lv.1,たいあたり
234,Lv.7,にらみつける
234,Lv.13,おどろかす
234,Lv.19,さいみんじゅつ
234,Lv.25,ふみつけ
234,Lv.31,すなかけ
234,Lv.37,とっしん
234,Lv.43,あやしいひかり
234,Lv.49,めいそう
234,Lv.1,たいあたり
234,Lv.7,にらみつける
234,Lv.11,おどろかす
234,Lv.17,さいみんじゅつ
234,Lv.21,ふみつけ
234,Lv.27,すなかけ
234,Lv.31,なりきり
234,Lv.37,とっしん
234,Lv.41,あやしいひかり
234,Lv.47,めいそう
235,Lv.1,スケッチ
235,Lv.11,スケッチ
235,Lv.21,スケッチ
235,Lv.31,スケッチ
235,Lv.41,スケッチ
235,Lv.51,スケッチ
235,Lv.61,スケッチ
235,Lv.71,スケッチ
235,Lv.81,スケッチ
235,Lv.91,スケッチ
236,Lv.1,たいあたり
237,Lv.1,リベンジ
237,Lv.1,まわしげり
237,Lv.7,きあいだめ
237,Lv.13,おいうち
237,Lv.19,でんこうせっか
237,Lv.20,トリプルキック
237,Lv.25,こうそくスピン
237,Lv.31,カウンター
237,Lv.37,こうそくいどう
237,Lv.43,みきり
237,Lv.49,がむしゃら
238,Lv.1,はたく
238,Lv.1,したでなめる
238,Lv.9,てんしのキッス
238,Lv.13,こなゆき
238,Lv.21,ねんりき
238,Lv.25,うたう
238,Lv.33,くろいまなざし
238,Lv.37,うそなき
238,Lv.45,サイコキネシス
238,Lv.49,ほろびのうた
238,Lv.57,ふぶき
239,Lv.1,でんこうせっか
239,Lv.1,にらみつける
239,Lv.9,かみなりパンチ
239,Lv.17,ひかりのかべ
239,Lv.25,スピードスター
239,Lv.33,いやなおと
239,Lv.41,10まんボルト
239,Lv.49,かみなり
240,Lv.1,ひのこ
240,Lv.7,にらみつける
240,Lv.13,スモッグ
240,Lv.19,ほのおのパンチ
240,Lv.25,えんまく
240,Lv.31,にほんばれ
240,Lv.37,かえんほうしゃ
240,Lv.43,あやしいひかり
240,Lv.49,だいもんじ
241,Lv.1,たいあたり
241,Lv.4,なきごえ
241,Lv.8,まるくなる
241,Lv.13,ふみつけ
241,Lv.19,ミルクのみ
241,Lv.26,がまん
241,Lv.34,ころがる
241,Lv.43,のしかかり
241,Lv.53,いやしのすず
242,Lv.1,はたく
242,Lv.1,なきごえ
242,Lv.4,しっぽをふる
242,Lv.7,リフレッシュ
242,Lv.10,タマゴうみ
242,Lv.13,おうふくビンタ
242,Lv.18,ちいさくなる
242,Lv.23,うたう
242,Lv.28,タマゴばくだん
242,Lv.33,まるくなる
242,Lv.40,ひかりのかべ
242,Lv.47,すてみタックル
243,Lv.1,かみつく
243,Lv.1,にらみつける
243,Lv.11,でんきショック
243,Lv.21,ほえる
243,Lv.31,でんこうせっか
243,Lv.41,スパーク
243,Lv.51,リフレクター
243,Lv.61,かみくだく
243,Lv.71,かみなり
243,Lv.81,めいそう
244,Lv.1,かみつく
244,Lv.1,にらみつける
244,Lv.11,ひのこ
244,Lv.21,ほえる
244,Lv.31,ほのおのうず
244,Lv.41,ふみつけ
244,Lv.51,かえんほうしゃ
244,Lv.61,いばる
244,Lv.71,だいもんじ
244,Lv.81,めいそう
245,Lv.1,かみつく
245,Lv.1,にらみつける
245,Lv.11,バブルこうせん
245,Lv.21,あまごい
245,Lv.31,かぜおこし
245,Lv.41,オーロラビーム
245,Lv.51,しろいきり
245,Lv.61,ミラーコート
245,Lv.71,ハイドロポンプ
245,Lv.81,めいそう
246,Lv.1,かみつく
246,Lv.1,にらみつける
246,Lv.8,すなあらし
246,Lv.15,いやなおと
246,Lv.22,いわなだれ
246,Lv.29,あばれる
246,Lv.36,こわいかお
246,Lv.43,かみくだく
246,Lv.50,じしん
246,Lv.57,はかいこうせん
247,Lv.1,かみつく
247,Lv.1,にらみつける
247,Lv.1,すなあらし
247,Lv.1,いやなおと
247,Lv.8,すなあらし
247,Lv.15,いやなおと
247,Lv.22,いわなだれ
247,Lv.29,あばれる
247,Lv.38,こわいかお
247,Lv.47,かみくだく
247,Lv.56,じしん
247,Lv.65,はかいこうせん
248,Lv.1,かみつく
248,Lv.1,にらみつける
248,Lv.1,すなあらし
248,Lv.1,いやなおと
248,Lv.8,すなあらし
248,Lv.15,いやなおと
248,Lv.22,いわなだれ
248,Lv.29,あばれる
248,Lv.38,こわいかお
248,Lv.47,かみくだく
248,Lv.61,じしん
248,Lv.75,はかいこうせん
249,Lv.1,ふきとばし
249,Lv.11,しんぴのまもり
249,Lv.22,かぜおこし
249,Lv.33,じこさいせい
249,Lv.44,ハイドロポンプ
249,Lv.55,あまごい
249,Lv.66,スピードスター
249,Lv.77,エアロブラスト
249,Lv.88,げんしのちから
249,Lv.99,みらいよち
250,Lv.1,ふきとばし
250,Lv.11,しんぴのまもり
250,Lv.22,かぜおこし
250,Lv.33,じこさいせい
250,Lv.44,だいもんじ
250,Lv.55,にほんばれ
250,Lv.66,スピードスター
250,Lv.77,せいなるほのお
250,Lv.88,げんしのちから
250,Lv.99,みらいよち
251,Lv.1,やどりぎのタネ
251,Lv.1,ねんりき
251,Lv.1,じこさいせい
251,Lv.1,いやしのすず
251,Lv.10,しんぴのまもり
251,Lv.20,げんしのちから
251,Lv.30,みらいよち
251,Lv.40,バトンタッチ
251,Lv.50,ほろびのうた
252,Lv.1,はたく
252,Lv.1,にらみつける
252,Lv.6,すいとる
252,Lv.11,でんこうせっか
252,Lv.16,おいうち
252,Lv.21,いやなおと
252,Lv.26,メガドレイン
252,Lv.31,こうそくいどう
252,Lv.36,たたきつける
252,Lv.41,みきり
252,Lv.46,ギガドレイン
253,Lv.1,はたく
253,Lv.1,にらみつける
253,Lv.1,すいとる
253,Lv.1,でんこうせっか
253,Lv.6,すいとる
253,Lv.11,でんこうせっか
253,Lv.16,れんぞくぎり
253,Lv.17,おいうち
253,Lv.23,いやなおと
253,Lv.29,リーフブレード
253,Lv.35,こうそくいどう
253,Lv.41,たたきつける
253,Lv.47,みきり
253,Lv.53,みねうち
254,Lv.1,はたく
254,Lv.1,にらみつける
254,Lv.1,すいとる
254,Lv.1,でんこうせっか
254,Lv.6,すいとる
254,Lv.11,でんこうせっか
254,Lv.16,れんぞくぎり
254,Lv.17,おいうち
254,Lv.23,いやなおと
254,Lv.29,リーフブレード
254,Lv.35,こうそくいどう
254,Lv.43,たたきつける
254,Lv.51,みきり
254,Lv.59,みねうち
255,Lv.1,ひっかく
255,Lv.1,なきごえ
255,Lv.7,きあいだめ
255,Lv.10,ひのこ
255,Lv.16,つつく
255,Lv.19,すなかけ
255,Lv.25,ほのおのうず
255,Lv.28,でんこうせっか
255,Lv.34,きりさく
255,Lv.37,オウムがえし
255,Lv.43,かえんほうしゃ
256,Lv.1,ひっかく
256,Lv.1,なきごえ
256,Lv.1,きあいだめ
256,Lv.1,ひのこ
256,Lv.7,きあいだめ
256,Lv.13,ひのこ
256,Lv.16,にどげり
256,Lv.17,つつく
256,Lv.21,すなかけ
256,Lv.28,ビルドアップ
256,Lv.32,でんこうせっか
256,Lv.39,きりさく
256,Lv.43,オウムがえし
256,Lv.50,スカイアッパー
257,Lv.1,ほのおのパンチ
257,Lv.1,ひっかく
257,Lv.1,なきごえ
257,Lv.1,きあいだめ
257,Lv.1,ひのこ
257,Lv.7,きあいだめ
257,Lv.13,ひのこ
257,Lv.16,にどげり
257,Lv.17,つつく
257,Lv.21,すなかけ
257,Lv.28,ビルドアップ
257,Lv.32,でんこうせっか
257,Lv.36,ブレイズキック
257,Lv.42,きりさく
257,Lv.49,オウムがえし
257,Lv.59,スカイアッパー
258,Lv.1,たいあたり
258,Lv.1,なきごえ
258,Lv.6,どろかけ
258,Lv.10,みずでっぽう
258,Lv.15,がまん
258,Lv.19,みやぶる
258,Lv.24,どろあそび
258,Lv.28,とっしん
258,Lv.33,うずしお
258,Lv.37,まもる
258,Lv.42,ハイドロポンプ
258,Lv.46,がむしゃら
259,Lv.1,たいあたり
259,Lv.1,なきごえ
259,Lv.1,どろかけ
259,Lv.1,みずでっぽう
259,Lv.6,どろかけ
259,Lv.10,みずでっぽう
259,Lv.15,がまん
259,Lv.16,マッドショット
259,Lv.20,みやぶる
259,Lv.25,どろあそび
259,Lv.31,とっしん
259,Lv.37,だくりゅう
259,Lv.42,まもる
259,Lv.46,じしん
259,Lv.53,がむしゃら
260,Lv.1,たいあたり
260,Lv.1,なきごえ
260,Lv.1,どろかけ
260,Lv.1,みずでっぽう
260,Lv.6,どろかけ
260,Lv.10,みずでっぽう
260,Lv.15,がまん
260,Lv.16,マッドショット
260,Lv.20,みやぶる
260,Lv.25,どろあそび
260,Lv.31,とっしん
260,Lv.39,だくりゅう
260,Lv.46,まもる
260,Lv.52,じしん
260,Lv.61,がむしゃら
261,Lv.1,たいあたり
261,Lv.5,とおぼえ
261,Lv.9,すなかけ
261,Lv.13,かみつく
261,Lv.17,かぎわける
261,Lv.21,ほえる
261,Lv.25,いばる
261,Lv.29,こわいかお
261,Lv.33,とっしん
261,Lv.37,ちょうはつ
261,Lv.41,かみくだく
261,Lv.45,どろぼう
262,Lv.1,たいあたり
262,Lv.1,とおぼえ
262,Lv.1,すなかけ
262,Lv.1,かみつく
262,Lv.5,とおぼえ
262,Lv.9,すなかけ
262,Lv.13,かみつく
262,Lv.17,かぎわける
262,Lv.22,ほえる
262,Lv.27,いばる
262,Lv.32,こわいかお
262,Lv.37,とっしん
262,Lv.42,ちょうはつ
262,Lv.47,かみくだく
262,Lv.52,どろぼう
263,Lv.1,たいあたり
263,Lv.1,なきごえ
263,Lv.5,しっぽをふる
263,Lv.9,ずつき
263,Lv.13,すなかけ
263,Lv.17,かぎわける
263,Lv.21,どろあそび
263,Lv.25,ミサイルばり
263,Lv.29,ほしがる
263,Lv.33,じたばた
263,Lv.37,ねむる
263,Lv.41,はらだいこ
264,Lv.1,たいあたり
264,Lv.1,なきごえ
264,Lv.1,しっぽをふる
264,Lv.1,ずつき
264,Lv.5,しっぽをふる
264,Lv.9,ずつき
264,Lv.13,すなかけ
264,Lv.17,かぎわける
264,Lv.23,どろあそび
264,Lv.29,みだれひっかき
264,Lv.35,ほしがる
264,Lv.41,きりさく
264,Lv.47,ねむる
264,Lv.53,はらだいこ
265,Lv.1,たいあたり
265,Lv.1,いとをはく
265,Lv.5,どくばり
266,Lv.1,かたくなる
266,Lv.7,かたくなる
267,Lv.1,すいとる
267,Lv.10,すいとる
267,Lv.13,かぜおこし
267,Lv.17,しびれごな
267,Lv.20,あさのひざし
267,Lv.24,メガドレイン
267,Lv.27,ふきとばし
267,Lv.31,メロメロ
267,Lv.34,ぎんいろのかぜ
267,Lv.38,ギガドレイン
268,Lv.1,かたくなる
268,Lv.7,かたくなる
269,Lv.1,ねんりき
269,Lv.10,ねんりき
269,Lv.13,かぜおこし
269,Lv.17,まもる
269,Lv.20,つきのひかり
269,Lv.24,サイケこうせん
269,Lv.27,ふきとばし
269,Lv.31,ひかりのかべ
269,Lv.34,ぎんいろのかぜ
269,Lv.38,どくどく
270,Lv.1,おどろかす
270,Lv.3,なきごえ
270,Lv.7,すいとる
270,Lv.13,しぜんのちから
270,Lv.21,しろいきり
270,Lv.31,あまごい
270,Lv.43,メガドレイン
271,Lv.1,おどろかす
271,Lv.3,なきごえ
271,Lv.7,すいとる
271,Lv.13,しぜんのちから
271,Lv.19,ねこだまし
271,Lv.25,みだれひっかき
271,Lv.31,みずあそび
271,Lv.37,どろぼう
271,Lv.43,さわぐ
271,Lv.49,ハイドロポンプ
272,Lv.1,おどろかす
272,Lv.1,なきごえ
272,Lv.1,すいとる
272,Lv.1,しぜんのちから
273,Lv.1,がまん
273,Lv.3,かたくなる
273,Lv.7,せいちょう
273,Lv.13,しぜんのちから
273,Lv.21,こうごうせい
273,Lv.31,にほんばれ
273,Lv.43,だいばくはつ
274,Lv.1,はたく
274,Lv.3,かたくなる
274,Lv.7,せいちょう
274,Lv.13,しぜんのちから
274,Lv.19,ねこだまし
274,Lv.25,いちゃもん
274,Lv.31,だましうち
274,Lv.37,かまいたち
274,Lv.43,いばる
274,Lv.49,じんつうりき
275,Lv.1,はたく
275,Lv.1,かたくなる
275,Lv.1,せいちょう
275,Lv.1,しぜんのちから
276,Lv.1,つつく
276,Lv.1,なきごえ
276,Lv.4,きあいだめ
276,Lv.8,でんこうせっか
276,Lv.13,つばさでうつ
276,Lv.19,かげぶんしん
276,Lv.26,がむしゃら
276,Lv.34,つばめがえし
276,Lv.43,こうそくいどう
277,Lv.1,つつく
277,Lv.1,なきごえ
277,Lv.1,きあいだめ
277,Lv.1,でんこうせっか
277,Lv.4,きあいだめ
277,Lv.8,でんこうせっか
277,Lv.13,つばさでうつ
277,Lv.19,かげぶんしん
277,Lv.28,がむしゃら
277,Lv.38,つばめがえし
277,Lv.49,こうそくいどう
278,Lv.1,なきごえ
278,Lv.1,みずでっぽう
278,Lv.7,ちょうおんぱ
278,Lv.13,つばさでうつ
278,Lv.21,しろいきり
278,Lv.31,でんこうせっか
278,Lv.43,おいうち
278,Lv.55,こうそくいどう
279,Lv.1,なきごえ
279,Lv.1,みずでっぽう
279,Lv.1,みずあそび
279,Lv.1,つばさでうつ
279,Lv.3,みずでっぽう
279,Lv.7,ちょうおんぱ
279,Lv.13,つばさでうつ
279,Lv.21,しろいきり
279,Lv.25,まもる
279,Lv.33,たくわえる
279,Lv.33,のみこむ
279,Lv.47,はきだす
279,Lv.61,ハイドロポンプ
280,Lv.1,なきごえ
280,Lv.6,ねんりき
280,Lv.11,かげぶんしん
280,Lv.16,テレポート
280,Lv.21,めいそう
280,Lv.26,サイコキネシス
280,Lv.31,ふういん
280,Lv.36,みらいよち
280,Lv.41,さいみんじゅつ
280,Lv.46,ゆめくい
281,Lv.1,なきごえ
281,Lv.1,ねんりき
281,Lv.1,かげぶんしん
281,Lv.1,テレポート
281,Lv.6,ねんりき
281,Lv.11,かげぶんしん
281,Lv.16,テレポート
281,Lv.21,めいそう
281,Lv.26,サイコキネシス
281,Lv.33,ふういん
281,Lv.40,みらいよち
281,Lv.47,さいみんじゅつ
281,Lv.54,ゆめくい
281,Lv.1,マジカルリーフ
281,Lv.1,なきごえ
281,Lv.1,ねんりき
281,Lv.1,かげぶんしん
281,Lv.1,テレポート
281,Lv.6,ねんりき
281,Lv.11,かげぶんしん
281,Lv.16,テレポート
281,Lv.21,めいそう
281,Lv.26,サイコキネシス
281,Lv.33,ふういん
281,Lv.40,みらいよち
281,Lv.47,さいみんじゅつ
281,Lv.54,ゆめくい
282,Lv.1,なきごえ
282,Lv.1,ねんりき
282,Lv.1,かげぶんしん
282,Lv.1,テレポート
282,Lv.6,ねんりき
282,Lv.11,かげぶんしん
282,Lv.16,テレポート
282,Lv.21,めいそう
282,Lv.26,サイコキネシス
282,Lv.33,ふういん
282,Lv.42,みらいよち
282,Lv.51,さいみんじゅつ
282,Lv.60,ゆめくい
283,Lv.1,あわ
283,Lv.7,でんこうせっか
283,Lv.13,あまいかおり
283,Lv.19,みずあそび
283,Lv.25,バブルこうせん
283,Lv.31,こうそくいどう
283,Lv.37,しろいきり
283,Lv.37,くろいきり
284,Lv.1,あわ
284,Lv.1,でんこうせっか
284,Lv.1,あまいかおり
284,Lv.1,みずあそび
284,Lv.7,でんこうせっか
284,Lv.13,あまいかおり
284,Lv.19,みずあそび
284,Lv.26,かぜおこし
284,Lv.33,こわいかお
284,Lv.40,しびれごな
284,Lv.47,ぎんいろのかぜ
284,Lv.53,ふきとばし
285,Lv.1,すいとる
285,Lv.4,たいあたり
285,Lv.7,しびれごな
285,Lv.10,やどりぎのタネ
285,Lv.16,メガドレイン
285,Lv.22,ずつき
285,Lv.28,どくのこな
285,Lv.36,せいちょう
285,Lv.45,ギガドレイン
285,Lv.54,キノコのほうし
286,Lv.1,すいとる
286,Lv.1,たいあたり
286,Lv.1,しびれごな
286,Lv.1,やどりぎのタネ
286,Lv.4,たいあたり
286,Lv.7,しびれごな
286,Lv.10,やどりぎのタネ
286,Lv.16,メガドレイン
286,Lv.22,ずつき
286,Lv.23,マッハパンチ
286,Lv.28,カウンター
286,Lv.36,スカイアッパー
286,Lv.45,こころのめ
286,Lv.54,ばくれつパンチ
287,Lv.1,ひっかく
287,Lv.1,あくび
287,Lv.7,アンコール
287,Lv.13,なまける
287,Lv.19,だましうち
287,Lv.25,ドわすれ
287,Lv.31,ほしがる
287,Lv.37,カウンター
287,Lv.43,じたばた
288,Lv.1,ひっかく
288,Lv.1,きあいだめ
288,Lv.1,アンコール
288,Lv.1,さわぐ
288,Lv.7,アンコール
288,Lv.13,さわぐ
288,Lv.19,みだれひっかき
288,Lv.25,こらえる
288,Lv.31,きりさく
288,Lv.37,カウンター
288,Lv.43,きあいパンチ
288,Lv.49,きしかいせい
289,Lv.1,ひっかく
289,Lv.1,あくび
289,Lv.1,アンコール
289,Lv.1,なまける
289,Lv.7,アンコール
289,Lv.13,なまける
289,Lv.19,だましうち
289,Lv.25,ドわすれ
289,Lv.31,ほしがる
289,Lv.36,いばる
289,Lv.37,カウンター
289,Lv.43,じたばた
290,Lv.1,ひっかく
290,Lv.1,かたくなる
290,Lv.5,きゅうけつ
290,Lv.9,すなかけ
290,Lv.14,みだれひっかき
290,Lv.19,こころのめ
290,Lv.25,みねうち
290,Lv.31,どろかけ
290,Lv.38,メタルクロー
290,Lv.45,あなをほる
291,Lv.1,ひっかく
291,Lv.1,かたくなる
291,Lv.1,きゅうけつ
291,Lv.1,すなかけ
291,Lv.5,きゅうけつ
291,Lv.9,すなかけ
291,Lv.14,みだれひっかき
291,Lv.19,こころのめ
291,Lv.20,かげぶんしん
291,Lv.20,れんぞくぎり
291,Lv.20,いやなおと
291,Lv.25,つるぎのまい
291,Lv.31,きりさく
291,Lv.38,こうそくいどう
291,Lv.45,バトンタッチ
292,Lv.1,ひっかく
292,Lv.1,かたくなる
292,Lv.5,きゅうけつ
292,Lv.9,すなかけ
292,Lv.14,みだれひっかき
292,Lv.19,こころのめ
292,Lv.25,うらみ
292,Lv.31,あやしいひかり
292,Lv.38,シャドーボール
292,Lv.45,おんねん
293,Lv.1,はたく
293,Lv.5,さわぐ
293,Lv.11,おどろかす
293,Lv.15,とおぼえ
293,Lv.21,ちょうおんぱ
293,Lv.25,ふみつけ
293,Lv.31,いやなおと
293,Lv.35,ほえる
293,Lv.41,ねむる
293,Lv.41,ねごと
293,Lv.45,ハイパーボイス
294,Lv.1,はたく
294,Lv.1,さわぐ
294,Lv.1,おどろかす
294,Lv.1,とおぼえ
294,Lv.5,さわぐ
294,Lv.11,おどろかす
294,Lv.15,とおぼえ
294,Lv.23,ちょうおんぱ
294,Lv.29,ふみつけ
294,Lv.37,いやなおと
294,Lv.43,ほえる
294,Lv.51,ねむる
294,Lv.51,ねごと
294,Lv.57,ハイパーボイス
295,Lv.1,はたく
295,Lv.1,さわぐ
295,Lv.1,おどろかす
295,Lv.1,とおぼえ
295,Lv.5,さわぐ
295,Lv.11,おどろかす
295,Lv.15,とおぼえ
295,Lv.23,ちょうおんぱ
295,Lv.29,ふみつけ
295,Lv.37,いやなおと
295,Lv.40,はかいこうせん
295,Lv.45,ほえる
295,Lv.55,ねむる
295,Lv.55,ねごと
295,Lv.63,ハイパーボイス
296,Lv.1,たいあたり
296,Lv.1,きあいだめ
296,Lv.4,すなかけ
296,Lv.10,つっぱり
296,Lv.13,あてみなげ
296,Lv.19,ねこだまし
296,Lv.22,ふきとばし
296,Lv.28,はたきおとす
296,Lv.31,きつけ
296,Lv.37,はらだいこ
296,Lv.40,こらえる
296,Lv.46,ちきゅうなげ
296,Lv.49,きしかいせい
297,Lv.1,たいあたり
297,Lv.1,きあいだめ
297,Lv.1,すなかけ
297,Lv.1,つっぱり
297,Lv.4,すなかけ
297,Lv.10,つっぱり
297,Lv.13,あてみなげ
297,Lv.19,ねこだまし
297,Lv.22,ふきとばし
297,Lv.29,はたきおとす
297,Lv.33,きつけ
297,Lv.40,はらだいこ
297,Lv.44,こらえる
297,Lv.51,ちきゅうなげ
297,Lv.55,きしかいせい
298,Lv.1,はねる
298,Lv.3,あまえる
298,Lv.6,しっぽをふる
298,Lv.10,あわ
298,Lv.15,たたきつける
298,Lv.21,みずでっぽう
299,Lv.1,たいあたり
299,Lv.7,かたくなる
299,Lv.13,いわおとし
299,Lv.16,とおせんぼう
299,Lv.22,でんじは
299,Lv.28,いわなだれ
299,Lv.31,すなあらし
299,Lv.37,ねむる
299,Lv.43,でんじほう
299,Lv.46,ロックオン
300,Lv.1,なきごえ
300,Lv.1,たいあたり
300,Lv.3,しっぽをふる
300,Lv.7,メロメロ
300,Lv.13,うたう
300,Lv.15,おうふくビンタ
300,Lv.19,ねこのて
300,Lv.25,あまえる
300,Lv.27,だましうち
300,Lv.31,ほしがる
300,Lv.37,いやしのすず
300,Lv.39,すてみタックル
301,Lv.1,なきごえ
301,Lv.1,メロメロ
301,Lv.1,うたう
301,Lv.1,おうふくビンタ
302,Lv.1,にらみつける
302,Lv.1,ひっかく
302,Lv.5,みやぶる
302,Lv.9,ナイトヘッド
302,Lv.13,おどろかす
302,Lv.17,みだれひっかき
302,Lv.21,ねこだまし
302,Lv.25,みきり
302,Lv.29,だましうち
302,Lv.33,はたきおとす
302,Lv.37,あやしいひかり
302,Lv.41,シャドーボール
302,Lv.45,くろいまなざし
303,Lv.1,おどろかす
303,Lv.6,うそなき
303,Lv.11,かみつく
303,Lv.16,あまいかおり
303,Lv.21,はさむ
303,Lv.26,だましうち
303,Lv.31,バトンタッチ
303,Lv.36,かみくだく
303,Lv.41,てっぺき
303,Lv.46,たくわえる
303,Lv.46,のみこむ
303,Lv.46,はきだす
304,Lv.1,たいあたり
304,Lv.4,かたくなる
304,Lv.7,どろかけ
304,Lv.10,ずつき
304,Lv.13,メタルクロー
304,Lv.17,てっぺき
304,Lv.21,ほえる
304,Lv.25,とっしん
304,Lv.29,アイアンテール
304,Lv.34,まもる
304,Lv.39,きんぞくおん
304,Lv.44,すてみタックル
305,Lv.1,たいあたり
305,Lv.1,かたくなる
305,Lv.1,どろかけ
305,Lv.1,ずつき
305,Lv.4,かたくなる
305,Lv.7,どろかけ
305,Lv.10,ずつき
305,Lv.13,メタルクロー
305,Lv.17,てっぺき
305,Lv.21,ほえる
305,Lv.25,とっしん
305,Lv.29,アイアンテール
305,Lv.37,まもる
305,Lv.45,きんぞくおん
305,Lv.53,すてみタックル
306,Lv.1,たいあたり
306,Lv.1,かたくなる
306,Lv.1,どろかけ
306,Lv.1,ずつき
306,Lv.4,かたくなる
306,Lv.7,どろかけ
306,Lv.10,ずつき
306,Lv.13,メタルクロー
306,Lv.17,てっぺき
306,Lv.21,ほえる
306,Lv.25,とっしん
306,Lv.29,アイアンテール
306,Lv.37,まもる
306,Lv.50,きんぞくおん
306,Lv.63,すてみタックル
307,Lv.1,がまん
307,Lv.4,ヨガのポーズ
307,Lv.9,ねんりき
307,Lv.12,みきり
307,Lv.18,めざめるパワー
307,Lv.22,こころのめ
307,Lv.28,めいそう
307,Lv.32,とびひざげり
307,Lv.38,じこあんじ
307,Lv.42,きしかいせい
307,Lv.48,じこさいせい
307,Lv.1,がまん
307,Lv.4,ヨガのポーズ
307,Lv.9,ねんりき
307,Lv.12,みきり
307,Lv.17,めざめるパワー
307,Lv.20,いばる
307,Lv.25,こころのめ
307,Lv.28,めいそう
307,Lv.33,とびひざげり
307,Lv.36,じこあんじ
307,Lv.41,きしかいせい
307,Lv.44,じこさいせい
308,Lv.1,ほのおのパンチ
308,Lv.1,かみなりパンチ
308,Lv.1,れいとうパンチ
308,Lv.1,がまん
308,Lv.1,ヨガのポーズ
308,Lv.1,ねんりき
308,Lv.1,みきり
308,Lv.4,ヨガのポーズ
308,Lv.9,ねんりき
308,Lv.12,みきり
308,Lv.18,めざめるパワー
308,Lv.22,こころのめ
308,Lv.28,めいそう
308,Lv.32,とびひざげり
308,Lv.40,じこあんじ
308,Lv.46,きしかいせい
308,Lv.54,じこさいせい
308,Lv.1,ほのおのパンチ
308,Lv.1,かみなりパンチ
308,Lv.1,れいとうパンチ
308,Lv.1,がまん
308,Lv.1,ヨガのポーズ
308,Lv.1,ねんりき
308,Lv.1,みきり
308,Lv.4,ヨガのポーズ
308,Lv.9,ねんりき
308,Lv.12,みきり
308,Lv.17,めざめるパワー
308,Lv.20,いばる
308,Lv.25,こころのめ
308,Lv.28,めいそう
308,Lv.33,とびひざげり
308,Lv.36,じこあんじ
308,Lv.47,きしかいせい
308,Lv.56,じこさいせい
309,Lv.1,たいあたり
309,Lv.4,でんじは
309,Lv.9,にらみつける
309,Lv.12,とおぼえ
309,Lv.17,でんこうせっか
309,Lv.20,スパーク
309,Lv.25,かぎわける
309,Lv.28,ほえる
309,Lv.33,かみつく
309,Lv.36,かみなり
309,Lv.41,じゅうでん
310,Lv.1,たいあたり
310,Lv.1,でんじは
310,Lv.1,にらみつける
310,Lv.1,とおぼえ
310,Lv.4,でんじは
310,Lv.9,にらみつける
310,Lv.12,とおぼえ
310,Lv.17,でんこうせっか
310,Lv.20,スパーク
310,Lv.25,かぎわける
310,Lv.31,ほえる
310,Lv.39,かみつく
310,Lv.45,かみなり
310,Lv.53,じゅうでん
311,Lv.1,なきごえ
311,Lv.4,でんじは
311,Lv.10,でんこうせっか
311,Lv.13,てだすけ
311,Lv.19,スパーク
311,Lv.22,アンコール
311,Lv.28,うそなき
311,Lv.31,じゅうでん
311,Lv.37,かみなり
311,Lv.40,バトンタッチ
311,Lv.47,こうそくいどう
312,Lv.1,なきごえ
312,Lv.4,でんじは
312,Lv.10,でんこうせっか
312,Lv.13,てだすけ
312,Lv.19,スパーク
312,Lv.22,アンコール
312,Lv.28,あまえる
312,Lv.31,じゅうでん
312,Lv.37,かみなり
312,Lv.40,バトンタッチ
312,Lv.47,こうそくいどう
313,Lv.1,たいあたり
313,Lv.5,あやしいひかり
313,Lv.9,かげぶんしん
313,Lv.13,つきのひかり
313,Lv.17,でんこうせっか
313,Lv.21,ほたるび
313,Lv.25,シグナルビーム
313,Lv.29,まもる
313,Lv.33,てだすけ
313,Lv.37,すてみタックル
314,Lv.1,たいあたり
314,Lv.5,あまいかおり
314,Lv.9,あまえる
314,Lv.13,つきのひかり
314,Lv.17,でんこうせっか
314,Lv.21,ねがいごと
314,Lv.25,アンコール
314,Lv.29,おだてる
314,Lv.33,てだすけ
314,Lv.37,ほしがる
315,Lv.1,すいとる
315,Lv.5,せいちょう
315,Lv.9,どくばり
315,Lv.13,しびれごな
315,Lv.17,メガドレイン
315,Lv.21,やどりぎのタネ
315,Lv.25,マジカルリーフ
315,Lv.29,くさぶえ
315,Lv.33,ギガドレイン
315,Lv.37,あまいかおり
315,Lv.41,ねをはる
315,Lv.45,どくどく
315,Lv.49,はなびらのまい
315,Lv.53,アロマセラピー
315,Lv.57,こうごうせい
316,Lv.1,はたく
316,Lv.6,あくび
316,Lv.9,どくガス
316,Lv.14,ヘドロこうげき
316,Lv.17,ドわすれ
316,Lv.23,アンコール
316,Lv.28,どくどく
316,Lv.34,たくわえる
316,Lv.34,はきだす
316,Lv.34,のみこむ
316,Lv.39,ヘドロばくだん
317,Lv.1,はたく
317,Lv.1,あくび
317,Lv.1,どくガス
317,Lv.1,ヘドロこうげき
317,Lv.6,あくび
317,Lv.9,どくガス
317,Lv.14,ヘドロこうげき
317,Lv.17,ドわすれ
317,Lv.23,アンコール
317,Lv.26,のしかかり
317,Lv.31,どくどく
317,Lv.40,たくわえる
317,Lv.40,はきだす
317,Lv.40,のみこむ
317,Lv.48,ヘドロばくだん
318,Lv.1,にらみつける
318,Lv.1,かみつく
318,Lv.7,いかり
318,Lv.13,きあいだめ
318,Lv.16,こわいかお
318,Lv.22,かみくだく
318,Lv.28,いやなおと
318,Lv.31,とっしん
318,Lv.37,いばる
318,Lv.43,こうそくいどう
319,Lv.1,にらみつける
319,Lv.1,かみつく
319,Lv.1,いかり
319,Lv.1,きあいだめ
319,Lv.7,いかり
319,Lv.13,きあいだめ
319,Lv.16,こわいかお
319,Lv.22,かみくだく
319,Lv.28,いやなおと
319,Lv.33,きりさく
319,Lv.38,ちょうはつ
319,Lv.43,いばる
319,Lv.48,ロケットずつき
319,Lv.53,こうそくいどう
320,Lv.1,はねる
320,Lv.5,なきごえ
320,Lv.10,みずでっぽう
320,Lv.14,ころがる
320,Lv.19,うずしお
320,Lv.23,おどろかす
320,Lv.28,みずのはどう
320,Lv.32,しろいきり
320,Lv.37,ねむる
320,Lv.41,しおふき
320,Lv.46,ドわすれ
320,Lv.50,ハイドロポンプ
321,Lv.1,はねる
321,Lv.1,なきごえ
321,Lv.1,みずでっぽう
321,Lv.1,ころがる
321,Lv.5,なきごえ
321,Lv.10,みずでっぽう
321,Lv.14,ころがる
321,Lv.19,うずしお
321,Lv.23,おどろかす
321,Lv.28,みずのはどう
321,Lv.32,しろいきり
321,Lv.37,ねむる
321,Lv.44,しおふき
321,Lv.52,ドわすれ
321,Lv.59,ハイドロポンプ
322,Lv.1,なきごえ
322,Lv.1,たいあたり
322,Lv.11,ひのこ
322,Lv.19,マグニチュード
322,Lv.25,きあいだめ
322,Lv.29,とっしん
322,Lv.31,ドわすれ
322,Lv.35,じしん
322,Lv.41,かえんほうしゃ
322,Lv.49,すてみタックル
323,Lv.1,なきごえ
323,Lv.1,たいあたり
323,Lv.1,ひのこ
323,Lv.1,マグニチュード
323,Lv.11,ひのこ
323,Lv.19,マグニチュード
323,Lv.25,きあいだめ
323,Lv.29,とっしん
323,Lv.31,ドわすれ
323,Lv.33,いわなだれ
323,Lv.37,じしん
323,Lv.45,ふんか
323,Lv.55,じわれ
324,Lv.1,ひのこ
324,Lv.4,スモッグ
324,Lv.7,のろい
324,Lv.14,えんまく
324,Lv.17,ほのおのうず
324,Lv.20,のしかかり
324,Lv.27,まもる
324,Lv.30,かえんほうしゃ
324,Lv.33,てっぺき
324,Lv.40,ドわすれ
324,Lv.43,じたばた
324,Lv.46,ねっぷう
325,Lv.1,はねる
325,Lv.7,サイコウェーブ
325,Lv.10,かぎわける
325,Lv.16,サイケこうせん
325,Lv.19,じこあんじ
325,Lv.25,あやしいひかり
325,Lv.28,マジックコート
325,Lv.34,サイコキネシス
325,Lv.37,ねむる
325,Lv.37,いびき
325,Lv.43,とびはねる
326,Lv.1,はねる
326,Lv.1,サイコウェーブ
326,Lv.1,かぎわける
326,Lv.1,サイケこうせん
326,Lv.7,サイコウェーブ
326,Lv.10,かぎわける
326,Lv.16,サイケこうせん
326,Lv.19,じこあんじ
326,Lv.25,あやしいひかり
326,Lv.28,マジックコート
326,Lv.37,サイコキネシス
326,Lv.43,ねむる
326,Lv.43,いびき
326,Lv.55,とびはねる
327,Lv.1,たいあたり
327,Lv.5,さわぐ
327,Lv.12,だましうち
327,Lv.16,サイケこうせん
327,Lv.23,さいみんじゅつ
327,Lv.27,ピヨピヨパンチ
327,Lv.34,フラフラダンス
327,Lv.38,じこあんじ
327,Lv.45,すてみタックル
327,Lv.49,じたばた
327,Lv.56,あばれる
328,Lv.1,かみつく
328,Lv.9,すなかけ
328,Lv.17,だましうち
328,Lv.25,すなじごく
328,Lv.33,かみくだく
328,Lv.41,あなをほる
328,Lv.49,すなあらし
328,Lv.57,はかいこうせん
329,Lv.1,かみつく
329,Lv.1,すなかけ
329,Lv.1,だましうち
329,Lv.1,すなじごく
329,Lv.9,すなかけ
329,Lv.17,だましうち
329,Lv.25,すなじごく
329,Lv.33,かみくだく
329,Lv.35,りゅうのいぶき
329,Lv.41,いやなおと
329,Lv.49,すなあらし
329,Lv.57,はかいこうせん
330,Lv.1,かみつく
330,Lv.1,すなかけ
330,Lv.1,だましうち
330,Lv.1,すなじごく
330,Lv.9,すなかけ
330,Lv.17,だましうち
330,Lv.25,すなじごく
330,Lv.33,かみくだく
330,Lv.35,りゅうのいぶき
330,Lv.41,いやなおと
330,Lv.53,すなあらし
330,Lv.65,はかいこうせん
331,Lv.1,どくばり
331,Lv.1,にらみつける
331,Lv.5,すいとる
331,Lv.9,せいちょう
331,Lv.13,やどりぎのタネ
331,Lv.17,すなかけ
331,Lv.21,ミサイルばり
331,Lv.25,ねをはる
331,Lv.29,だましうち
331,Lv.33,まきびし
331,Lv.37,ニードルアーム
331,Lv.41,わたほうし
331,Lv.45,すなあらし
331,Lv.1,どくばり
331,Lv.1,にらみつける
331,Lv.5,すいとる
331,Lv.9,せいちょう
331,Lv.13,やどりぎのタネ
331,Lv.17,すなかけ
331,Lv.21,ミサイルばり
331,Lv.25,ねをはる
331,Lv.29,だましうち
331,Lv.33,まきびし
331,Lv.37,ニードルアーム
331,Lv.41,わたほうし
331,Lv.45,すなあらし
331,Lv.49,みちづれ
332,Lv.1,どくばり
332,Lv.1,にらみつける
332,Lv.1,すいとる
332,Lv.1,せいちょう
332,Lv.5,すいとる
332,Lv.9,せいちょう
332,Lv.13,やどりぎのタネ
332,Lv.17,すなかけ
332,Lv.21,ミサイルばり
332,Lv.25,ねをはる
332,Lv.29,だましうち
332,Lv.35,まきびし
332,Lv.41,ニードルアーム
332,Lv.47,わたほうし
332,Lv.53,すなあらし
332,Lv.1,リベンジ
332,Lv.1,どくばり
332,Lv.1,にらみつける
332,Lv.1,すいとる
332,Lv.1,せいちょう
332,Lv.5,すいとる
332,Lv.9,せいちょう
332,Lv.13,やどりぎのタネ
332,Lv.17,すなかけ
332,Lv.21,ミサイルばり
332,Lv.25,ねをはる
332,Lv.29,だましうち
332,Lv.35,まきびし
332,Lv.41,ニードルアーム
332,Lv.47,わたほうし
332,Lv.53,すなあらし
332,Lv.59,みちづれ
333,Lv.1,つつく
333,Lv.1,なきごえ
333,Lv.8,おどろかす
333,Lv.11,うたう
333,Lv.18,みだれづき
333,Lv.21,しんぴのまもり
333,Lv.28,しろいきり
333,Lv.31,とっしん
333,Lv.38,オウムがえし
333,Lv.41,リフレッシュ
333,Lv.48,ほろびのうた
334,Lv.1,つつく
334,Lv.1,なきごえ
334,Lv.1,おどろかす
334,Lv.1,うたう
334,Lv.8,おどろかす
334,Lv.11,うたう
334,Lv.18,みだれづき
334,Lv.21,しんぴのまもり
334,Lv.28,しろいきり
334,Lv.31,とっしん
334,Lv.35,りゅうのいぶき
334,Lv.40,りゅうのまい
334,Lv.45,リフレッシュ
334,Lv.54,ほろびのうた
334,Lv.59,ゴッドバード
335,Lv.1,ひっかく
335,Lv.4,にらみつける
335,Lv.7,でんこうせっか
335,Lv.10,つるぎのまい
335,Lv.13,れんぞくぎり
335,Lv.19,きりさく
335,Lv.25,おいうち
335,Lv.31,ブレイククロー
335,Lv.37,ちょうはつ
335,Lv.46,みきり
335,Lv.55,みねうち
336,Lv.1,まきつく
336,Lv.7,したでなめる
336,Lv.10,かみつく
336,Lv.16,ポイズンテール
336,Lv.19,いやなおと
336,Lv.25,へびにらみ
336,Lv.28,かみくだく
336,Lv.34,どくどくのキバ
336,Lv.37,いばる
336,Lv.43,くろいきり
337,Lv.1,たいあたり
337,Lv.1,かたくなる
337,Lv.7,ねんりき
337,Lv.13,いわおとし
337,Lv.19,さいみんじゅつ
337,Lv.25,サイコウェーブ
337,Lv.31,コスモパワー
337,Lv.37,サイコキネシス
337,Lv.43,みらいよち
337,Lv.49,だいばくはつ
338,Lv.1,たいあたり
338,Lv.1,かたくなる
338,Lv.7,ねんりき
338,Lv.13,いわおとし
338,Lv.19,ほのおのうず
338,Lv.25,サイコウェーブ
338,Lv.31,コスモパワー
338,Lv.37,いわなだれ
338,Lv.43,ソーラービーム
338,Lv.49,だいばくはつ
339,Lv.1,どろかけ
339,Lv.6,どろあそび
339,Lv.6,みずあそび
339,Lv.11,みずでっぽう
339,Lv.16,マグニチュード
339,Lv.21,ドわすれ
339,Lv.26,ねむる
339,Lv.26,いびき
339,Lv.31,じしん
339,Lv.36,みらいよち
339,Lv.41,じわれ
340,Lv.1,くすぐる
340,Lv.1,どろかけ
340,Lv.1,どろあそび
340,Lv.1,みずあそび
340,Lv.6,どろあそび
340,Lv.6,みずあそび
340,Lv.11,みずでっぽう
340,Lv.16,マグニチュード
340,Lv.21,ドわすれ
340,Lv.26,ねむる
340,Lv.26,いびき
340,Lv.36,じしん
340,Lv.46,みらいよち
340,Lv.56,じわれ
341,Lv.1,あわ
341,Lv.7,かたくなる
341,Lv.10,はさむ
341,Lv.13,にらみつける
341,Lv.20,バブルこうせん
341,Lv.23,まもる
341,Lv.26,はたきおとす
341,Lv.32,ちょうはつ
341,Lv.35,クラブハンマー
341,Lv.38,つるぎのまい
341,Lv.44,ハサミギロチン
341,Lv.1,あわ
341,Lv.7,かたくなる
341,Lv.10,はさむ
341,Lv.13,にらみつける
341,Lv.19,バブルこうせん
341,Lv.22,まもる
341,Lv.25,はたきおとす
341,Lv.31,ちょうはつ
341,Lv.34,クラブハンマー
341,Lv.37,つるぎのまい
341,Lv.43,かみくだく
341,Lv.46,ハサミギロチン
342,Lv.1,あわ
342,Lv.1,かたくなる
342,Lv.1,はさむ
342,Lv.1,にらみつける
342,Lv.7,かたくなる
342,Lv.10,はさむ
342,Lv.13,にらみつける
342,Lv.20,バブルこうせん
342,Lv.23,まもる
342,Lv.26,はたきおとす
342,Lv.34,ちょうはつ
342,Lv.39,クラブハンマー
342,Lv.44,つるぎのまい
342,Lv.52,ハサミギロチン
342,Lv.1,あわ
342,Lv.1,かたくなる
342,Lv.1,はさむ
342,Lv.1,にらみつける
342,Lv.7,かたくなる
342,Lv.10,はさむ
342,Lv.13,にらみつける
342,Lv.19,バブルこうせん
342,Lv.22,まもる
342,Lv.25,はたきおとす
342,Lv.33,ちょうはつ
342,Lv.38,クラブハンマー
342,Lv.43,つるぎのまい
342,Lv.51,かみくだく
342,Lv.56,ハサミギロチン
343,Lv.1,ねんりき
343,Lv.3,かたくなる
343,Lv.5,こうそくスピン
343,Lv.7,どろかけ
343,Lv.11,サイケこうせん
343,Lv.15,がんせきふうじ
343,Lv.19,じばく
343,Lv.25,げんしのちから
343,Lv.31,すなあらし
343,Lv.37,コスモパワー
343,Lv.45,だいばくはつ
344,Lv.1,テレポート
344,Lv.1,ねんりき
344,Lv.1,かたくなる
344,Lv.1,こうそくスピン
344,Lv.3,かたくなる
344,Lv.5,こうそくスピン
344,Lv.7,どろかけ
344,Lv.11,サイケこうせん
344,Lv.15,がんせきふうじ
344,Lv.19,じばく
344,Lv.25,げんしのちから
344,Lv.31,すなあらし
344,Lv.36,はかいこうせん
344,Lv.42,コスモパワー
344,Lv.55,だいばくはつ
345,Lv.1,おどろかす
345,Lv.8,からみつく
345,Lv.15,ようかいえき
345,Lv.22,ねをはる
345,Lv.29,あやしいひかり
345,Lv.36,ドわすれ
345,Lv.43,げんしのちから
345,Lv.50,たくわえる
345,Lv.50,はきだす
345,Lv.50,のみこむ
346,Lv.1,おどろかす
346,Lv.1,からみつく
346,Lv.1,ようかいえき
346,Lv.1,ねをはる
346,Lv.8,からみつく
346,Lv.15,ようかいえき
346,Lv.22,ねをはる
346,Lv.29,あやしいひかり
346,Lv.36,ドわすれ
346,Lv.48,げんしのちから
346,Lv.60,たくわえる
346,Lv.60,はきだす
346,Lv.60,のみこむ
347,Lv.1,ひっかく
347,Lv.7,かたくなる
347,Lv.13,どろあそび
347,Lv.19,みずでっぽう
347,Lv.25,メタルクロー
347,Lv.31,まもる
347,Lv.37,げんしのちから
347,Lv.43,れんぞくぎり
347,Lv.49,きりさく
347,Lv.55,ロックブラスト
348,Lv.1,ひっかく
348,Lv.1,かたくなる
348,Lv.1,どろあそび
348,Lv.1,みずでっぽう
348,Lv.7,かたくなる
348,Lv.13,どろあそび
348,Lv.19,みずでっぽう
348,Lv.25,メタルクロー
348,Lv.31,まもる
348,Lv.37,げんしのちから
348,Lv.46,れんぞくぎり
348,Lv.55,きりさく
348,Lv.64,ロックブラスト
349,Lv.1,はねる
349,Lv.15,たいあたり
349,Lv.30,じたばた
350,Lv.1,みずでっぽう
350,Lv.5,まきつく
350,Lv.10,みずあそび
350,Lv.15,リフレッシュ
350,Lv.20,みずのはどう
350,Lv.25,たつまき
350,Lv.30,じこさいせい
350,Lv.35,あまごい
350,Lv.40,ハイドロポンプ
350,Lv.45,メロメロ
350,Lv.50,しんぴのまもり
351,Lv.1,たいあたり
351,Lv.10,みずでっぽう
351,Lv.10,ひのこ
351,Lv.10,こなゆき
351,Lv.20,あまごい
351,Lv.20,にほんばれ
351,Lv.20,あられ
351,Lv.30,ウェザーボール
352,Lv.1,どろぼう
352,Lv.1,しっぽをふる
352,Lv.1,おどろかす
352,Lv.1,したでなめる
352,Lv.1,ひっかく
352,Lv.4,しめつける
352,Lv.7,だましうち
352,Lv.12,みだれひっかき
352,Lv.17,サイケこうせん
352,Lv.24,いやなおと
352,Lv.31,きりさく
352,Lv.40,みがわり
352,Lv.49,げんしのちから
353,Lv.1,はたきおとす
353,Lv.8,いやなおと
353,Lv.13,ナイトヘッド
353,Lv.20,のろい
353,Lv.25,うらみ
353,Lv.32,おにび
353,Lv.37,だましうち
353,Lv.44,シャドーボール
353,Lv.49,よこどり
353,Lv.56,おんねん
354,Lv.1,はたきおとす
354,Lv.1,いやなおと
354,Lv.1,ナイトヘッド
354,Lv.1,のろい
354,Lv.8,いやなおと
354,Lv.13,ナイトヘッド
354,Lv.20,のろい
354,Lv.25,うらみ
354,Lv.32,おにび
354,Lv.39,だましうち
354,Lv.48,シャドーボール
354,Lv.55,よこどり
354,Lv.64,おんねん
355,Lv.1,にらみつける
355,Lv.1,ナイトヘッド
355,Lv.5,かなしばり
355,Lv.12,みやぶる
355,Lv.16,おどろかす
355,Lv.23,あやしいひかり
355,Lv.27,おいうち
355,Lv.34,のろい
355,Lv.38,おにび
355,Lv.45,くろいまなざし
355,Lv.49,みらいよち
356,Lv.1,しめつける
356,Lv.1,にらみつける
356,Lv.1,ナイトヘッド
356,Lv.1,かなしばり
356,Lv.5,かなしばり
356,Lv.12,みやぶる
356,Lv.16,おどろかす
356,Lv.23,あやしいひかり
356,Lv.27,おいうち
356,Lv.34,のろい
356,Lv.37,シャドーパンチ
356,Lv.41,おにび
356,Lv.51,くろいまなざし
356,Lv.58,みらいよち
357,Lv.1,にらみつける
357,Lv.1,かぜおこし
357,Lv.7,せいちょう
357,Lv.11,はっぱカッター
357,Lv.17,ふみつけ
357,Lv.21,あまいかおり
357,Lv.27,ふきとばし
357,Lv.31,マジカルリーフ
357,Lv.37,のしかかり
357,Lv.41,ソーラービーム
357,Lv.47,こうごうせい
358,Lv.1,まきつく
358,Lv.6,なきごえ
358,Lv.9,おどろかす
358,Lv.14,ねんりき
358,Lv.17,とっしん
358,Lv.22,さわぐ
358,Lv.25,あくび
358,Lv.30,サイコウェーブ
358,Lv.33,すてみタックル
358,Lv.38,いやしのすず
358,Lv.41,しんぴのまもり
358,Lv.46,サイコキネシス
359,Lv.1,ひっかく
359,Lv.5,にらみつける
359,Lv.9,ちょうはつ
359,Lv.13,でんこうせっか
359,Lv.17,かまいたち
359,Lv.21,かみつく
359,Lv.26,つるぎのまい
359,Lv.31,かげぶんしん
359,Lv.36,きりさく
359,Lv.41,みらいよち
359,Lv.46,ほろびのうた
360,Lv.1,はねる
360,Lv.1,あまえる
360,Lv.1,アンコール
360,Lv.15,カウンター
360,Lv.15,ミラーコート
360,Lv.15,しんぴのまもり
360,Lv.15,みちづれ
361,Lv.1,こなゆき
361,Lv.1,にらみつける
361,Lv.7,かげぶんしん
361,Lv.10,かみつく
361,Lv.16,こごえるかぜ
361,Lv.19,ずつき
361,Lv.25,まもる
361,Lv.28,かみくだく
361,Lv.34,れいとうビーム
361,Lv.37,あられ
361,Lv.43,ふぶき
362,Lv.1,こなゆき
362,Lv.1,にらみつける
362,Lv.1,かげぶんしん
362,Lv.1,かみつく
362,Lv.7,かげぶんしん
362,Lv.10,かみつく
362,Lv.16,こごえるかぜ
362,Lv.19,ずつき
362,Lv.25,まもる
362,Lv.28,かみくだく
362,Lv.34,れいとうビーム
362,Lv.42,あられ
362,Lv.53,ふぶき
362,Lv.61,ぜったいれいど
363,Lv.1,こなゆき
363,Lv.1,なきごえ
363,Lv.1,みずでっぽう
363,Lv.7,アンコール
363,Lv.13,アイスボール
363,Lv.19,のしかかり
363,Lv.25,オーロラビーム
363,Lv.31,あられ
363,Lv.37,ねむる
363,Lv.37,いびき
363,Lv.43,ふぶき
363,Lv.49,ぜったいれいど
363,Lv.1,こなゆき
363,Lv.1,なきごえ
363,Lv.1,まるくなる
363,Lv.1,みずでっぽう
363,Lv.7,アンコール
363,Lv.13,アイスボール
363,Lv.19,のしかかり
363,Lv.25,オーロラビーム
363,Lv.31,あられ
363,Lv.37,ねむる
363,Lv.37,いびき
363,Lv.43,ふぶき
363,Lv.49,ぜったいれいど
364,Lv.1,こなゆき
364,Lv.1,なきごえ
364,Lv.1,みずでっぽう
364,Lv.1,アンコール
364,Lv.7,アンコール
364,Lv.13,アイスボール
364,Lv.19,のしかかり
364,Lv.25,オーロラビーム
364,Lv.31,あられ
364,Lv.39,ねむる
364,Lv.39,いびき
364,Lv.47,ふぶき
364,Lv.55,ぜったいれいど
364,Lv.1,こなゆき
364,Lv.1,なきごえ
364,Lv.1,まるくなる
364,Lv.1,みずでっぽう
364,Lv.7,アンコール
364,Lv.13,アイスボール
364,Lv.19,のしかかり
364,Lv.25,オーロラビーム
364,Lv.31,あられ
364,Lv.39,ねむる
364,Lv.39,いびき
364,Lv.47,ふぶき
364,Lv.55,ぜったいれいど
365,Lv.1,こなゆき
365,Lv.1,なきごえ
365,Lv.1,みずでっぽう
365,Lv.1,アンコール
365,Lv.7,アンコール
365,Lv.13,アイスボール
365,Lv.19,のしかかり
365,Lv.25,オーロラビーム
365,Lv.31,あられ
365,Lv.39,ねむる
365,Lv.39,いびき
365,Lv.50,ふぶき
365,Lv.61,ぜったいれいど
365,Lv.1,こなゆき
365,Lv.1,なきごえ
365,Lv.1,まるくなる
365,Lv.1,みずでっぽう
365,Lv.7,アンコール
365,Lv.13,アイスボール
365,Lv.19,のしかかり
365,Lv.25,オーロラビーム
365,Lv.31,あられ
365,Lv.39,ねむる
365,Lv.39,いびき
365,Lv.50,ふぶき
365,Lv.61,ぜったいれいど
366,Lv.1,からではさむ
366,Lv.1,みずでっぽう
366,Lv.1,うずしお
366,Lv.1,てっぺき
367,Lv.1,うずしお
367,Lv.8,かみつく
367,Lv.15,いやなおと
367,Lv.22,みずのはどう
367,Lv.29,こわいかお
367,Lv.36,かみくだく
367,Lv.43,バトンタッチ
367,Lv.50,ハイドロポンプ
368,Lv.1,うずしお
368,Lv.8,ねんりき
368,Lv.15,こうそくいどう
368,Lv.22,みずのはどう
368,Lv.29,ドわすれ
368,Lv.36,サイコキネシス
368,Lv.43,バトンタッチ
368,Lv.50,ハイドロポンプ
369,Lv.1,たいあたり
369,Lv.1,かたくなる
369,Lv.8,みずでっぽう
369,Lv.15,がんせきふうじ
369,Lv.22,あくび
369,Lv.29,とっしん
369,Lv.36,どろあそび
369,Lv.43,げんしのちから
369,Lv.50,ねむる
369,Lv.57,すてみタックル
369,Lv.64,ハイドロポンプ
370,Lv.1,たいあたり
370,Lv.4,あまえる
370,Lv.12,みずでっぽう
370,Lv.16,こうそくいどう
370,Lv.24,とっしん
370,Lv.28,メロメロ
370,Lv.36,てんしのキッス
370,Lv.40,じたばた
370,Lv.48,しんぴのまもり
371,Lv.1,いかり
371,Lv.5,かみつく
371,Lv.9,にらみつける
371,Lv.17,ずつき
371,Lv.21,きあいだめ
371,Lv.25,ひのこ
371,Lv.33,りゅうのいぶき
371,Lv.37,こわいかお
371,Lv.41,かみくだく
371,Lv.49,ドラゴンクロー
371,Lv.53,すてみタックル
372,Lv.1,いかり
372,Lv.1,かみつく
372,Lv.1,にらみつける
372,Lv.1,ずつき
372,Lv.5,かみつく
372,Lv.9,にらみつける
372,Lv.17,ずつき
372,Lv.21,きあいだめ
372,Lv.25,ひのこ
372,Lv.30,まもる
372,Lv.38,りゅうのいぶき
372,Lv.47,こわいかお
372,Lv.56,かみくだく
372,Lv.69,ドラゴンクロー
372,Lv.78,すてみタックル
373,Lv.1,いかり
373,Lv.1,かみつく
373,Lv.1,にらみつける
373,Lv.1,ずつき
373,Lv.5,かみつく
373,Lv.9,にらみつける
373,Lv.17,ずつき
373,Lv.21,きあいだめ
373,Lv.25,ひのこ
373,Lv.30,まもる
373,Lv.38,りゅうのいぶき
373,Lv.47,こわいかお
373,Lv.50,そらをとぶ
373,Lv.61,かみくだく
373,Lv.79,ドラゴンクロー
373,Lv.93,すてみタックル
374,Lv.1,とっしん
375,Lv.1,とっしん
375,Lv.20,ねんりき
375,Lv.20,メタルクロー
375,Lv.26,こわいかお
375,Lv.32,おいうち
375,Lv.38,サイコキネシス
375,Lv.44,てっぺき
375,Lv.50,コメットパンチ
375,Lv.56,こうそくいどう
375,Lv.62,はかいこうせん
376,Lv.1,とっしん
376,Lv.1,ねんりき
376,Lv.1,メタルクロー
376,Lv.1,こわいかお
376,Lv.20,ねんりき
376,Lv.20,メタルクロー
376,Lv.26,こわいかお
376,Lv.32,おいうち
376,Lv.38,サイコキネシス
376,Lv.44,てっぺき
376,Lv.55,コメットパンチ
376,Lv.66,こうそくいどう
376,Lv.77,はかいこうせん
377,Lv.1,だいばくはつ
377,Lv.9,いわおとし
377,Lv.17,のろい
377,Lv.25,ばかぢから
377,Lv.33,げんしのちから
377,Lv.41,てっぺき
377,Lv.49,でんじほう
377,Lv.57,ロックオン
377,Lv.65,はかいこうせん
378,Lv.1,だいばくはつ
378,Lv.9,こごえるかぜ
378,Lv.17,のろい
378,Lv.25,ばかぢから
378,Lv.33,げんしのちから
378,Lv.41,ドわすれ
378,Lv.49,でんじほう
378,Lv.57,ロックオン
378,Lv.65,はかいこうせん
379,Lv.1,だいばくはつ
379,Lv.9,メタルクロー
379,Lv.17,のろい
379,Lv.25,ばかぢから
379,Lv.33,げんしのちから
379,Lv.41,てっぺき
379,Lv.41,ドわすれ
379,Lv.49,でんじほう
379,Lv.57,ロックオン
379,Lv.65,はかいこうせん
380,Lv.1,サイコウェーブ
380,Lv.5,ねがいごと
380,Lv.10,てだすけ
380,Lv.15,しんぴのまもり
380,Lv.20,りゅうのいぶき
380,Lv.25,みずあそび
380,Lv.30,リフレッシュ
380,Lv.35,ミストボール
380,Lv.40,サイコキネシス
380,Lv.45,じこさいせい
380,Lv.50,あまえる
381,Lv.1,サイコウェーブ
381,Lv.5,おきみやげ
381,Lv.10,てだすけ
381,Lv.15,しんぴのまもり
381,Lv.20,りゅうのいぶき
381,Lv.25,まもる
381,Lv.30,リフレッシュ
381,Lv.35,ラスターパージ
381,Lv.40,サイコキネシス
381,Lv.45,じこさいせい
381,Lv.50,りゅうのまい
382,Lv.1,みずのはどう
382,Lv.5,こわいかお
382,Lv.15,げんしのちから
382,Lv.20,のしかかり
382,Lv.30,めいそう
382,Lv.35,れいとうビーム
382,Lv.45,ハイドロポンプ
382,Lv.50,ねむる
382,Lv.60,ぜったいれいど
382,Lv.65,すてみタックル
382,Lv.75,しおふき
383,Lv.1,マッドショット
383,Lv.5,こわいかお
383,Lv.15,げんしのちから
383,Lv.20,きりさく
383,Lv.30,ビルドアップ
383,Lv.35,じしん
383,Lv.45,だいもんじ
383,Lv.50,ねむる
383,Lv.60,じわれ
383,Lv.65,ソーラービーム
383,Lv.75,ふんか
384,Lv.1,たつまき
384,Lv.5,こわいかお
384,Lv.15,げんしのちから
384,Lv.20,ドラゴンクロー
384,Lv.30,りゅうのまい
384,Lv.35,かみくだく
384,Lv.45,そらをとぶ
384,Lv.50,ねむる
384,Lv.60,しんそく
384,Lv.65,げきりん
384,Lv.75,はかいこうせん
385,Lv.1,ねがいごと
385,Lv.1,ねんりき
385,Lv.5,ねむる
385,Lv.10,スピードスター
385,Lv.15,てだすけ
385,Lv.20,サイコキネシス
385,Lv.25,リフレッシュ
385,Lv.30,ねむる
385,Lv.35,すてみタックル
385,Lv.40,みらいよち
385,Lv.45,コスモパワー
385,Lv.50,はめつのねがい
385,Lv.1,にらみつける
385,Lv.1,まきつく
385,Lv.5,ナイトヘッド
385,Lv.10,テレポート
385,Lv.15,はたきおとす
385,Lv.20,おいうち
385,Lv.25,サイコキネシス
385,Lv.30,よこどり
385,Lv.35,コスモパワー
385,Lv.40,じこさいせい
385,Lv.45,サイコブースト
385,Lv.50,はかいこうせん
385,Lv.1,にらみつける
385,Lv.1,まきつく
385,Lv.5,ナイトヘッド
385,Lv.10,かげぶんしん
385,Lv.15,はたきおとす
385,Lv.20,おいうち
385,Lv.25,サイコキネシス
385,Lv.30,スピードスター
385,Lv.35,てっぺき
385,Lv.35,こうそくいどう
385,Lv.40,じこさいせい
385,Lv.45,サイコブースト
385,Lv.50,しんそく
385,Lv.1,にらみつける
385,Lv.1,まきつく
385,Lv.5,ナイトヘッド
385,Lv.10,テレポート
385,Lv.15,ちょうはつ
385,Lv.20,おいうち
385,Lv.25,サイコキネシス
385,Lv.30,ばかぢから
385,Lv.35,コスモパワー
385,Lv.40,でんじほう
385,Lv.45,サイコブースト
385,Lv.50,はかいこうせん
385,Lv.1,にらみつける
385,Lv.1,まきつく
385,Lv.5,ナイトヘッド
385,Lv.10,テレポート
385,Lv.15,はたきおとす
385,Lv.20,まきびし
385,Lv.25,サイコキネシス
385,Lv.30,よこどり
385,Lv.35,てっぺき
385,Lv.35,ドわすれ
385,Lv.40,じこさいせい
385,Lv.45,サイコブースト
385,Lv.50,カウンター
385,Lv.50,ミラーコート
386,未登場,他の世代を御覧ください
387,未登場,他の世代を御覧ください
388,未登場,他の世代を御覧ください
389,未登場,他の世代を御覧ください
390,未登場,他の世代を御覧ください
391,未登場,他の世代を御覧ください
392,未登場,他の世代を御覧ください
393,未登場,他の世代を御覧ください
394,未登場,他の世代を御覧ください
395,未登場,他の世代を御覧ください
396,未登場,他の世代を御覧ください
397,未登場,他の世代を御覧ください
398,未登場,他の世代を御覧ください
399,未登場,他の世代を御覧ください
400,未登場,他の世代を御覧ください
401,未登場,他の世代を御覧ください
402,未登場,他の世代を御覧ください
403,未登場,他の世代を御覧ください
404,未登場,他の世代を御覧ください
405,未登場,他の世代を御覧ください
406,未登場,他の世代を御覧ください
407,未登場,他の世代を御覧ください
408,未登場,他の世代を御覧ください
409,未登場,他の世代を御覧ください
410,未登場,他の世代を御覧ください
411,未登場,他の世代を御覧ください
412,未登場,他の世代を御覧ください
413,未登場,他の世代を御覧ください
414,未登場,他の世代を御覧ください
415,未登場,他の世代を御覧ください
416,未登場,他の世代を御覧ください
417,未登場,他の世代を御覧ください
418,未登場,他の世代を御覧ください
419,未登場,他の世代を御覧ください
420,未登場,他の世代を御覧ください
421,未登場,他の世代を御覧ください
422,未登場,他の世代を御覧ください
423,未登場,他の世代を御覧ください
424,未登場,他の世代を御覧ください
425,未登場,他の世代を御覧ください
426,未登場,他の世代を御覧ください
427,未登場,他の世代を御覧ください
428,未登場,他の世代を御覧ください
429,未登場,他の世代を御覧ください
430,未登場,他の世代を御覧ください
431,未登場,他の世代を御覧ください
432,未登場,他の世代を御覧ください
433,未登場,他の世代を御覧ください
434,未登場,他の世代を御覧ください
435,未登場,他の世代を御覧ください
436,未登場,他の世代を御覧ください
437,未登場,他の世代を御覧ください
438,未登場,他の世代を御覧ください
439,未登場,他の世代を御覧ください
440,未登場,他の世代を御覧ください
441,未登場,他の世代を御覧ください
442,未登場,他の世代を御覧ください
443,未登場,他の世代を御覧ください
444,未登場,他の世代を御覧ください
445,未登場,他の世代を御覧ください
446,未登場,他の世代を御覧ください
447,未登場,他の世代を御覧ください
448,未登場,他の世代を御覧ください
449,未登場,他の世代を御覧ください
450,未登場,他の世代を御覧ください
451,未登場,他の世代を御覧ください
452,未登場,他の世代を御覧ください
453,未登場,他の世代を御覧ください
454,未登場,他の世代を御覧ください
455,未登場,他の世代を御覧ください
456,未登場,他の世代を御覧ください
457,未登場,他の世代を御覧ください
458,未登場,他の世代を御覧ください
459,未登場,他の世代を御覧ください
460,未登場,他の世代を御覧ください
461,未登場,他の世代を御覧ください
462,未登場,他の世代を御覧ください
463,未登場,他の世代を御覧ください
464,未登場,他の世代を御覧ください
465,未登場,他の世代を御覧ください
466,未登場,他の世代を御覧ください
467,未登場,他の世代を御覧ください
468,未登場,他の世代を御覧ください
469,未登場,他の世代を御覧ください
470,未登場,他の世代を御覧ください
471,未登場,他の世代を御覧ください
472,未登場,他の世代を御覧ください
473,未登場,他の世代を御覧ください
474,未登場,他の世代を御覧ください
475,未登場,他の世代を御覧ください
476,未登場,他の世代を御覧ください
477,未登場,他の世代を御覧ください
478,未登場,他の世代を御覧ください
479,未登場,他の世代を御覧ください
480,未登場,他の世代を御覧ください
481,未登場,他の世代を御覧ください
482,未登場,他の世代を御覧ください
483,未登場,他の世代を御覧ください
484,未登場,他の世代を御覧ください
485,未登場,他の世代を御覧ください
486,未登場,他の世代を御覧ください
487,未登場,他の世代を御覧ください
488,未登場,他の世代を御覧ください
489,未登場,他の世代を御覧ください
490,未登場,他の世代を御覧ください
491,未登場,他の世代を御覧ください
492,未登場,他の世代を御覧ください
493,未登場,他の世代を御覧ください
494,未登場,他の世代を御覧ください
495,未登場,他の世代を御覧ください
496,未登場,他の世代を御覧ください
497,未登場,他の世代を御覧ください
498,未登場,他の世代を御覧ください
499,未登場,他の世代を御覧ください
500,未登場,他の世代を御覧ください
501,未登場,他の世代を御覧ください
502,未登場,他の世代を御覧ください
503,未登場,他の世代を御覧ください
504,未登場,他の世代を御覧ください
505,未登場,他の世代を御覧ください
506,未登場,他の世代を御覧ください
507,未登場,他の世代を御覧ください
508,未登場,他の世代を御覧ください
509,未登場,他の世代を御覧ください
510,未登場,他の世代を御覧ください
511,未登場,他の世代を御覧ください
512,未登場,他の世代を御覧ください
513,未登場,他の世代を御覧ください
514,未登場,他の世代を御覧ください
515,未登場,他の世代を御覧ください
516,未登場,他の世代を御覧ください
517,未登場,他の世代を御覧ください
518,未登場,他の世代を御覧ください
519,未登場,他の世代を御覧ください
520,未登場,他の世代を御覧ください
521,未登場,他の世代を御覧ください
522,未登場,他の世代を御覧ください
523,未登場,他の世代を御覧ください
524,未登場,他の世代を御覧ください
525,未登場,他の世代を御覧ください
526,未登場,他の世代を御覧ください
527,未登場,他の世代を御覧ください
528,未登場,他の世代を御覧ください
529,未登場,他の世代を御覧ください
530,未登場,他の世代を御覧ください
531,未登場,他の世代を御覧ください
532,未登場,他の世代を御覧ください
533,未登場,他の世代を御覧ください
534,未登場,他の世代を御覧ください
535,未登場,他の世代を御覧ください
536,未登場,他の世代を御覧ください
537,未登場,他の世代を御覧ください
538,未登場,他の世代を御覧ください
539,未登場,他の世代を御覧ください
540,未登場,他の世代を御覧ください
541,未登場,他の世代を御覧ください
542,未登場,他の世代を御覧ください
543,未登場,他の世代を御覧ください
544,未登場,他の世代を御覧ください
545,未登場,他の世代を御覧ください
546,未登場,他の世代を御覧ください
547,未登場,他の世代を御覧ください
548,未登場,他の世代を御覧ください
549,未登場,他の世代を御覧ください
550,未登場,他の世代を御覧ください
551,未登場,他の世代を御覧ください
552,未登場,他の世代を御覧ください
553,未登場,他の世代を御覧ください
554,未登場,他の世代を御覧ください
555,未登場,他の世代を御覧ください
556,未登場,他の世代を御覧ください
557,未登場,他の世代を御覧ください
558,未登場,他の世代を御覧ください
559,未登場,他の世代を御覧ください
560,未登場,他の世代を御覧ください
561,未登場,他の世代を御覧ください
562,未登場,他の世代を御覧ください
563,未登場,他の世代を御覧ください
564,未登場,他の世代を御覧ください
565,未登場,他の世代を御覧ください
566,未登場,他の世代を御覧ください
567,未登場,他の世代を御覧ください
568,未登場,他の世代を御覧ください
569,未登場,他の世代を御覧ください
570,未登場,他の世代を御覧ください
571,未登場,他の世代を御覧ください
572,未登場,他の世代を御覧ください
573,未登場,他の世代を御覧ください
574,未登場,他の世代を御覧ください
575,未登場,他の世代を御覧ください
576,未登場,他の世代を御覧ください
577,未登場,他の世代を御覧ください
578,未登場,他の世代を御覧ください
579,未登場,他の世代を御覧ください
580,未登場,他の世代を御覧ください
581,未登場,他の世代を御覧ください
582,未登場,他の世代を御覧ください
583,未登場,他の世代を御覧ください
584,未登場,他の世代を御覧ください
585,未登場,他の世代を御覧ください
586,未登場,他の世代を御覧ください
587,未登場,他の世代を御覧ください
588,未登場,他の世代を御覧ください
589,未登場,他の世代を御覧ください
590,未登場,他の世代を御覧ください
591,未登場,他の世代を御覧ください
592,未登場,他の世代を御覧ください
593,未登場,他の世代を御覧ください
594,未登場,他の世代を御覧ください
595,未登場,他の世代を御覧ください
596,未登場,他の世代を御覧ください
597,未登場,他の世代を御覧ください
598,未登場,他の世代を御覧ください
599,未登場,他の世代を御覧ください
600,未登場,他の世代を御覧ください
601,未登場,他の世代を御覧ください
602,未登場,他の世代を御覧ください
603,未登場,他の世代を御覧ください
604,未登場,他の世代を御覧ください
605,未登場,他の世代を御覧ください
606,未登場,他の世代を御覧ください
607,未登場,他の世代を御覧ください
608,未登場,他の世代を御覧ください
609,未登場,他の世代を御覧ください
610,未登場,他の世代を御覧ください
611,未登場,他の世代を御覧ください
612,未登場,他の世代を御覧ください
613,未登場,他の世代を御覧ください
614,未登場,他の世代を御覧ください
615,未登場,他の世代を御覧ください
616,未登場,他の世代を御覧ください
617,未登場,他の世代を御覧ください
618,未登場,他の世代を御覧ください
619,未登場,他の世代を御覧ください
620,未登場,他の世代を御覧ください
621,未登場,他の世代を御覧ください
622,未登場,他の世代を御覧ください
623,未登場,他の世代を御覧ください
624,未登場,他の世代を御覧ください
625,未登場,他の世代を御覧ください
626,未登場,他の世代を御覧ください
627,未登場,他の世代を御覧ください
628,未登場,他の世代を御覧ください
629,未登場,他の世代を御覧ください
630,未登場,他の世代を御覧ください
631,未登場,他の世代を御覧ください
632,未登場,他の世代を御覧ください
633,未登場,他の世代を御覧ください
634,未登場,他の世代を御覧ください
635,未登場,他の世代を御覧ください
636,未登場,他の世代を御覧ください
637,未登場,他の世代を御覧ください
638,未登場,他の世代を御覧ください
639,未登場,他の世代を御覧ください
640,未登場,他の世代を御覧ください
641,未登場,他の世代を御覧ください
642,未登場,他の世代を御覧ください
643,未登場,他の世代を御覧ください
644,未登場,他の世代を御覧ください
645,未登場,他の世代を御覧ください
646,未登場,他の世代を御覧ください
647,未登場,他の世代を御覧ください
648,未登場,他の世代を御覧ください
649,未登場,他の世代を御覧ください
650,未登場,他の世代を御覧ください
651,未登場,他の世代を御覧ください
652,未登場,他の世代を御覧ください
653,未登場,他の世代を御覧ください
654,未登場,他の世代を御覧ください
655,未登場,他の世代を御覧ください
656,未登場,他の世代を御覧ください
657,未登場,他の世代を御覧ください
658,未登場,他の世代を御覧ください
659,未登場,他の世代を御覧ください
660,未登場,他の世代を御覧ください
661,未登場,他の世代を御覧ください
662,未登場,他の世代を御覧ください
663,未登場,他の世代を御覧ください
664,未登場,他の世代を御覧ください
665,未登場,他の世代を御覧ください
666,未登場,他の世代を御覧ください
667,未登場,他の世代を御覧ください
668,未登場,他の世代を御覧ください
669,未登場,他の世代を御覧ください
670,未登場,他の世代を御覧ください
671,未登場,他の世代を御覧ください
672,未登場,他の世代を御覧ください
673,未登場,他の世代を御覧ください
674,未登場,他の世代を御覧ください
675,未登場,他の世代を御覧ください
676,未登場,他の世代を御覧ください
677,未登場,他の世代を御覧ください
678,未登場,他の世代を御覧ください
679,未登場,他の世代を御覧ください
680,未登場,他の世代を御覧ください
681,未登場,他の世代を御覧ください
682,未登場,他の世代を御覧ください
683,未登場,他の世代を御覧ください
684,未登場,他の世代を御覧ください
685,未登場,他の世代を御覧ください
686,未登場,他の世代を御覧ください
687,未登場,他の世代を御覧ください
688,未登場,他の世代を御覧ください
689,未登場,他の世代を御覧ください
690,未登場,他の世代を御覧ください
691,未登場,他の世代を御覧ください
692,未登場,他の世代を御覧ください
693,未登場,他の世代を御覧ください
694,未登場,他の世代を御覧ください
695,未登場,他の世代を御覧ください
696,未登場,他の世代を御覧ください
697,未登場,他の世代を御覧ください
698,未登場,他の世代を御覧ください
699,未登場,他の世代を御覧ください
700,未登場,他の世代を御覧ください
701,未登場,他の世代を御覧ください
702,未登場,他の世代を御覧ください
703,未登場,他の世代を御覧ください
704,未登場,他の世代を御覧ください
705,未登場,他の世代を御覧ください
706,未登場,他の世代を御覧ください
707,未登場,他の世代を御覧ください
708,未登場,他の世代を御覧ください
709,未登場,他の世代を御覧ください
710,未登場,他の世代を御覧ください
711,未登場,他の世代を御覧ください
712,未登場,他の世代を御覧ください
713,未登場,他の世代を御覧ください
714,未登場,他の世代を御覧ください
715,未登場,他の世代を御覧ください
716,未登場,他の世代を御覧ください
717,未登場,他の世代を御覧ください
718,未登場,他の世代を御覧ください
719,未登場,他の世代を御覧ください
720,未登場,他の世代を御覧ください
721,未登場,他の世代を御覧ください
