1,FL / E,つるぎのまい
1,FL / E,のしかかり
1,FL / E,すてみタックル
1,FL / E,ものまね
1,FL / E,みがわり
1,E,いびき
1,E,こらえる
1,E,どろかけ
1,E,いばる
1,E,ねごと
1,E,まるくなる
1,E,れんぞくぎり
2,FL / E,つるぎのまい
2,FL / E,のしかかり
2,FL / E,すてみタックル
2,FL / E,ものまね
2,FL / E,みがわり
2,E,いびき
2,E,こらえる
2,E,どろかけ
2,E,いばる
2,E,ねごと
2,E,まるくなる
2,E,れんぞくぎり
3,FL / E,つるぎのまい
3,FL / E,のしかかり
3,FL / E,すてみタックル
3,FL / E,ものまね
3,FL / E,みがわり
3,E,いびき
3,E,こらえる
3,E,どろかけ
3,E,いばる
3,E,ねごと
3,E,まるくなる
3,E,れんぞくぎり
4,FL / E,メガトンパンチ
4,FL / E,つるぎのまい
4,FL / E,メガトンキック
4,FL / E,のしかかり
4,FL / E,すてみタックル
4,FL / E,カウンター
4,FL / E,ちきゅうなげ
4,FL / E,ものまね
4,FL / E,いわなだれ
4,FL / E,みがわり
4,E,ばくれつパンチ
4,E,いびき
4,E,こらえる
4,E,どろかけ
4,E,いばる
4,E,ねごと
4,E,スピードスター
4,E,まるくなる
4,E,ほのおのパンチ
4,E,れんぞくぎり
5,FL / E,メガトンパンチ
5,FL / E,つるぎのまい
5,FL / E,メガトンキック
5,FL / E,のしかかり
5,FL / E,すてみタックル
5,FL / E,カウンター
5,FL / E,ちきゅうなげ
5,FL / E,ものまね
5,FL / E,いわなだれ
5,FL / E,みがわり
5,E,ばくれつパンチ
5,E,いびき
5,E,こらえる
5,E,どろかけ
5,E,いばる
5,E,ねごと
5,E,スピードスター
5,E,まるくなる
5,E,ほのおのパンチ
5,E,れんぞくぎり
6,FL / E,メガトンパンチ
6,FL / E,つるぎのまい
6,FL / E,メガトンキック
6,FL / E,のしかかり
6,FL / E,すてみタックル
6,FL / E,カウンター
6,FL / E,ちきゅうなげ
6,FL / E,ものまね
6,FL / E,いわなだれ
6,FL / E,みがわり
6,E,ばくれつパンチ
6,E,いびき
6,E,こらえる
6,E,どろかけ
6,E,いばる
6,E,ねごと
6,E,スピードスター
6,E,まるくなる
6,E,ほのおのパンチ
6,E,れんぞくぎり
7,FL / E,メガトンパンチ
7,FL / E,メガトンキック
7,FL / E,のしかかり
7,FL / E,すてみタックル
7,FL / E,カウンター
7,FL / E,ちきゅうなげ
7,FL / E,ものまね
7,FL / E,みがわり
7,E,ばくれつパンチ
7,E,ころがる
7,E,いびき
7,E,こごえるかぜ
7,E,こらえる
7,E,どろかけ
7,E,れいとうパンチ
7,E,いばる
7,E,ねごと
7,E,まるくなる
8,FL / E,メガトンパンチ
8,FL / E,メガトンキック
8,FL / E,のしかかり
8,FL / E,すてみタックル
8,FL / E,カウンター
8,FL / E,ちきゅうなげ
8,FL / E,ものまね
8,FL / E,みがわり
8,E,ばくれつパンチ
8,E,ころがる
8,E,いびき
8,E,こごえるかぜ
8,E,こらえる
8,E,どろかけ
8,E,れいとうパンチ
8,E,いばる
8,E,ねごと
8,E,まるくなる
9,FL / E,メガトンパンチ
9,FL / E,メガトンキック
9,FL / E,のしかかり
9,FL / E,すてみタックル
9,FL / E,カウンター
9,FL / E,ちきゅうなげ
9,FL / E,ものまね
9,FL / E,みがわり
9,E,ばくれつパンチ
9,E,ころがる
9,E,いびき
9,E,こごえるかぜ
9,E,こらえる
9,E,どろかけ
9,E,れいとうパンチ
9,E,いばる
9,E,ねごと
9,E,まるくなる
12,FL / E,すてみタックル
12,FL / E,ものまね
12,FL / E,ゆめくい
12,FL / E,みがわり
12,E,いびき
12,E,こらえる
12,E,いばる
12,E,ねごと
12,E,スピードスター
15,FL / E,つるぎのまい
15,FL / E,すてみタックル
15,FL / E,ものまね
15,FL / E,みがわり
15,E,いびき
15,E,こらえる
15,E,いばる
15,E,ねごと
15,E,スピードスター
15,E,れんぞくぎり
16,FL / E,すてみタックル
16,FL / E,ものまね
16,FL / E,みがわり
16,E,いびき
16,E,こらえる
16,E,どろかけ
16,E,いばる
16,E,ねごと
16,E,スピードスター
17,FL / E,すてみタックル
17,FL / E,ものまね
17,FL / E,みがわり
17,E,いびき
17,E,こらえる
17,E,どろかけ
17,E,いばる
17,E,ねごと
17,E,スピードスター
18,FL / E,すてみタックル
18,FL / E,ものまね
18,FL / E,みがわり
18,E,いびき
18,E,こらえる
18,E,どろかけ
18,E,いばる
18,E,ねごと
18,E,スピードスター
19,FL / E,のしかかり
19,FL / E,すてみタックル
19,FL / E,カウンター
19,FL / E,ものまね
19,FL / E,でんじは
19,FL / E,みがわり
19,E,いびき
19,E,こごえるかぜ
19,E,こらえる
19,E,どろかけ
19,E,いばる
19,E,ねごと
19,E,スピードスター
19,E,まるくなる
20,FL / E,のしかかり
20,FL / E,すてみタックル
20,FL / E,カウンター
20,FL / E,ものまね
20,FL / E,でんじは
20,FL / E,みがわり
20,E,いびき
20,E,こごえるかぜ
20,E,こらえる
20,E,どろかけ
20,E,いばる
20,E,ねごと
20,E,スピードスター
20,E,まるくなる
21,FL / E,すてみタックル
21,FL / E,ものまね
21,FL / E,みがわり
21,E,いびき
21,E,こらえる
21,E,どろかけ
21,E,いばる
21,E,ねごと
21,E,スピードスター
22,FL / E,すてみタックル
22,FL / E,ものまね
22,FL / E,みがわり
22,E,いびき
22,E,こらえる
22,E,どろかけ
22,E,いばる
22,E,ねごと
22,E,スピードスター
23,FL / E,のしかかり
23,FL / E,すてみタックル
23,FL / E,ものまね
23,FL / E,いわなだれ
23,FL / E,みがわり
23,E,いびき
23,E,こらえる
23,E,いばる
23,E,ねごと
24,FL / E,のしかかり
24,FL / E,すてみタックル
24,FL / E,ものまね
24,FL / E,いわなだれ
24,FL / E,みがわり
24,E,いびき
24,E,こらえる
24,E,いばる
24,E,ねごと
25,FL / E,メガトンパンチ
25,FL / E,メガトンキック
25,FL / E,のしかかり
25,FL / E,すてみタックル
25,FL / E,カウンター
25,FL / E,ちきゅうなげ
25,FL / E,ものまね
25,FL / E,でんじは
25,FL / E,みがわり
25,E,ばくれつパンチ
25,E,ころがる
25,E,いびき
25,E,こらえる
25,E,どろかけ
25,E,いばる
25,E,ねごと
25,E,スピードスター
25,E,まるくなる
25,E,かみなりパンチ
26,FL / E,メガトンパンチ
26,FL / E,メガトンキック
26,FL / E,のしかかり
26,FL / E,すてみタックル
26,FL / E,カウンター
26,FL / E,ちきゅうなげ
26,FL / E,ものまね
26,FL / E,でんじは
26,FL / E,みがわり
26,E,ばくれつパンチ
26,E,ころがる
26,E,いびき
26,E,こらえる
26,E,どろかけ
26,E,いばる
26,E,ねごと
26,E,スピードスター
26,E,まるくなる
26,E,かみなりパンチ
27,FL / E,つるぎのまい
27,FL / E,のしかかり
27,FL / E,すてみタックル
27,FL / E,カウンター
27,FL / E,ちきゅうなげ
27,FL / E,ものまね
27,FL / E,いわなだれ
27,FL / E,みがわり
27,E,ばくれつパンチ
27,E,ころがる
27,E,いびき
27,E,こらえる
27,E,どろかけ
27,E,いばる
27,E,ねごと
27,E,スピードスター
27,E,まるくなる
27,E,れんぞくぎり
28,FL / E,つるぎのまい
28,FL / E,のしかかり
28,FL / E,すてみタックル
28,FL / E,カウンター
28,FL / E,ちきゅうなげ
28,FL / E,ものまね
28,FL / E,いわなだれ
28,FL / E,みがわり
28,E,ばくれつパンチ
28,E,ころがる
28,E,いびき
28,E,こらえる
28,E,どろかけ
28,E,いばる
28,E,ねごと
28,E,スピードスター
28,E,まるくなる
28,E,れんぞくぎり
29,FL / E,のしかかり
29,FL / E,すてみタックル
29,FL / E,カウンター
29,FL / E,ものまね
29,FL / E,みがわり
29,E,いびき
29,E,こらえる
29,E,どろかけ
29,E,いばる
29,E,ねごと
29,E,まるくなる
30,FL / E,のしかかり
30,FL / E,すてみタックル
30,FL / E,カウンター
30,FL / E,ものまね
30,FL / E,みがわり
30,E,いびき
30,E,こらえる
30,E,どろかけ
30,E,いばる
30,E,ねごと
30,E,まるくなる
31,FL / E,メガトンパンチ
31,FL / E,メガトンキック
31,FL / E,のしかかり
31,FL / E,すてみタックル
31,FL / E,カウンター
31,FL / E,ちきゅうなげ
31,FL / E,ものまね
31,FL / E,いわなだれ
31,FL / E,みがわり
31,E,ばくれつパンチ
31,E,いびき
31,E,こごえるかぜ
31,E,こらえる
31,E,どろかけ
31,E,れいとうパンチ
31,E,いばる
31,E,ねごと
31,E,まるくなる
31,E,かみなりパンチ
31,E,ほのおのパンチ
31,E,れんぞくぎり
32,FL / E,のしかかり
32,FL / E,すてみタックル
32,FL / E,カウンター
32,FL / E,ものまね
32,FL / E,みがわり
32,E,いびき
32,E,こらえる
32,E,どろかけ
32,E,いばる
32,E,ねごと
32,E,まるくなる
33,FL / E,のしかかり
33,FL / E,すてみタックル
33,FL / E,カウンター
33,FL / E,ものまね
33,FL / E,みがわり
33,E,いびき
33,E,こらえる
33,E,どろかけ
33,E,いばる
33,E,ねごと
33,E,まるくなる
34,FL / E,メガトンパンチ
34,FL / E,メガトンキック
34,FL / E,のしかかり
34,FL / E,すてみタックル
34,FL / E,カウンター
34,FL / E,ちきゅうなげ
34,FL / E,ものまね
34,FL / E,いわなだれ
34,FL / E,みがわり
34,E,ばくれつパンチ
34,E,いびき
34,E,こごえるかぜ
34,E,こらえる
34,E,どろかけ
34,E,れいとうパンチ
34,E,いばる
34,E,ねごと
34,E,まるくなる
34,E,かみなりパンチ
34,E,ほのおのパンチ
34,E,れんぞくぎり
35,FL / E,メガトンパンチ
35,FL / E,メガトンキック
35,FL / E,のしかかり
35,FL / E,すてみタックル
35,FL / E,カウンター
35,FL / E,ちきゅうなげ
35,FL / E,ものまね
35,FL / E,ゆびをふる
35,FL / E,タマゴうみ
35,FL / E,ゆめくい
35,FL / E,でんじは
35,FL / E,みがわり
35,E,ばくれつパンチ
35,E,ころがる
35,E,じこあんじ
35,E,いびき
35,E,こらえる
35,E,どろかけ
35,E,れいとうパンチ
35,E,いばる
35,E,ねごと
35,E,まるくなる
35,E,かみなりパンチ
35,E,ほのおのパンチ
36,FL / E,メガトンパンチ
36,FL / E,メガトンキック
36,FL / E,のしかかり
36,FL / E,すてみタックル
36,FL / E,カウンター
36,FL / E,ちきゅうなげ
36,FL / E,ものまね
36,FL / E,ゆびをふる
36,FL / E,タマゴうみ
36,FL / E,ゆめくい
36,FL / E,でんじは
36,FL / E,みがわり
36,E,ばくれつパンチ
36,E,ころがる
36,E,じこあんじ
36,E,いびき
36,E,こらえる
36,E,どろかけ
36,E,れいとうパンチ
36,E,いばる
36,E,ねごと
36,E,まるくなる
36,E,かみなりパンチ
36,E,ほのおのパンチ
37,FL / E,のしかかり
37,FL / E,すてみタックル
37,FL / E,ものまね
37,FL / E,みがわり
37,E,いびき
37,E,こらえる
37,E,いばる
37,E,ねごと
37,E,スピードスター
38,FL / E,のしかかり
38,FL / E,すてみタックル
38,FL / E,ものまね
38,FL / E,みがわり
38,E,いびき
38,E,こらえる
38,E,いばる
38,E,ねごと
38,E,スピードスター
39,FL / E,メガトンパンチ
39,FL / E,メガトンキック
39,FL / E,のしかかり
39,FL / E,すてみタックル
39,FL / E,カウンター
39,FL / E,ちきゅうなげ
39,FL / E,ものまね
39,FL / E,ゆめくい
39,FL / E,でんじは
39,FL / E,みがわり
39,E,ばくれつパンチ
39,E,ころがる
39,E,じこあんじ
39,E,いびき
39,E,こらえる
39,E,どろかけ
39,E,れいとうパンチ
39,E,いばる
39,E,ねごと
39,E,まるくなる
39,E,かみなりパンチ
39,E,ほのおのパンチ
40,FL / E,メガトンパンチ
40,FL / E,メガトンキック
40,FL / E,のしかかり
40,FL / E,すてみタックル
40,FL / E,カウンター
40,FL / E,ちきゅうなげ
40,FL / E,ものまね
40,FL / E,ゆめくい
40,FL / E,でんじは
40,FL / E,みがわり
40,E,ばくれつパンチ
40,E,ころがる
40,E,じこあんじ
40,E,いびき
40,E,こらえる
40,E,どろかけ
40,E,れいとうパンチ
40,E,いばる
40,E,ねごと
40,E,まるくなる
40,E,かみなりパンチ
40,E,ほのおのパンチ
41,FL / E,すてみタックル
41,FL / E,ものまね
41,FL / E,みがわり
41,E,いびき
41,E,こらえる
41,E,いばる
41,E,ねごと
41,E,スピードスター
42,FL / E,すてみタックル
42,FL / E,ものまね
42,FL / E,みがわり
42,E,いびき
42,E,こらえる
42,E,いばる
42,E,ねごと
42,E,スピードスター
43,FL / E,つるぎのまい
43,FL / E,すてみタックル
43,FL / E,ものまね
43,FL / E,みがわり
43,E,いびき
43,E,こらえる
43,E,いばる
43,E,ねごと
44,FL / E,つるぎのまい
44,FL / E,すてみタックル
44,FL / E,ものまね
44,FL / E,みがわり
44,E,いびき
44,E,こらえる
44,E,いばる
44,E,ねごと
45,FL / E,つるぎのまい
45,FL / E,のしかかり
45,FL / E,すてみタックル
45,FL / E,ものまね
45,FL / E,みがわり
45,E,いびき
45,E,こらえる
45,E,いばる
45,E,ねごと
46,FL / E,つるぎのまい
46,FL / E,のしかかり
46,FL / E,すてみタックル
46,FL / E,カウンター
46,FL / E,ものまね
46,FL / E,みがわり
46,E,いびき
46,E,こらえる
46,E,いばる
46,E,ねごと
46,E,れんぞくぎり
47,FL / E,つるぎのまい
47,FL / E,のしかかり
47,FL / E,すてみタックル
47,FL / E,カウンター
47,FL / E,ものまね
47,FL / E,みがわり
47,E,いびき
47,E,こらえる
47,E,いばる
47,E,ねごと
47,E,れんぞくぎり
48,FL / E,すてみタックル
48,FL / E,ものまね
48,FL / E,みがわり
48,E,いびき
48,E,こらえる
48,E,いばる
48,E,ねごと
48,E,スピードスター
49,FL / E,すてみタックル
49,FL / E,ものまね
49,FL / E,みがわり
49,E,いびき
49,E,こらえる
49,E,いばる
49,E,ねごと
49,E,スピードスター
50,FL / E,のしかかり
50,FL / E,すてみタックル
50,FL / E,ものまね
50,FL / E,いわなだれ
50,FL / E,みがわり
50,E,いびき
50,E,こらえる
50,E,どろかけ
50,E,いばる
50,E,ねごと
51,FL / E,のしかかり
51,FL / E,すてみタックル
51,FL / E,ものまね
51,FL / E,いわなだれ
51,FL / E,みがわり
51,E,いびき
51,E,こらえる
51,E,どろかけ
51,E,いばる
51,E,ねごと
52,FL / E,のしかかり
52,FL / E,すてみタックル
52,FL / E,ものまね
52,FL / E,ゆめくい
52,FL / E,みがわり
52,E,じこあんじ
52,E,いびき
52,E,こごえるかぜ
52,E,こらえる
52,E,どろかけ
52,E,いばる
52,E,ねごと
52,E,スピードスター
52,E,まるくなる
53,FL / E,のしかかり
53,FL / E,すてみタックル
53,FL / E,ものまね
53,FL / E,ゆめくい
53,FL / E,みがわり
53,E,じこあんじ
53,E,いびき
53,E,こごえるかぜ
53,E,こらえる
53,E,どろかけ
53,E,いばる
53,E,ねごと
53,E,スピードスター
53,E,まるくなる
54,FL / E,メガトンパンチ
54,FL / E,メガトンキック
54,FL / E,のしかかり
54,FL / E,すてみタックル
54,FL / E,カウンター
54,FL / E,ちきゅうなげ
54,FL / E,ものまね
54,FL / E,みがわり
54,E,ばくれつパンチ
54,E,じこあんじ
54,E,いびき
54,E,こごえるかぜ
54,E,こらえる
54,E,どろかけ
54,E,れいとうパンチ
54,E,いばる
54,E,ねごと
54,E,スピードスター
55,FL / E,メガトンパンチ
55,FL / E,メガトンキック
55,FL / E,のしかかり
55,FL / E,すてみタックル
55,FL / E,カウンター
55,FL / E,ちきゅうなげ
55,FL / E,ものまね
55,FL / E,みがわり
55,E,ばくれつパンチ
55,E,じこあんじ
55,E,いびき
55,E,こごえるかぜ
55,E,こらえる
55,E,どろかけ
55,E,れいとうパンチ
55,E,いばる
55,E,ねごと
55,E,スピードスター
55,E,れんぞくぎり
56,FL / E,メガトンパンチ
56,FL / E,メガトンキック
56,FL / E,のしかかり
56,FL / E,すてみタックル
56,FL / E,カウンター
56,FL / E,ちきゅうなげ
56,FL / E,ものまね
56,FL / E,ゆびをふる
56,FL / E,いわなだれ
56,FL / E,みがわり
56,E,ばくれつパンチ
56,E,じこあんじ
56,E,いびき
56,E,こらえる
56,E,どろかけ
56,E,れいとうパンチ
56,E,いばる
56,E,ねごと
56,E,スピードスター
56,E,まるくなる
56,E,かみなりパンチ
56,E,ほのおのパンチ
57,FL / E,メガトンパンチ
57,FL / E,メガトンキック
57,FL / E,のしかかり
57,FL / E,すてみタックル
57,FL / E,カウンター
57,FL / E,ちきゅうなげ
57,FL / E,ものまね
57,FL / E,ゆびをふる
57,FL / E,いわなだれ
57,FL / E,みがわり
57,E,ばくれつパンチ
57,E,じこあんじ
57,E,いびき
57,E,こらえる
57,E,どろかけ
57,E,れいとうパンチ
57,E,いばる
57,E,ねごと
57,E,スピードスター
57,E,まるくなる
57,E,かみなりパンチ
57,E,ほのおのパンチ
58,FL / E,のしかかり
58,FL / E,すてみタックル
58,FL / E,ものまね
58,FL / E,みがわり
58,E,いびき
58,E,こらえる
58,E,いばる
58,E,ねごと
58,E,スピードスター
59,FL / E,のしかかり
59,FL / E,すてみタックル
59,FL / E,ものまね
59,FL / E,みがわり
59,E,いびき
59,E,こらえる
59,E,いばる
59,E,ねごと
59,E,スピードスター
60,FL / E,のしかかり
60,FL / E,すてみタックル
60,FL / E,ものまね
60,FL / E,みがわり
60,E,いびき
60,E,こごえるかぜ
60,E,こらえる
60,E,いばる
60,E,ねごと
60,E,まるくなる
61,FL / E,メガトンパンチ
61,FL / E,メガトンキック
61,FL / E,のしかかり
61,FL / E,すてみタックル
61,FL / E,カウンター
61,FL / E,ちきゅうなげ
61,FL / E,ものまね
61,FL / E,ゆびをふる
61,FL / E,みがわり
61,E,いびき
61,E,こごえるかぜ
61,E,こらえる
61,E,どろかけ
61,E,れいとうパンチ
61,E,いばる
61,E,ねごと
61,E,まるくなる
62,FL / E,メガトンパンチ
62,FL / E,メガトンキック
62,FL / E,のしかかり
62,FL / E,すてみタックル
62,FL / E,カウンター
62,FL / E,ちきゅうなげ
62,FL / E,ものまね
62,FL / E,ゆびをふる
62,FL / E,みがわり
62,E,ばくれつパンチ
62,E,いびき
62,E,こごえるかぜ
62,E,こらえる
62,E,どろかけ
62,E,れいとうパンチ
62,E,いばる
62,E,ねごと
62,E,まるくなる
63,FL / E,メガトンパンチ
63,FL / E,メガトンキック
63,FL / E,のしかかり
63,FL / E,すてみタックル
63,FL / E,カウンター
63,FL / E,ちきゅうなげ
63,FL / E,ものまね
63,FL / E,ゆびをふる
63,FL / E,ゆめくい
63,FL / E,でんじは
63,FL / E,みがわり
63,E,ばくれつパンチ
63,E,じこあんじ
63,E,いびき
63,E,こらえる
63,E,れいとうパンチ
63,E,いばる
63,E,ねごと
63,E,かみなりパンチ
63,E,ほのおのパンチ
64,FL / E,メガトンパンチ
64,FL / E,メガトンキック
64,FL / E,のしかかり
64,FL / E,すてみタックル
64,FL / E,カウンター
64,FL / E,ちきゅうなげ
64,FL / E,ものまね
64,FL / E,ゆびをふる
64,FL / E,ゆめくい
64,FL / E,でんじは
64,FL / E,みがわり
64,E,ばくれつパンチ
64,E,じこあんじ
64,E,いびき
64,E,こらえる
64,E,れいとうパンチ
64,E,いばる
64,E,ねごと
64,E,かみなりパンチ
64,E,ほのおのパンチ
65,FL / E,メガトンパンチ
65,FL / E,メガトンキック
65,FL / E,のしかかり
65,FL / E,すてみタックル
65,FL / E,カウンター
65,FL / E,ちきゅうなげ
65,FL / E,ものまね
65,FL / E,ゆびをふる
65,FL / E,ゆめくい
65,FL / E,でんじは
65,FL / E,みがわり
65,E,ばくれつパンチ
65,E,じこあんじ
65,E,いびき
65,E,こらえる
65,E,れいとうパンチ
65,E,いばる
65,E,ねごと
65,E,かみなりパンチ
65,E,ほのおのパンチ
66,FL / E,メガトンパンチ
66,FL / E,メガトンキック
66,FL / E,のしかかり
66,FL / E,すてみタックル
66,FL / E,カウンター
66,FL / E,ちきゅうなげ
66,FL / E,ものまね
66,FL / E,ゆびをふる
66,FL / E,いわなだれ
66,FL / E,みがわり
66,E,ばくれつパンチ
66,E,いびき
66,E,こらえる
66,E,どろかけ
66,E,れいとうパンチ
66,E,いばる
66,E,ねごと
66,E,かみなりパンチ
66,E,ほのおのパンチ
67,FL / E,メガトンパンチ
67,FL / E,メガトンキック
67,FL / E,のしかかり
67,FL / E,すてみタックル
67,FL / E,カウンター
67,FL / E,ちきゅうなげ
67,FL / E,ものまね
67,FL / E,ゆびをふる
67,FL / E,いわなだれ
67,FL / E,みがわり
67,E,ばくれつパンチ
67,E,いびき
67,E,こらえる
67,E,どろかけ
67,E,れいとうパンチ
67,E,いばる
67,E,ねごと
67,E,かみなりパンチ
67,E,ほのおのパンチ
68,FL / E,メガトンパンチ
68,FL / E,メガトンキック
68,FL / E,のしかかり
68,FL / E,すてみタックル
68,FL / E,カウンター
68,FL / E,ちきゅうなげ
68,FL / E,ものまね
68,FL / E,ゆびをふる
68,FL / E,いわなだれ
68,FL / E,みがわり
68,E,ばくれつパンチ
68,E,いびき
68,E,こらえる
68,E,どろかけ
68,E,れいとうパンチ
68,E,いばる
68,E,ねごと
68,E,かみなりパンチ
68,E,ほのおのパンチ
69,FL / E,つるぎのまい
69,FL / E,すてみタックル
69,FL / E,ものまね
69,FL / E,みがわり
69,E,いびき
69,E,こらえる
69,E,いばる
69,E,ねごと
70,FL / E,つるぎのまい
70,FL / E,すてみタックル
70,FL / E,ものまね
70,FL / E,みがわり
70,E,いびき
70,E,こらえる
70,E,いばる
70,E,ねごと
71,FL / E,つるぎのまい
71,FL / E,のしかかり
71,FL / E,すてみタックル
71,FL / E,ものまね
71,FL / E,みがわり
71,E,いびき
71,E,こらえる
71,E,いばる
71,E,ねごと
72,FL / E,つるぎのまい
72,FL / E,すてみタックル
72,FL / E,ものまね
72,FL / E,みがわり
72,E,いびき
72,E,こごえるかぜ
72,E,こらえる
72,E,いばる
72,E,ねごと
73,FL / E,つるぎのまい
73,FL / E,すてみタックル
73,FL / E,ものまね
73,FL / E,みがわり
73,E,いびき
73,E,こごえるかぜ
73,E,こらえる
73,E,いばる
73,E,ねごと
74,FL / E,メガトンパンチ
74,FL / E,のしかかり
74,FL / E,すてみタックル
74,FL / E,カウンター
74,FL / E,ちきゅうなげ
74,FL / E,ものまね
74,FL / E,ゆびをふる
74,FL / E,だいばくはつ
74,FL / E,いわなだれ
74,FL / E,みがわり
74,E,ばくれつパンチ
74,E,ころがる
74,E,いびき
74,E,こらえる
74,E,どろかけ
74,E,いばる
74,E,ねごと
74,E,まるくなる
74,E,ほのおのパンチ
75,FL / E,メガトンパンチ
75,FL / E,のしかかり
75,FL / E,すてみタックル
75,FL / E,カウンター
75,FL / E,ちきゅうなげ
75,FL / E,ものまね
75,FL / E,ゆびをふる
75,FL / E,だいばくはつ
75,FL / E,いわなだれ
75,FL / E,みがわり
75,E,ばくれつパンチ
75,E,ころがる
75,E,いびき
75,E,こらえる
75,E,どろかけ
75,E,いばる
75,E,ねごと
75,E,まるくなる
75,E,ほのおのパンチ
76,FL / E,メガトンパンチ
76,FL / E,メガトンキック
76,FL / E,のしかかり
76,FL / E,すてみタックル
76,FL / E,カウンター
76,FL / E,ちきゅうなげ
76,FL / E,ものまね
76,FL / E,ゆびをふる
76,FL / E,だいばくはつ
76,FL / E,いわなだれ
76,FL / E,みがわり
76,E,ばくれつパンチ
76,E,ころがる
76,E,いびき
76,E,こらえる
76,E,どろかけ
76,E,いばる
76,E,ねごと
76,E,まるくなる
76,E,ほのおのパンチ
76,E,れんぞくぎり
77,FL / E,のしかかり
77,FL / E,すてみタックル
77,FL / E,ものまね
77,FL / E,みがわり
77,E,いびき
77,E,こらえる
77,E,いばる
77,E,ねごと
77,E,スピードスター
78,FL / E,のしかかり
78,FL / E,すてみタックル
78,FL / E,ものまね
78,FL / E,みがわり
78,E,いびき
78,E,こらえる
78,E,いばる
78,E,ねごと
78,E,スピードスター
79,FL / E,のしかかり
79,FL / E,すてみタックル
79,FL / E,ものまね
79,FL / E,ゆめくい
79,FL / E,でんじは
79,FL / E,みがわり
79,E,じこあんじ
79,E,いびき
79,E,こごえるかぜ
79,E,こらえる
79,E,どろかけ
79,E,いばる
79,E,ねごと
79,E,スピードスター
80,FL / E,メガトンパンチ
80,FL / E,メガトンキック
80,FL / E,のしかかり
80,FL / E,すてみタックル
80,FL / E,カウンター
80,FL / E,ちきゅうなげ
80,FL / E,ものまね
80,FL / E,ゆめくい
80,FL / E,でんじは
80,FL / E,みがわり
80,E,ばくれつパンチ
80,E,じこあんじ
80,E,いびき
80,E,こごえるかぜ
80,E,こらえる
80,E,どろかけ
80,E,れいとうパンチ
80,E,いばる
80,E,ねごと
80,E,スピードスター
80,E,れんぞくぎり
81,FL / E,すてみタックル
81,FL / E,ものまね
81,FL / E,でんじは
81,FL / E,みがわり
81,E,ころがる
81,E,いびき
81,E,こらえる
81,E,いばる
81,E,ねごと
81,E,スピードスター
82,FL / E,すてみタックル
82,FL / E,ものまね
82,FL / E,でんじは
82,FL / E,みがわり
82,E,ころがる
82,E,いびき
82,E,こらえる
82,E,いばる
82,E,ねごと
82,E,スピードスター
83,FL / E,つるぎのまい
83,FL / E,のしかかり
83,FL / E,すてみタックル
83,FL / E,ものまね
83,FL / E,みがわり
83,E,じこあんじ
83,E,いびき
83,E,こらえる
83,E,どろかけ
83,E,いばる
83,E,ねごと
83,E,スピードスター
84,FL / E,のしかかり
84,FL / E,すてみタックル
84,FL / E,ものまね
84,FL / E,みがわり
84,E,いびき
84,E,こらえる
84,E,どろかけ
84,E,いばる
84,E,ねごと
84,E,スピードスター
85,FL / E,のしかかり
85,FL / E,すてみタックル
85,FL / E,ものまね
85,FL / E,みがわり
85,E,いびき
85,E,こらえる
85,E,どろかけ
85,E,いばる
85,E,ねごと
85,E,スピードスター
86,FL / E,のしかかり
86,FL / E,すてみタックル
86,FL / E,ものまね
86,FL / E,みがわり
86,E,いびき
86,E,こごえるかぜ
86,E,こらえる
86,E,いばる
86,E,ねごと
87,FL / E,のしかかり
87,FL / E,すてみタックル
87,FL / E,ものまね
87,FL / E,みがわり
87,E,いびき
87,E,こごえるかぜ
87,E,こらえる
87,E,いばる
87,E,ねごと
88,FL / E,のしかかり
88,FL / E,ものまね
88,FL / E,だいばくはつ
88,FL / E,みがわり
88,E,ばくれつパンチ
88,E,いびき
88,E,こらえる
88,E,どろかけ
88,E,れいとうパンチ
88,E,いばる
88,E,ねごと
88,E,かみなりパンチ
88,E,ほのおのパンチ
89,FL / E,のしかかり
89,FL / E,ものまね
89,FL / E,だいばくはつ
89,FL / E,みがわり
89,E,ばくれつパンチ
89,E,いびき
89,E,こらえる
89,E,どろかけ
89,E,れいとうパンチ
89,E,いばる
89,E,ねごと
89,E,かみなりパンチ
89,E,ほのおのパンチ
90,FL / E,すてみタックル
90,FL / E,ものまね
90,FL / E,だいばくはつ
90,FL / E,みがわり
90,E,いびき
90,E,こごえるかぜ
90,E,こらえる
90,E,いばる
90,E,ねごと
90,E,スピードスター
91,FL / E,すてみタックル
91,FL / E,ものまね
91,FL / E,だいばくはつ
91,FL / E,みがわり
91,E,いびき
91,E,こごえるかぜ
91,E,こらえる
91,E,いばる
91,E,ねごと
91,E,スピードスター
92,FL / E,ものまね
92,FL / E,ゆめくい
92,FL / E,だいばくはつ
92,FL / E,みがわり
92,E,じこあんじ
92,E,いびき
92,E,こらえる
92,E,いばる
92,E,ねごと
93,FL / E,ものまね
93,FL / E,ゆめくい
93,FL / E,だいばくはつ
93,FL / E,みがわり
93,E,じこあんじ
93,E,いびき
93,E,こらえる
93,E,いばる
93,E,ねごと
94,FL / E,メガトンパンチ
94,FL / E,メガトンキック
94,FL / E,のしかかり
94,FL / E,すてみタックル
94,FL / E,カウンター
94,FL / E,ちきゅうなげ
94,FL / E,ものまね
94,FL / E,ゆびをふる
94,FL / E,ゆめくい
94,FL / E,だいばくはつ
94,FL / E,みがわり
94,E,ばくれつパンチ
94,E,じこあんじ
94,E,いびき
94,E,こらえる
94,E,れいとうパンチ
94,E,いばる
94,E,ねごと
94,E,かみなりパンチ
94,E,ほのおのパンチ
95,FL / E,のしかかり
95,FL / E,すてみタックル
95,FL / E,ものまね
95,FL / E,だいばくはつ
95,FL / E,いわなだれ
95,FL / E,みがわり
95,E,じこあんじ
95,E,いびき
95,E,こらえる
95,E,どろかけ
95,E,いばる
95,E,ねごと
96,FL / E,メガトンパンチ
96,FL / E,メガトンキック
96,FL / E,のしかかり
96,FL / E,すてみタックル
96,FL / E,カウンター
96,FL / E,ちきゅうなげ
96,FL / E,ものまね
96,FL / E,ゆびをふる
96,FL / E,ゆめくい
96,FL / E,でんじは
96,FL / E,みがわり
96,E,ばくれつパンチ
96,E,じこあんじ
96,E,いびき
96,E,こらえる
96,E,れいとうパンチ
96,E,いばる
96,E,ねごと
96,E,かみなりパンチ
96,E,ほのおのパンチ
97,FL / E,メガトンパンチ
97,FL / E,メガトンキック
97,FL / E,のしかかり
97,FL / E,すてみタックル
97,FL / E,カウンター
97,FL / E,ちきゅうなげ
97,FL / E,ものまね
97,FL / E,ゆびをふる
97,FL / E,ゆめくい
97,FL / E,でんじは
97,FL / E,みがわり
97,E,ばくれつパンチ
97,E,じこあんじ
97,E,いびき
97,E,こらえる
97,E,れいとうパンチ
97,E,いばる
97,E,ねごと
97,E,かみなりパンチ
97,E,ほのおのパンチ
98,FL / E,つるぎのまい
98,FL / E,のしかかり
98,FL / E,すてみタックル
98,FL / E,ものまね
98,FL / E,みがわり
98,E,いびき
98,E,こごえるかぜ
98,E,こらえる
98,E,どろかけ
98,E,いばる
98,E,ねごと
98,E,れんぞくぎり
99,FL / E,つるぎのまい
99,FL / E,のしかかり
99,FL / E,すてみタックル
99,FL / E,ものまね
99,FL / E,みがわり
99,E,いびき
99,E,こごえるかぜ
99,E,こらえる
99,E,どろかけ
99,E,いばる
99,E,ねごと
99,E,れんぞくぎり
100,FL / E,ものまね
100,FL / E,でんじは
100,FL / E,だいばくはつ
100,FL / E,みがわり
100,E,ころがる
100,E,いびき
100,E,こらえる
100,E,いばる
100,E,ねごと
100,E,スピードスター
101,FL / E,ものまね
101,FL / E,でんじは
101,FL / E,だいばくはつ
101,FL / E,みがわり
101,E,ころがる
101,E,いびき
101,E,こらえる
101,E,いばる
101,E,ねごと
101,E,スピードスター
102,FL / E,すてみタックル
102,FL / E,ものまね
102,FL / E,ゆめくい
102,FL / E,だいばくはつ
102,FL / E,みがわり
102,E,ころがる
102,E,じこあんじ
102,E,いびき
102,E,こらえる
102,E,いばる
102,E,ねごと
103,FL / E,すてみタックル
103,FL / E,ものまね
103,FL / E,ゆめくい
103,FL / E,だいばくはつ
103,FL / E,みがわり
103,E,ころがる
103,E,じこあんじ
103,E,いびき
103,E,こらえる
103,E,いばる
103,E,ねごと
104,FL / E,メガトンパンチ
104,FL / E,つるぎのまい
104,FL / E,メガトンキック
104,FL / E,のしかかり
104,FL / E,すてみタックル
104,FL / E,カウンター
104,FL / E,ちきゅうなげ
104,FL / E,ものまね
104,FL / E,いわなだれ
104,FL / E,みがわり
104,E,ばくれつパンチ
104,E,いびき
104,E,こごえるかぜ
104,E,こらえる
104,E,どろかけ
104,E,いばる
104,E,ねごと
104,E,かみなりパンチ
104,E,ほのおのパンチ
105,FL / E,メガトンパンチ
105,FL / E,つるぎのまい
105,FL / E,メガトンキック
105,FL / E,のしかかり
105,FL / E,すてみタックル
105,FL / E,カウンター
105,FL / E,ちきゅうなげ
105,FL / E,ものまね
105,FL / E,いわなだれ
105,FL / E,みがわり
105,E,ばくれつパンチ
105,E,いびき
105,E,こごえるかぜ
105,E,こらえる
105,E,どろかけ
105,E,いばる
105,E,ねごと
105,E,かみなりパンチ
105,E,ほのおのパンチ
106,FL / E,メガトンパンチ
106,FL / E,メガトンキック
106,FL / E,のしかかり
106,FL / E,すてみタックル
106,FL / E,カウンター
106,FL / E,ちきゅうなげ
106,FL / E,ものまね
106,FL / E,ゆびをふる
106,FL / E,いわなだれ
106,FL / E,みがわり
106,E,ばくれつパンチ
106,E,いびき
106,E,こらえる
106,E,どろかけ
106,E,いばる
106,E,ねごと
106,E,スピードスター
107,FL / E,メガトンパンチ
107,FL / E,メガトンキック
107,FL / E,のしかかり
107,FL / E,すてみタックル
107,FL / E,カウンター
107,FL / E,ちきゅうなげ
107,FL / E,ものまね
107,FL / E,ゆびをふる
107,FL / E,いわなだれ
107,FL / E,みがわり
107,E,ばくれつパンチ
107,E,いびき
107,E,こらえる
107,E,どろかけ
107,E,れいとうパンチ
107,E,いばる
107,E,ねごと
107,E,スピードスター
107,E,かみなりパンチ
107,E,ほのおのパンチ
108,FL / E,メガトンパンチ
108,FL / E,つるぎのまい
108,FL / E,メガトンキック
108,FL / E,のしかかり
108,FL / E,すてみタックル
108,FL / E,カウンター
108,FL / E,ちきゅうなげ
108,FL / E,ものまね
108,FL / E,ゆめくい
108,FL / E,いわなだれ
108,FL / E,みがわり
108,E,ばくれつパンチ
108,E,ころがる
108,E,じこあんじ
108,E,いびき
108,E,こごえるかぜ
108,E,こらえる
108,E,どろかけ
108,E,れいとうパンチ
108,E,いばる
108,E,ねごと
108,E,まるくなる
108,E,かみなりパンチ
108,E,ほのおのパンチ
109,FL / E,ものまね
109,FL / E,だいばくはつ
109,FL / E,みがわり
109,E,ころがる
109,E,いびき
109,E,こらえる
109,E,いばる
109,E,ねごと
110,FL / E,ものまね
110,FL / E,だいばくはつ
110,FL / E,みがわり
110,E,ころがる
110,E,いびき
110,E,こらえる
110,E,いばる
110,E,ねごと
111,FL / E,つるぎのまい
111,FL / E,のしかかり
111,FL / E,すてみタックル
111,FL / E,カウンター
111,FL / E,ものまね
111,FL / E,いわなだれ
111,FL / E,みがわり
111,E,ころがる
111,E,いびき
111,E,こごえるかぜ
111,E,こらえる
111,E,どろかけ
111,E,いばる
111,E,ねごと
112,FL / E,メガトンパンチ
112,FL / E,つるぎのまい
112,FL / E,メガトンキック
112,FL / E,のしかかり
112,FL / E,すてみタックル
112,FL / E,カウンター
112,FL / E,ちきゅうなげ
112,FL / E,ものまね
112,FL / E,いわなだれ
112,FL / E,みがわり
112,E,ばくれつパンチ
112,E,ころがる
112,E,いびき
112,E,こごえるかぜ
112,E,こらえる
112,E,どろかけ
112,E,いばる
112,E,ねごと
112,E,かみなりパンチ
112,E,ほのおのパンチ
112,E,れんぞくぎり
113,FL / E,メガトンパンチ
113,FL / E,メガトンキック
113,FL / E,のしかかり
113,FL / E,すてみタックル
113,FL / E,カウンター
113,FL / E,ちきゅうなげ
113,FL / E,ものまね
113,FL / E,ゆびをふる
113,FL / E,タマゴうみ
113,FL / E,ゆめくい
113,FL / E,でんじは
113,FL / E,みがわり
113,E,ばくれつパンチ
113,E,ころがる
113,E,じこあんじ
113,E,いびき
113,E,こごえるかぜ
113,E,こらえる
113,E,どろかけ
113,E,いばる
113,E,ねごと
113,E,まるくなる
114,FL / E,つるぎのまい
114,FL / E,のしかかり
114,FL / E,すてみタックル
114,FL / E,ものまね
114,FL / E,みがわり
114,E,じこあんじ
114,E,いびき
114,E,こらえる
114,E,いばる
114,E,ねごと
115,FL / E,メガトンパンチ
115,FL / E,メガトンキック
115,FL / E,のしかかり
115,FL / E,すてみタックル
115,FL / E,カウンター
115,FL / E,ちきゅうなげ
115,FL / E,ものまね
115,FL / E,いわなだれ
115,FL / E,みがわり
115,E,ばくれつパンチ
115,E,いびき
115,E,こごえるかぜ
115,E,こらえる
115,E,どろかけ
115,E,れいとうパンチ
115,E,いばる
115,E,ねごと
115,E,かみなりパンチ
115,E,ほのおのパンチ
115,E,れんぞくぎり
116,FL / E,すてみタックル
116,FL / E,ものまね
116,FL / E,みがわり
116,E,いびき
116,E,こごえるかぜ
116,E,こらえる
116,E,いばる
116,E,ねごと
116,E,スピードスター
117,FL / E,すてみタックル
117,FL / E,ものまね
117,FL / E,みがわり
117,E,いびき
117,E,こごえるかぜ
117,E,こらえる
117,E,いばる
117,E,ねごと
117,E,スピードスター
118,FL / E,すてみタックル
118,FL / E,ものまね
118,FL / E,みがわり
118,E,いびき
118,E,こごえるかぜ
118,E,こらえる
118,E,いばる
118,E,ねごと
118,E,スピードスター
119,FL / E,すてみタックル
119,FL / E,ものまね
119,FL / E,みがわり
119,E,いびき
119,E,こごえるかぜ
119,E,こらえる
119,E,いばる
119,E,ねごと
119,E,スピードスター
120,FL / E,すてみタックル
120,FL / E,ものまね
120,FL / E,でんじは
120,FL / E,みがわり
120,E,じこあんじ
120,E,いびき
120,E,こごえるかぜ
120,E,こらえる
120,E,いばる
120,E,ねごと
120,E,スピードスター
121,FL / E,すてみタックル
121,FL / E,ものまね
121,FL / E,ゆめくい
121,FL / E,でんじは
121,FL / E,みがわり
121,E,じこあんじ
121,E,いびき
121,E,こごえるかぜ
121,E,こらえる
121,E,いばる
121,E,ねごと
121,E,スピードスター
122,FL / E,メガトンパンチ
122,FL / E,メガトンキック
122,FL / E,のしかかり
122,FL / E,すてみタックル
122,FL / E,カウンター
122,FL / E,ちきゅうなげ
122,FL / E,ものまね
122,FL / E,ゆびをふる
122,FL / E,ゆめくい
122,FL / E,でんじは
122,FL / E,みがわり
122,E,じこあんじ
122,E,いびき
122,E,こらえる
122,E,どろかけ
122,E,れいとうパンチ
122,E,いばる
122,E,ねごと
122,E,かみなりパンチ
122,E,ほのおのパンチ
123,FL / E,つるぎのまい
123,FL / E,すてみタックル
123,FL / E,カウンター
123,FL / E,ものまね
123,FL / E,みがわり
123,E,いびき
123,E,こらえる
123,E,いばる
123,E,ねごと
123,E,スピードスター
123,E,れんぞくぎり
124,FL / E,メガトンパンチ
124,FL / E,メガトンキック
124,FL / E,のしかかり
124,FL / E,すてみタックル
124,FL / E,カウンター
124,FL / E,ちきゅうなげ
124,FL / E,ものまね
124,FL / E,ゆびをふる
124,FL / E,ゆめくい
124,FL / E,みがわり
124,E,ばくれつパンチ
124,E,じこあんじ
124,E,いびき
124,E,こごえるかぜ
124,E,こらえる
124,E,どろかけ
124,E,れいとうパンチ
124,E,いばる
124,E,ねごと
125,FL / E,メガトンパンチ
125,FL / E,メガトンキック
125,FL / E,のしかかり
125,FL / E,すてみタックル
125,FL / E,カウンター
125,FL / E,ちきゅうなげ
125,FL / E,ものまね
125,FL / E,でんじは
125,FL / E,みがわり
125,E,ばくれつパンチ
125,E,いびき
125,E,こらえる
125,E,どろかけ
125,E,れいとうパンチ
125,E,いばる
125,E,ねごと
125,E,スピードスター
125,E,かみなりパンチ
125,E,ほのおのパンチ
126,FL / E,メガトンパンチ
126,FL / E,メガトンキック
126,FL / E,のしかかり
126,FL / E,すてみタックル
126,FL / E,カウンター
126,FL / E,ちきゅうなげ
126,FL / E,ものまね
126,FL / E,みがわり
126,E,ばくれつパンチ
126,E,いびき
126,E,こらえる
126,E,どろかけ
126,E,いばる
126,E,ねごと
126,E,かみなりパンチ
126,E,ほのおのパンチ
127,FL / E,つるぎのまい
127,FL / E,のしかかり
127,FL / E,すてみタックル
127,FL / E,ちきゅうなげ
127,FL / E,ものまね
127,FL / E,いわなだれ
127,FL / E,みがわり
127,E,いびき
127,E,こらえる
127,E,いばる
127,E,ねごと
127,E,れんぞくぎり
128,FL / E,のしかかり
128,FL / E,すてみタックル
128,FL / E,ものまね
128,FL / E,みがわり
128,E,いびき
128,E,こごえるかぜ
128,E,こらえる
128,E,いばる
128,E,ねごと
130,FL / E,のしかかり
130,FL / E,すてみタックル
130,FL / E,ものまね
130,FL / E,でんじは
130,FL / E,みがわり
130,E,いびき
130,E,こごえるかぜ
130,E,こらえる
130,E,いばる
130,E,ねごと
131,FL / E,のしかかり
131,FL / E,すてみタックル
131,FL / E,ものまね
131,FL / E,ゆめくい
131,FL / E,みがわり
131,E,いびき
131,E,こごえるかぜ
131,E,こらえる
131,E,いばる
131,E,ねごと
133,FL / E,のしかかり
133,FL / E,すてみタックル
133,FL / E,ものまね
133,FL / E,みがわり
133,E,いびき
133,E,こらえる
133,E,どろかけ
133,E,いばる
133,E,ねごと
133,E,スピードスター
134,FL / E,のしかかり
134,FL / E,すてみタックル
134,FL / E,ものまね
134,FL / E,みがわり
134,E,いびき
134,E,こごえるかぜ
134,E,こらえる
134,E,どろかけ
134,E,いばる
134,E,ねごと
134,E,スピードスター
135,FL / E,のしかかり
135,FL / E,すてみタックル
135,FL / E,ものまね
135,FL / E,でんじは
135,FL / E,みがわり
135,E,いびき
135,E,こらえる
135,E,どろかけ
135,E,いばる
135,E,ねごと
135,E,スピードスター
136,FL / E,のしかかり
136,FL / E,すてみタックル
136,FL / E,ものまね
136,FL / E,みがわり
136,E,いびき
136,E,こらえる
136,E,どろかけ
136,E,いばる
136,E,ねごと
136,E,スピードスター
137,FL / E,すてみタックル
137,FL / E,ものまね
137,FL / E,ゆめくい
137,FL / E,でんじは
137,FL / E,みがわり
137,E,じこあんじ
137,E,いびき
137,E,こごえるかぜ
137,E,こらえる
137,E,いばる
137,E,ねごと
137,E,スピードスター
138,FL / E,のしかかり
138,FL / E,すてみタックル
138,FL / E,ものまね
138,FL / E,いわなだれ
138,FL / E,みがわり
138,E,ころがる
138,E,いびき
138,E,こごえるかぜ
138,E,こらえる
138,E,いばる
138,E,ねごと
139,FL / E,のしかかり
139,FL / E,すてみタックル
139,FL / E,ちきゅうなげ
139,FL / E,ものまね
139,FL / E,いわなだれ
139,FL / E,みがわり
139,E,ころがる
139,E,いびき
139,E,こごえるかぜ
139,E,こらえる
139,E,いばる
139,E,ねごと
140,FL / E,のしかかり
140,FL / E,すてみタックル
140,FL / E,ものまね
140,FL / E,いわなだれ
140,FL / E,みがわり
140,E,ころがる
140,E,いびき
140,E,こごえるかぜ
140,E,こらえる
140,E,いばる
140,E,ねごと
141,FL / E,つるぎのまい
141,FL / E,メガトンキック
141,FL / E,のしかかり
141,FL / E,すてみタックル
141,FL / E,ちきゅうなげ
141,FL / E,ものまね
141,FL / E,いわなだれ
141,FL / E,みがわり
141,E,ころがる
141,E,いびき
141,E,こごえるかぜ
141,E,こらえる
141,E,いばる
141,E,ねごと
141,E,れんぞくぎり
142,FL / E,すてみタックル
142,FL / E,ものまね
142,FL / E,いわなだれ
142,FL / E,みがわり
142,E,いびき
142,E,こらえる
142,E,いばる
142,E,ねごと
142,E,スピードスター
143,FL / E,メガトンパンチ
143,FL / E,メガトンキック
143,FL / E,のしかかり
143,FL / E,すてみタックル
143,FL / E,カウンター
143,FL / E,ちきゅうなげ
143,FL / E,ものまね
143,FL / E,ゆびをふる
143,FL / E,いわなだれ
143,FL / E,みがわり
143,E,ばくれつパンチ
143,E,ころがる
143,E,じこあんじ
143,E,いびき
143,E,こごえるかぜ
143,E,こらえる
143,E,どろかけ
143,E,れいとうパンチ
143,E,いばる
143,E,ねごと
143,E,まるくなる
143,E,かみなりパンチ
143,E,ほのおのパンチ
144,FL / E,すてみタックル
144,FL / E,ものまね
144,FL / E,みがわり
144,E,いびき
144,E,こごえるかぜ
144,E,こらえる
144,E,どろかけ
144,E,いばる
144,E,ねごと
144,E,スピードスター
145,FL / E,すてみタックル
145,FL / E,ものまね
145,FL / E,でんじは
145,FL / E,みがわり
145,E,いびき
145,E,こらえる
145,E,どろかけ
145,E,いばる
145,E,ねごと
145,E,スピードスター
146,FL / E,すてみタックル
146,FL / E,ものまね
146,FL / E,みがわり
146,E,いびき
146,E,こらえる
146,E,どろかけ
146,E,いばる
146,E,ねごと
146,E,スピードスター
147,FL / E,のしかかり
147,FL / E,すてみタックル
147,FL / E,ものまね
147,FL / E,でんじは
147,FL / E,みがわり
147,E,いびき
147,E,こごえるかぜ
147,E,こらえる
147,E,いばる
147,E,ねごと
147,E,スピードスター
148,FL / E,のしかかり
148,FL / E,すてみタックル
148,FL / E,ものまね
148,FL / E,でんじは
148,FL / E,みがわり
148,E,いびき
148,E,こごえるかぜ
148,E,こらえる
148,E,いばる
148,E,ねごと
148,E,スピードスター
149,FL / E,のしかかり
149,FL / E,すてみタックル
149,FL / E,ものまね
149,FL / E,でんじは
149,FL / E,みがわり
149,E,ばくれつパンチ
149,E,いびき
149,E,こごえるかぜ
149,E,こらえる
149,E,どろかけ
149,E,れいとうパンチ
149,E,いばる
149,E,ねごと
149,E,スピードスター
149,E,かみなりパンチ
149,E,ほのおのパンチ
149,E,れんぞくぎり
150,FL / E,メガトンパンチ
150,FL / E,メガトンキック
150,FL / E,のしかかり
150,FL / E,すてみタックル
150,FL / E,カウンター
150,FL / E,ちきゅうなげ
150,FL / E,ものまね
150,FL / E,ゆびをふる
150,FL / E,ゆめくい
150,FL / E,でんじは
150,FL / E,みがわり
150,E,ばくれつパンチ
150,E,じこあんじ
150,E,いびき
150,E,こごえるかぜ
150,E,こらえる
150,E,どろかけ
150,E,れいとうパンチ
150,E,いばる
150,E,ねごと
150,E,スピードスター
150,E,かみなりパンチ
150,E,ほのおのパンチ
151,FL / E,メガトンパンチ
151,FL / E,つるぎのまい
151,FL / E,メガトンキック
151,FL / E,のしかかり
151,FL / E,すてみタックル
151,FL / E,カウンター
151,FL / E,ちきゅうなげ
151,FL / E,ものまね
151,FL / E,ゆびをふる
151,FL / E,タマゴうみ
151,FL / E,ゆめくい
151,FL / E,でんじは
151,FL / E,だいばくはつ
151,FL / E,いわなだれ
151,FL / E,みがわり
151,E,ばくれつパンチ
151,E,ころがる
151,E,じこあんじ
151,E,いびき
151,E,こごえるかぜ
151,E,こらえる
151,E,どろかけ
151,E,れいとうパンチ
151,E,いばる
151,E,ねごと
151,E,スピードスター
151,E,まるくなる
151,E,かみなりパンチ
151,E,ほのおのパンチ
151,E,れんぞくぎり
152,FL / E,つるぎのまい
152,FL / E,のしかかり
152,FL / E,すてみタックル
152,FL / E,カウンター
152,FL / E,ものまね
152,FL / E,みがわり
152,E,いびき
152,E,こらえる
152,E,どろかけ
152,E,いばる
152,E,ねごと
153,FL / E,つるぎのまい
153,FL / E,のしかかり
153,FL / E,すてみタックル
153,FL / E,カウンター
153,FL / E,ものまね
153,FL / E,みがわり
153,E,いびき
153,E,こらえる
153,E,どろかけ
153,E,いばる
153,E,ねごと
153,E,れんぞくぎり
154,FL / E,つるぎのまい
154,FL / E,のしかかり
154,FL / E,すてみタックル
154,FL / E,カウンター
154,FL / E,ものまね
154,FL / E,みがわり
154,E,いびき
154,E,こらえる
154,E,どろかけ
154,E,いばる
154,E,ねごと
154,E,れんぞくぎり
155,FL / E,のしかかり
155,FL / E,すてみタックル
155,FL / E,ものまね
155,FL / E,みがわり
155,E,ころがる
155,E,いびき
155,E,こらえる
155,E,どろかけ
155,E,いばる
155,E,ねごと
155,E,スピードスター
155,E,まるくなる
156,FL / E,のしかかり
156,FL / E,すてみタックル
156,FL / E,ものまね
156,FL / E,みがわり
156,E,ころがる
156,E,いびき
156,E,こらえる
156,E,どろかけ
156,E,いばる
156,E,ねごと
156,E,スピードスター
156,E,まるくなる
156,E,れんぞくぎり
157,FL / E,メガトンパンチ
157,FL / E,メガトンキック
157,FL / E,のしかかり
157,FL / E,すてみタックル
157,FL / E,カウンター
157,FL / E,ちきゅうなげ
157,FL / E,ものまね
157,FL / E,いわなだれ
157,FL / E,みがわり
157,E,ばくれつパンチ
157,E,ころがる
157,E,いびき
157,E,こらえる
157,E,どろかけ
157,E,いばる
157,E,ねごと
157,E,スピードスター
157,E,まるくなる
157,E,かみなりパンチ
157,E,ほのおのパンチ
157,E,れんぞくぎり
158,FL / E,メガトンパンチ
158,FL / E,つるぎのまい
158,FL / E,メガトンキック
158,FL / E,のしかかり
158,FL / E,すてみタックル
158,FL / E,カウンター
158,FL / E,ちきゅうなげ
158,FL / E,ものまね
158,FL / E,いわなだれ
158,FL / E,みがわり
158,E,ばくれつパンチ
158,E,いびき
158,E,こごえるかぜ
158,E,こらえる
158,E,どろかけ
158,E,れいとうパンチ
158,E,いばる
158,E,ねごと
159,FL / E,メガトンパンチ
159,FL / E,つるぎのまい
159,FL / E,メガトンキック
159,FL / E,のしかかり
159,FL / E,すてみタックル
159,FL / E,カウンター
159,FL / E,ちきゅうなげ
159,FL / E,ものまね
159,FL / E,いわなだれ
159,FL / E,みがわり
159,E,ばくれつパンチ
159,E,いびき
159,E,こごえるかぜ
159,E,こらえる
159,E,どろかけ
159,E,れいとうパンチ
159,E,いばる
159,E,ねごと
159,E,れんぞくぎり
160,FL / E,メガトンパンチ
160,FL / E,つるぎのまい
160,FL / E,メガトンキック
160,FL / E,のしかかり
160,FL / E,すてみタックル
160,FL / E,カウンター
160,FL / E,ちきゅうなげ
160,FL / E,ものまね
160,FL / E,いわなだれ
160,FL / E,みがわり
160,E,ばくれつパンチ
160,E,いびき
160,E,こごえるかぜ
160,E,こらえる
160,E,どろかけ
160,E,れいとうパンチ
160,E,いばる
160,E,ねごと
160,E,れんぞくぎり
161,FL / E,のしかかり
161,FL / E,すてみタックル
161,FL / E,ものまね
161,FL / E,みがわり
161,E,ばくれつパンチ
161,E,ころがる
161,E,いびき
161,E,こらえる
161,E,どろかけ
161,E,れいとうパンチ
161,E,いばる
161,E,ねごと
161,E,スピードスター
161,E,まるくなる
161,E,かみなりパンチ
161,E,ほのおのパンチ
161,E,れんぞくぎり
162,FL / E,のしかかり
162,FL / E,すてみタックル
162,FL / E,ものまね
162,FL / E,みがわり
162,E,ばくれつパンチ
162,E,ころがる
162,E,いびき
162,E,こらえる
162,E,どろかけ
162,E,れいとうパンチ
162,E,いばる
162,E,ねごと
162,E,スピードスター
162,E,まるくなる
162,E,かみなりパンチ
162,E,ほのおのパンチ
162,E,れんぞくぎり
163,FL / E,すてみタックル
163,FL / E,ものまね
163,FL / E,ゆめくい
163,FL / E,みがわり
163,E,いびき
163,E,こらえる
163,E,どろかけ
163,E,いばる
163,E,ねごと
163,E,スピードスター
164,FL / E,すてみタックル
164,FL / E,ものまね
164,FL / E,ゆめくい
164,FL / E,みがわり
164,E,いびき
164,E,こらえる
164,E,どろかけ
164,E,いばる
164,E,ねごと
164,E,スピードスター
165,FL / E,メガトンパンチ
165,FL / E,つるぎのまい
165,FL / E,すてみタックル
165,FL / E,ものまね
165,FL / E,みがわり
165,E,ばくれつパンチ
165,E,ころがる
165,E,いびき
165,E,こらえる
165,E,れいとうパンチ
165,E,いばる
165,E,ねごと
165,E,スピードスター
165,E,かみなりパンチ
166,FL / E,メガトンパンチ
166,FL / E,つるぎのまい
166,FL / E,すてみタックル
166,FL / E,ものまね
166,FL / E,みがわり
166,E,ばくれつパンチ
166,E,ころがる
166,E,いびき
166,E,こらえる
166,E,れいとうパンチ
166,E,いばる
166,E,ねごと
166,E,スピードスター
166,E,かみなりパンチ
167,FL / E,のしかかり
167,FL / E,すてみタックル
167,FL / E,ものまね
167,FL / E,みがわり
167,E,いびき
167,E,こらえる
167,E,いばる
167,E,ねごと
168,FL / E,のしかかり
168,FL / E,すてみタックル
168,FL / E,ものまね
168,FL / E,みがわり
168,E,いびき
168,E,こらえる
168,E,いばる
168,E,ねごと
169,FL / E,すてみタックル
169,FL / E,ものまね
169,FL / E,みがわり
169,E,いびき
169,E,こらえる
169,E,いばる
169,E,ねごと
169,E,スピードスター
170,FL / E,すてみタックル
170,FL / E,ものまね
170,FL / E,でんじは
170,FL / E,みがわり
170,E,いびき
170,E,こらえる
170,E,いばる
170,E,ねごと
171,FL / E,すてみタックル
171,FL / E,ものまね
171,FL / E,でんじは
171,FL / E,みがわり
171,E,いびき
171,E,こらえる
171,E,いばる
171,E,ねごと
172,FL / E,メガトンパンチ
172,FL / E,メガトンキック
172,FL / E,のしかかり
172,FL / E,すてみタックル
172,FL / E,カウンター
172,FL / E,ちきゅうなげ
172,FL / E,ものまね
172,FL / E,でんじは
172,FL / E,みがわり
172,E,ころがる
172,E,いびき
172,E,こらえる
172,E,どろかけ
172,E,いばる
172,E,ねごと
172,E,スピードスター
172,E,まるくなる
173,FL / E,メガトンパンチ
173,FL / E,メガトンキック
173,FL / E,のしかかり
173,FL / E,すてみタックル
173,FL / E,カウンター
173,FL / E,ちきゅうなげ
173,FL / E,ものまね
173,FL / E,ゆびをふる
173,FL / E,タマゴうみ
173,FL / E,ゆめくい
173,FL / E,でんじは
173,FL / E,みがわり
173,E,ころがる
173,E,じこあんじ
173,E,いびき
173,E,こごえるかぜ
173,E,こらえる
173,E,どろかけ
173,E,いばる
173,E,ねごと
173,E,まるくなる
174,FL / E,メガトンパンチ
174,FL / E,メガトンキック
174,FL / E,のしかかり
174,FL / E,すてみタックル
174,FL / E,カウンター
174,FL / E,ちきゅうなげ
174,FL / E,ものまね
174,FL / E,ゆめくい
174,FL / E,でんじは
174,FL / E,みがわり
174,E,ころがる
174,E,じこあんじ
174,E,いびき
174,E,こごえるかぜ
174,E,こらえる
174,E,どろかけ
174,E,いばる
174,E,ねごと
174,E,まるくなる
175,FL / E,メガトンパンチ
175,FL / E,メガトンキック
175,FL / E,のしかかり
175,FL / E,すてみタックル
175,FL / E,カウンター
175,FL / E,ちきゅうなげ
175,FL / E,ものまね
175,FL / E,ゆびをふる
175,FL / E,タマゴうみ
175,FL / E,ゆめくい
175,FL / E,でんじは
175,FL / E,みがわり
175,E,ころがる
175,E,じこあんじ
175,E,いびき
175,E,こらえる
175,E,どろかけ
175,E,いばる
175,E,ねごと
175,E,スピードスター
175,E,まるくなる
176,FL / E,メガトンパンチ
176,FL / E,メガトンキック
176,FL / E,のしかかり
176,FL / E,すてみタックル
176,FL / E,カウンター
176,FL / E,ちきゅうなげ
176,FL / E,ものまね
176,FL / E,ゆびをふる
176,FL / E,タマゴうみ
176,FL / E,ゆめくい
176,FL / E,でんじは
176,FL / E,みがわり
176,E,ころがる
176,E,じこあんじ
176,E,いびき
176,E,こらえる
176,E,どろかけ
176,E,いばる
176,E,ねごと
176,E,スピードスター
176,E,まるくなる
177,FL / E,すてみタックル
177,FL / E,ものまね
177,FL / E,ゆめくい
177,FL / E,でんじは
177,FL / E,みがわり
177,E,じこあんじ
177,E,いびき
177,E,こらえる
177,E,いばる
177,E,ねごと
177,E,スピードスター
178,FL / E,すてみタックル
178,FL / E,ものまね
178,FL / E,ゆめくい
178,FL / E,でんじは
178,FL / E,みがわり
178,E,じこあんじ
178,E,いびき
178,E,こらえる
178,E,いばる
178,E,ねごと
178,E,スピードスター
179,FL / E,のしかかり
179,FL / E,すてみタックル
179,FL / E,ものまね
179,FL / E,でんじは
179,FL / E,みがわり
179,E,いびき
179,E,こらえる
179,E,いばる
179,E,ねごと
179,E,スピードスター
179,E,まるくなる
180,FL / E,メガトンパンチ
180,FL / E,メガトンキック
180,FL / E,のしかかり
180,FL / E,すてみタックル
180,FL / E,カウンター
180,FL / E,ちきゅうなげ
180,FL / E,ものまね
180,FL / E,でんじは
180,FL / E,みがわり
180,E,ばくれつパンチ
180,E,いびき
180,E,こらえる
180,E,いばる
180,E,ねごと
180,E,スピードスター
180,E,まるくなる
180,E,かみなりパンチ
180,E,ほのおのパンチ
181,FL / E,メガトンパンチ
181,FL / E,メガトンキック
181,FL / E,のしかかり
181,FL / E,すてみタックル
181,FL / E,カウンター
181,FL / E,ちきゅうなげ
181,FL / E,ものまね
181,FL / E,でんじは
181,FL / E,みがわり
181,E,ばくれつパンチ
181,E,いびき
181,E,こらえる
181,E,いばる
181,E,ねごと
181,E,スピードスター
181,E,まるくなる
181,E,かみなりパンチ
181,E,ほのおのパンチ
182,FL / E,つるぎのまい
182,FL / E,すてみタックル
182,FL / E,ものまね
182,FL / E,みがわり
182,E,いびき
182,E,こらえる
182,E,いばる
182,E,ねごと
183,FL / E,メガトンパンチ
183,FL / E,メガトンキック
183,FL / E,のしかかり
183,FL / E,すてみタックル
183,FL / E,ちきゅうなげ
183,FL / E,ものまね
183,FL / E,みがわり
183,E,ばくれつパンチ
183,E,ころがる
183,E,いびき
183,E,こごえるかぜ
183,E,こらえる
183,E,どろかけ
183,E,れいとうパンチ
183,E,いばる
183,E,ねごと
183,E,スピードスター
183,E,まるくなる
184,FL / E,メガトンパンチ
184,FL / E,メガトンキック
184,FL / E,のしかかり
184,FL / E,すてみタックル
184,FL / E,ちきゅうなげ
184,FL / E,ものまね
184,FL / E,みがわり
184,E,ばくれつパンチ
184,E,ころがる
184,E,いびき
184,E,こごえるかぜ
184,E,こらえる
184,E,どろかけ
184,E,れいとうパンチ
184,E,いばる
184,E,ねごと
184,E,スピードスター
184,E,まるくなる
185,FL / E,メガトンパンチ
185,FL / E,メガトンキック
185,FL / E,のしかかり
185,FL / E,すてみタックル
185,FL / E,カウンター
185,FL / E,ちきゅうなげ
185,FL / E,ものまね
185,FL / E,だいばくはつ
185,FL / E,いわなだれ
185,FL / E,みがわり
185,E,ばくれつパンチ
185,E,ころがる
185,E,じこあんじ
185,E,いびき
185,E,こらえる
185,E,どろかけ
185,E,れいとうパンチ
185,E,いばる
185,E,ねごと
185,E,まるくなる
185,E,かみなりパンチ
185,E,ほのおのパンチ
186,FL / E,メガトンパンチ
186,FL / E,メガトンキック
186,FL / E,のしかかり
186,FL / E,すてみタックル
186,FL / E,カウンター
186,FL / E,ちきゅうなげ
186,FL / E,ものまね
186,FL / E,ゆびをふる
186,FL / E,みがわり
186,E,ばくれつパンチ
186,E,いびき
186,E,こごえるかぜ
186,E,こらえる
186,E,どろかけ
186,E,いばる
186,E,ねごと
186,E,まるくなる
187,FL / E,つるぎのまい
187,FL / E,すてみタックル
187,FL / E,ものまね
187,FL / E,みがわり
187,E,いびき
187,E,こらえる
187,E,いばる
187,E,ねごと
187,E,まるくなる
188,FL / E,つるぎのまい
188,FL / E,すてみタックル
188,FL / E,ものまね
188,FL / E,みがわり
188,E,いびき
188,E,こらえる
188,E,いばる
188,E,ねごと
188,E,まるくなる
189,FL / E,つるぎのまい
189,FL / E,すてみタックル
189,FL / E,ものまね
189,FL / E,みがわり
189,E,いびき
189,E,こらえる
189,E,いばる
189,E,ねごと
189,E,まるくなる
190,FL / E,メガトンパンチ
190,FL / E,メガトンキック
190,FL / E,のしかかり
190,FL / E,すてみタックル
190,FL / E,カウンター
190,FL / E,ちきゅうなげ
190,FL / E,ものまね
190,FL / E,ゆびをふる
190,FL / E,ゆめくい
190,FL / E,でんじは
190,FL / E,みがわり
190,E,ばくれつパンチ
190,E,いびき
190,E,こらえる
190,E,どろかけ
190,E,れいとうパンチ
190,E,いばる
190,E,ねごと
190,E,スピードスター
190,E,まるくなる
190,E,かみなりパンチ
190,E,ほのおのパンチ
190,E,れんぞくぎり
191,FL / E,つるぎのまい
191,FL / E,すてみタックル
191,FL / E,ものまね
191,FL / E,みがわり
191,E,いびき
191,E,こらえる
191,E,いばる
191,E,ねごと
192,FL / E,つるぎのまい
192,FL / E,すてみタックル
192,FL / E,ものまね
192,FL / E,みがわり
192,E,いびき
192,E,こらえる
192,E,いばる
192,E,ねごと
193,FL / E,すてみタックル
193,FL / E,ものまね
193,FL / E,ゆめくい
193,FL / E,みがわり
193,E,いびき
193,E,こらえる
193,E,いばる
193,E,ねごと
193,E,スピードスター
194,FL / E,のしかかり
194,FL / E,すてみタックル
194,FL / E,ものまね
194,FL / E,みがわり
194,E,ばくれつパンチ
194,E,ころがる
194,E,いびき
194,E,こらえる
194,E,どろかけ
194,E,れいとうパンチ
194,E,いばる
194,E,ねごと
194,E,まるくなる
195,FL / E,メガトンパンチ
195,FL / E,メガトンキック
195,FL / E,のしかかり
195,FL / E,すてみタックル
195,FL / E,カウンター
195,FL / E,ちきゅうなげ
195,FL / E,ものまね
195,FL / E,みがわり
195,E,ばくれつパンチ
195,E,ころがる
195,E,いびき
195,E,こらえる
195,E,どろかけ
195,E,れいとうパンチ
195,E,いばる
195,E,ねごと
195,E,まるくなる
196,FL / E,のしかかり
196,FL / E,すてみタックル
196,FL / E,ものまね
196,FL / E,ゆめくい
196,FL / E,みがわり
196,E,じこあんじ
196,E,いびき
196,E,こらえる
196,E,どろかけ
196,E,いばる
196,E,ねごと
196,E,スピードスター
197,FL / E,のしかかり
197,FL / E,すてみタックル
197,FL / E,ものまね
197,FL / E,ゆめくい
197,FL / E,みがわり
197,E,じこあんじ
197,E,いびき
197,E,こらえる
197,E,どろかけ
197,E,いばる
197,E,ねごと
197,E,スピードスター
198,FL / E,すてみタックル
198,FL / E,ものまね
198,FL / E,ゆめくい
198,FL / E,でんじは
198,FL / E,みがわり
198,E,じこあんじ
198,E,いびき
198,E,こごえるかぜ
198,E,こらえる
198,E,どろかけ
198,E,いばる
198,E,ねごと
198,E,スピードスター
199,FL / E,メガトンパンチ
199,FL / E,メガトンキック
199,FL / E,のしかかり
199,FL / E,すてみタックル
199,FL / E,カウンター
199,FL / E,ちきゅうなげ
199,FL / E,ものまね
199,FL / E,ゆめくい
199,FL / E,でんじは
199,FL / E,みがわり
199,E,ばくれつパンチ
199,E,じこあんじ
199,E,いびき
199,E,こごえるかぜ
199,E,こらえる
199,E,どろかけ
199,E,れいとうパンチ
199,E,いばる
199,E,ねごと
199,E,スピードスター
199,E,れんぞくぎり
200,FL / E,すてみタックル
200,FL / E,ものまね
200,FL / E,ゆめくい
200,FL / E,でんじは
200,FL / E,みがわり
200,E,じこあんじ
200,E,いびき
200,E,こらえる
200,E,いばる
200,E,ねごと
200,E,スピードスター
200,E,まるくなる
203,FL / E,のしかかり
203,FL / E,すてみタックル
203,FL / E,ものまね
203,FL / E,ゆめくい
203,FL / E,でんじは
203,FL / E,みがわり
203,E,じこあんじ
203,E,いびき
203,E,こらえる
203,E,どろかけ
203,E,いばる
203,E,ねごと
203,E,スピードスター
204,FL / E,のしかかり
204,FL / E,すてみタックル
204,FL / E,カウンター
204,FL / E,ものまね
204,FL / E,だいばくはつ
204,FL / E,いわなだれ
204,FL / E,みがわり
204,E,ころがる
204,E,いびき
204,E,こらえる
204,E,いばる
204,E,ねごと
204,E,まるくなる
205,FL / E,のしかかり
205,FL / E,すてみタックル
205,FL / E,カウンター
205,FL / E,ものまね
205,FL / E,だいばくはつ
205,FL / E,いわなだれ
205,FL / E,みがわり
205,E,ころがる
205,E,いびき
205,E,こらえる
205,E,いばる
205,E,ねごと
205,E,まるくなる
206,FL / E,のしかかり
206,FL / E,すてみタックル
206,FL / E,カウンター
206,FL / E,ものまね
206,FL / E,ゆめくい
206,FL / E,でんじは
206,FL / E,いわなだれ
206,FL / E,みがわり
206,E,ころがる
206,E,じこあんじ
206,E,いびき
206,E,こらえる
206,E,どろかけ
206,E,いばる
206,E,ねごと
206,E,まるくなる
207,FL / E,つるぎのまい
207,FL / E,すてみタックル
207,FL / E,カウンター
207,FL / E,ものまね
207,FL / E,ゆめくい
207,FL / E,いわなだれ
207,FL / E,みがわり
207,E,いびき
207,E,こらえる
207,E,いばる
207,E,ねごと
207,E,スピードスター
207,E,れんぞくぎり
208,FL / E,のしかかり
208,FL / E,すてみタックル
208,FL / E,ものまね
208,FL / E,だいばくはつ
208,FL / E,いわなだれ
208,FL / E,みがわり
208,E,ころがる
208,E,いびき
208,E,こらえる
208,E,どろかけ
208,E,いばる
208,E,ねごと
208,E,まるくなる
209,FL / E,メガトンパンチ
209,FL / E,メガトンキック
209,FL / E,のしかかり
209,FL / E,すてみタックル
209,FL / E,カウンター
209,FL / E,ちきゅうなげ
209,FL / E,ものまね
209,FL / E,ゆびをふる
209,FL / E,でんじは
209,FL / E,みがわり
209,E,ばくれつパンチ
209,E,いびき
209,E,こらえる
209,E,どろかけ
209,E,れいとうパンチ
209,E,いばる
209,E,ねごと
209,E,まるくなる
209,E,かみなりパンチ
209,E,ほのおのパンチ
210,FL / E,メガトンパンチ
210,FL / E,メガトンキック
210,FL / E,のしかかり
210,FL / E,すてみタックル
210,FL / E,カウンター
210,FL / E,ちきゅうなげ
210,FL / E,ものまね
210,FL / E,ゆびをふる
210,FL / E,でんじは
210,FL / E,いわなだれ
210,FL / E,みがわり
210,E,ばくれつパンチ
210,E,いびき
210,E,こらえる
210,E,どろかけ
210,E,れいとうパンチ
210,E,いばる
210,E,ねごと
210,E,まるくなる
210,E,かみなりパンチ
210,E,ほのおのパンチ
211,FL / E,つるぎのまい
211,FL / E,すてみタックル
211,FL / E,ものまね
211,FL / E,でんじは
211,FL / E,みがわり
211,E,ころがる
211,E,いびき
211,E,こごえるかぜ
211,E,こらえる
211,E,いばる
211,E,ねごと
211,E,スピードスター
211,E,まるくなる
212,FL / E,つるぎのまい
212,FL / E,すてみタックル
212,FL / E,カウンター
212,FL / E,ものまね
212,FL / E,みがわり
212,E,いびき
212,E,こらえる
212,E,いばる
212,E,ねごと
212,E,スピードスター
212,E,れんぞくぎり
213,FL / E,のしかかり
213,FL / E,すてみタックル
213,FL / E,ものまね
213,FL / E,いわなだれ
213,FL / E,みがわり
213,E,ころがる
213,E,いびき
213,E,こらえる
213,E,どろかけ
213,E,いばる
213,E,ねごと
213,E,まるくなる
214,FL / E,つるぎのまい
214,FL / E,のしかかり
214,FL / E,すてみタックル
214,FL / E,カウンター
214,FL / E,ちきゅうなげ
214,FL / E,ものまね
214,FL / E,いわなだれ
214,FL / E,みがわり
214,E,いびき
214,E,こらえる
214,E,いばる
214,E,ねごと
214,E,れんぞくぎり
215,FL / E,つるぎのまい
215,FL / E,すてみタックル
215,FL / E,カウンター
215,FL / E,ものまね
215,FL / E,ゆめくい
215,FL / E,みがわり
215,E,ばくれつパンチ
215,E,じこあんじ
215,E,いびき
215,E,こごえるかぜ
215,E,こらえる
215,E,どろかけ
215,E,れいとうパンチ
215,E,いばる
215,E,ねごと
215,E,スピードスター
215,E,まるくなる
215,E,れんぞくぎり
216,FL / E,メガトンパンチ
216,FL / E,つるぎのまい
216,FL / E,メガトンキック
216,FL / E,のしかかり
216,FL / E,すてみタックル
216,FL / E,カウンター
216,FL / E,ちきゅうなげ
216,FL / E,ものまね
216,FL / E,ゆびをふる
216,FL / E,みがわり
216,E,ばくれつパンチ
216,E,ころがる
216,E,いびき
216,E,こらえる
216,E,どろかけ
216,E,れいとうパンチ
216,E,いばる
216,E,ねごと
216,E,スピードスター
216,E,まるくなる
216,E,かみなりパンチ
216,E,ほのおのパンチ
216,E,れんぞくぎり
217,FL / E,メガトンパンチ
217,FL / E,つるぎのまい
217,FL / E,メガトンキック
217,FL / E,のしかかり
217,FL / E,すてみタックル
217,FL / E,カウンター
217,FL / E,ちきゅうなげ
217,FL / E,ものまね
217,FL / E,ゆびをふる
217,FL / E,いわなだれ
217,FL / E,みがわり
217,E,ばくれつパンチ
217,E,ころがる
217,E,いびき
217,E,こらえる
217,E,どろかけ
217,E,れいとうパンチ
217,E,いばる
217,E,ねごと
217,E,スピードスター
217,E,まるくなる
217,E,かみなりパンチ
217,E,ほのおのパンチ
217,E,れんぞくぎり
218,FL / E,のしかかり
218,FL / E,すてみタックル
218,FL / E,ものまね
218,FL / E,いわなだれ
218,FL / E,みがわり
218,E,ころがる
218,E,いびき
218,E,こらえる
218,E,どろかけ
218,E,いばる
218,E,ねごと
218,E,まるくなる
219,FL / E,のしかかり
219,FL / E,すてみタックル
219,FL / E,ものまね
219,FL / E,いわなだれ
219,FL / E,みがわり
219,E,ころがる
219,E,いびき
219,E,こらえる
219,E,どろかけ
219,E,いばる
219,E,ねごと
219,E,まるくなる
220,FL / E,のしかかり
220,FL / E,すてみタックル
220,FL / E,ものまね
220,FL / E,いわなだれ
220,FL / E,みがわり
220,E,いびき
220,E,こごえるかぜ
220,E,こらえる
220,E,どろかけ
220,E,いばる
220,E,ねごと
220,E,まるくなる
221,FL / E,のしかかり
221,FL / E,すてみタックル
221,FL / E,ものまね
221,FL / E,いわなだれ
221,FL / E,みがわり
221,E,いびき
221,E,こごえるかぜ
221,E,こらえる
221,E,どろかけ
221,E,いばる
221,E,ねごと
221,E,まるくなる
222,FL / E,のしかかり
222,FL / E,すてみタックル
222,FL / E,ものまね
222,FL / E,だいばくはつ
222,FL / E,いわなだれ
222,FL / E,みがわり
222,E,ころがる
222,E,いびき
222,E,こらえる
222,E,どろかけ
222,E,いばる
222,E,ねごと
222,E,まるくなる
223,FL / E,すてみタックル
223,FL / E,ものまね
223,FL / E,でんじは
223,FL / E,みがわり
223,E,いびき
223,E,こらえる
223,E,どろかけ
223,E,いばる
223,E,ねごと
223,E,スピードスター
223,E,まるくなる
224,FL / E,すてみタックル
224,FL / E,ちきゅうなげ
224,FL / E,ものまね
224,FL / E,でんじは
224,FL / E,みがわり
224,E,いびき
224,E,こらえる
224,E,どろかけ
224,E,いばる
224,E,ねごと
224,E,スピードスター
224,E,まるくなる
225,FL / E,メガトンパンチ
225,FL / E,メガトンキック
225,FL / E,のしかかり
225,FL / E,すてみタックル
225,FL / E,カウンター
225,FL / E,ちきゅうなげ
225,FL / E,ものまね
225,FL / E,みがわり
225,E,いびき
225,E,こごえるかぜ
225,E,こらえる
225,E,どろかけ
225,E,いばる
225,E,ねごと
225,E,スピードスター
226,FL / E,のしかかり
226,FL / E,すてみタックル
226,FL / E,ものまね
226,FL / E,みがわり
226,E,いびき
226,E,こごえるかぜ
226,E,こらえる
226,E,どろかけ
226,E,いばる
226,E,ねごと
226,E,スピードスター
227,FL / E,すてみタックル
227,FL / E,カウンター
227,FL / E,ものまね
227,FL / E,いわなだれ
227,FL / E,みがわり
227,E,いびき
227,E,こらえる
227,E,どろかけ
227,E,いばる
227,E,ねごと
227,E,スピードスター
228,FL / E,のしかかり
228,FL / E,すてみタックル
228,FL / E,カウンター
228,FL / E,ものまね
228,FL / E,ゆめくい
228,FL / E,みがわり
228,E,いびき
228,E,こらえる
228,E,どろかけ
228,E,いばる
228,E,ねごと
228,E,スピードスター
229,FL / E,のしかかり
229,FL / E,すてみタックル
229,FL / E,カウンター
229,FL / E,ものまね
229,FL / E,ゆめくい
229,FL / E,みがわり
229,E,いびき
229,E,こらえる
229,E,どろかけ
229,E,いばる
229,E,ねごと
229,E,スピードスター
230,FL / E,のしかかり
230,FL / E,すてみタックル
230,FL / E,ものまね
230,FL / E,みがわり
230,E,いびき
230,E,こごえるかぜ
230,E,こらえる
230,E,いばる
230,E,ねごと
230,E,スピードスター
231,FL / E,のしかかり
231,FL / E,すてみタックル
231,FL / E,カウンター
231,FL / E,ものまね
231,FL / E,みがわり
231,E,ころがる
231,E,いびき
231,E,こらえる
231,E,どろかけ
231,E,いばる
231,E,ねごと
231,E,まるくなる
232,FL / E,のしかかり
232,FL / E,すてみタックル
232,FL / E,カウンター
232,FL / E,ものまね
232,FL / E,いわなだれ
232,FL / E,みがわり
232,E,ころがる
232,E,いびき
232,E,こらえる
232,E,どろかけ
232,E,いばる
232,E,ねごと
232,E,まるくなる
233,FL / E,すてみタックル
233,FL / E,ものまね
233,FL / E,ゆめくい
233,FL / E,でんじは
233,FL / E,みがわり
233,E,じこあんじ
233,E,いびき
233,E,こごえるかぜ
233,E,こらえる
233,E,いばる
233,E,ねごと
233,E,スピードスター
233,E,まるくなる
234,FL / E,のしかかり
234,FL / E,すてみタックル
234,FL / E,ものまね
234,FL / E,ゆめくい
234,FL / E,でんじは
234,FL / E,みがわり
234,E,じこあんじ
234,E,いびき
234,E,こらえる
234,E,どろかけ
234,E,いばる
234,E,ねごと
234,E,スピードスター
236,FL / E,メガトンキック
236,FL / E,のしかかり
236,FL / E,すてみタックル
236,FL / E,カウンター
236,FL / E,ちきゅうなげ
236,FL / E,ものまね
236,FL / E,いわなだれ
236,FL / E,みがわり
236,E,いびき
236,E,こらえる
236,E,どろかけ
236,E,いばる
236,E,ねごと
236,E,スピードスター
237,FL / E,メガトンキック
237,FL / E,のしかかり
237,FL / E,すてみタックル
237,FL / E,カウンター
237,FL / E,ちきゅうなげ
237,FL / E,ものまね
237,FL / E,いわなだれ
237,FL / E,みがわり
237,E,いびき
237,E,こらえる
237,E,どろかけ
237,E,いばる
237,E,ねごと
237,E,スピードスター
238,FL / E,メガトンパンチ
238,FL / E,メガトンキック
238,FL / E,のしかかり
238,FL / E,すてみタックル
238,FL / E,カウンター
238,FL / E,ちきゅうなげ
238,FL / E,ものまね
238,FL / E,ゆびをふる
238,FL / E,ゆめくい
238,FL / E,みがわり
238,E,ばくれつパンチ
238,E,じこあんじ
238,E,いびき
238,E,こごえるかぜ
238,E,こらえる
238,E,どろかけ
238,E,れいとうパンチ
238,E,いばる
238,E,ねごと
239,FL / E,メガトンパンチ
239,FL / E,メガトンキック
239,FL / E,のしかかり
239,FL / E,すてみタックル
239,FL / E,カウンター
239,FL / E,ちきゅうなげ
239,FL / E,ものまね
239,FL / E,でんじは
239,FL / E,みがわり
239,E,ばくれつパンチ
239,E,いびき
239,E,こらえる
239,E,どろかけ
239,E,れいとうパンチ
239,E,いばる
239,E,ねごと
239,E,スピードスター
239,E,かみなりパンチ
239,E,ほのおのパンチ
240,FL / E,メガトンパンチ
240,FL / E,メガトンキック
240,FL / E,のしかかり
240,FL / E,すてみタックル
240,FL / E,カウンター
240,FL / E,ちきゅうなげ
240,FL / E,ものまね
240,FL / E,みがわり
240,E,ばくれつパンチ
240,E,いびき
240,E,こらえる
240,E,どろかけ
240,E,いばる
240,E,ねごと
240,E,かみなりパンチ
240,E,ほのおのパンチ
241,FL / E,メガトンパンチ
241,FL / E,メガトンキック
241,FL / E,のしかかり
241,FL / E,すてみタックル
241,FL / E,カウンター
241,FL / E,ちきゅうなげ
241,FL / E,ものまね
241,FL / E,ゆびをふる
241,FL / E,でんじは
241,FL / E,いわなだれ
241,FL / E,みがわり
241,E,ばくれつパンチ
241,E,ころがる
241,E,じこあんじ
241,E,いびき
241,E,こごえるかぜ
241,E,こらえる
241,E,どろかけ
241,E,れいとうパンチ
241,E,いばる
241,E,ねごと
241,E,まるくなる
241,E,かみなりパンチ
241,E,ほのおのパンチ
242,FL / E,メガトンパンチ
242,FL / E,メガトンキック
242,FL / E,のしかかり
242,FL / E,すてみタックル
242,FL / E,カウンター
242,FL / E,ちきゅうなげ
242,FL / E,ものまね
242,FL / E,ゆびをふる
242,FL / E,タマゴうみ
242,FL / E,ゆめくい
242,FL / E,でんじは
242,FL / E,みがわり
242,E,ばくれつパンチ
242,E,ころがる
242,E,いびき
242,E,こごえるかぜ
242,E,こらえる
242,E,どろかけ
242,E,いばる
242,E,ねごと
242,E,まるくなる
243,FL / E,のしかかり
243,FL / E,すてみタックル
243,FL / E,ものまね
243,FL / E,でんじは
243,FL / E,みがわり
243,E,じこあんじ
243,E,いびき
243,E,こらえる
243,E,どろかけ
243,E,いばる
243,E,ねごと
243,E,スピードスター
244,FL / E,のしかかり
244,FL / E,すてみタックル
244,FL / E,ものまね
244,FL / E,みがわり
244,E,じこあんじ
244,E,いびき
244,E,こらえる
244,E,どろかけ
244,E,いばる
244,E,ねごと
244,E,スピードスター
245,FL / E,のしかかり
245,FL / E,すてみタックル
245,FL / E,ものまね
245,FL / E,みがわり
245,E,じこあんじ
245,E,いびき
245,E,こごえるかぜ
245,E,こらえる
245,E,どろかけ
245,E,いばる
245,E,ねごと
245,E,スピードスター
246,FL / E,のしかかり
246,FL / E,すてみタックル
246,FL / E,ものまね
246,FL / E,いわなだれ
246,FL / E,みがわり
246,E,いびき
246,E,こらえる
246,E,どろかけ
246,E,いばる
246,E,ねごと
247,FL / E,のしかかり
247,FL / E,すてみタックル
247,FL / E,ものまね
247,FL / E,いわなだれ
247,FL / E,みがわり
247,E,いびき
247,E,こらえる
247,E,どろかけ
247,E,いばる
247,E,ねごと
248,FL / E,メガトンパンチ
248,FL / E,メガトンキック
248,FL / E,のしかかり
248,FL / E,すてみタックル
248,FL / E,カウンター
248,FL / E,ちきゅうなげ
248,FL / E,ものまね
248,FL / E,でんじは
248,FL / E,いわなだれ
248,FL / E,みがわり
248,E,ばくれつパンチ
248,E,いびき
248,E,こらえる
248,E,どろかけ
248,E,いばる
248,E,ねごと
248,E,ほのおのパンチ
248,E,れんぞくぎり
249,FL / E,のしかかり
249,FL / E,すてみタックル
249,FL / E,ものまね
249,FL / E,ゆめくい
249,FL / E,でんじは
249,FL / E,みがわり
249,E,じこあんじ
249,E,いびき
249,E,こごえるかぜ
249,E,こらえる
249,E,どろかけ
249,E,いばる
249,E,ねごと
249,E,スピードスター
250,FL / E,すてみタックル
250,FL / E,ものまね
250,FL / E,ゆめくい
250,FL / E,でんじは
250,FL / E,みがわり
250,E,じこあんじ
250,E,いびき
250,E,こらえる
250,E,どろかけ
250,E,いばる
250,E,ねごと
250,E,スピードスター
251,FL / E,つるぎのまい
251,FL / E,すてみタックル
251,FL / E,ものまね
251,FL / E,ゆびをふる
251,FL / E,ゆめくい
251,FL / E,みがわり
251,E,じこあんじ
251,E,いびき
251,E,こらえる
251,E,どろかけ
251,E,いばる
251,E,ねごと
251,E,スピードスター
251,E,まるくなる
252,FL / E,メガトンパンチ
252,FL / E,つるぎのまい
252,FL / E,メガトンキック
252,FL / E,のしかかり
252,FL / E,すてみタックル
252,FL / E,カウンター
252,FL / E,ちきゅうなげ
252,FL / E,ものまね
252,FL / E,みがわり
252,E,ばくれつパンチ
252,E,いびき
252,E,こらえる
252,E,どろかけ
252,E,いばる
252,E,ねごと
252,E,スピードスター
252,E,かみなりパンチ
252,E,れんぞくぎり
253,FL / E,メガトンパンチ
253,FL / E,つるぎのまい
253,FL / E,メガトンキック
253,FL / E,のしかかり
253,FL / E,すてみタックル
253,FL / E,カウンター
253,FL / E,ちきゅうなげ
253,FL / E,ものまね
253,FL / E,みがわり
253,E,ばくれつパンチ
253,E,いびき
253,E,こらえる
253,E,どろかけ
253,E,いばる
253,E,ねごと
253,E,スピードスター
253,E,かみなりパンチ
253,E,れんぞくぎり
254,FL / E,メガトンパンチ
254,FL / E,つるぎのまい
254,FL / E,メガトンキック
254,FL / E,のしかかり
254,FL / E,すてみタックル
254,FL / E,カウンター
254,FL / E,ちきゅうなげ
254,FL / E,ものまね
254,FL / E,みがわり
254,E,ばくれつパンチ
254,E,いびき
254,E,こらえる
254,E,どろかけ
254,E,いばる
254,E,ねごと
254,E,スピードスター
254,E,かみなりパンチ
254,E,れんぞくぎり
255,FL / E,メガトンパンチ
255,FL / E,つるぎのまい
255,FL / E,メガトンキック
255,FL / E,のしかかり
255,FL / E,すてみタックル
255,FL / E,カウンター
255,FL / E,ちきゅうなげ
255,FL / E,ものまね
255,FL / E,いわなだれ
255,FL / E,みがわり
255,E,いびき
255,E,こらえる
255,E,どろかけ
255,E,いばる
255,E,ねごと
255,E,スピードスター
256,FL / E,メガトンパンチ
256,FL / E,つるぎのまい
256,FL / E,メガトンキック
256,FL / E,のしかかり
256,FL / E,すてみタックル
256,FL / E,カウンター
256,FL / E,ちきゅうなげ
256,FL / E,ものまね
256,FL / E,いわなだれ
256,FL / E,みがわり
256,E,ばくれつパンチ
256,E,いびき
256,E,こらえる
256,E,どろかけ
256,E,いばる
256,E,ねごと
256,E,スピードスター
256,E,かみなりパンチ
256,E,ほのおのパンチ
256,E,れんぞくぎり
257,FL / E,メガトンパンチ
257,FL / E,つるぎのまい
257,FL / E,メガトンキック
257,FL / E,のしかかり
257,FL / E,すてみタックル
257,FL / E,カウンター
257,FL / E,ちきゅうなげ
257,FL / E,ものまね
257,FL / E,いわなだれ
257,FL / E,みがわり
257,E,ばくれつパンチ
257,E,いびき
257,E,こらえる
257,E,どろかけ
257,E,いばる
257,E,ねごと
257,E,スピードスター
257,E,かみなりパンチ
257,E,ほのおのパンチ
257,E,れんぞくぎり
258,FL / E,のしかかり
258,FL / E,すてみタックル
258,FL / E,ものまね
258,FL / E,みがわり
258,E,ころがる
258,E,いびき
258,E,こごえるかぜ
258,E,こらえる
258,E,どろかけ
258,E,いばる
258,E,ねごと
258,E,まるくなる
259,FL / E,メガトンパンチ
259,FL / E,メガトンキック
259,FL / E,のしかかり
259,FL / E,すてみタックル
259,FL / E,カウンター
259,FL / E,ちきゅうなげ
259,FL / E,ものまね
259,FL / E,いわなだれ
259,FL / E,みがわり
259,E,ばくれつパンチ
259,E,ころがる
259,E,いびき
259,E,こごえるかぜ
259,E,こらえる
259,E,どろかけ
259,E,れいとうパンチ
259,E,いばる
259,E,ねごと
259,E,まるくなる
260,FL / E,メガトンパンチ
260,FL / E,メガトンキック
260,FL / E,のしかかり
260,FL / E,すてみタックル
260,FL / E,カウンター
260,FL / E,ちきゅうなげ
260,FL / E,ものまね
260,FL / E,いわなだれ
260,FL / E,みがわり
260,E,ばくれつパンチ
260,E,ころがる
260,E,いびき
260,E,こごえるかぜ
260,E,こらえる
260,E,どろかけ
260,E,れいとうパンチ
260,E,いばる
260,E,ねごと
260,E,まるくなる
261,FL / E,のしかかり
261,FL / E,すてみタックル
261,FL / E,カウンター
261,FL / E,ものまね
261,FL / E,みがわり
261,E,じこあんじ
261,E,いびき
261,E,こらえる
261,E,どろかけ
261,E,いばる
261,E,ねごと
262,FL / E,のしかかり
262,FL / E,すてみタックル
262,FL / E,カウンター
262,FL / E,ものまね
262,FL / E,みがわり
262,E,じこあんじ
262,E,いびき
262,E,こらえる
262,E,どろかけ
262,E,いばる
262,E,ねごと
263,FL / E,のしかかり
263,FL / E,すてみタックル
263,FL / E,ものまね
263,FL / E,でんじは
263,FL / E,みがわり
263,E,ころがる
263,E,いびき
263,E,こごえるかぜ
263,E,こらえる
263,E,どろかけ
263,E,いばる
263,E,ねごと
263,E,スピードスター
263,E,まるくなる
263,E,れんぞくぎり
264,FL / E,のしかかり
264,FL / E,すてみタックル
264,FL / E,ものまね
264,FL / E,でんじは
264,FL / E,みがわり
264,E,ころがる
264,E,いびき
264,E,こごえるかぜ
264,E,こらえる
264,E,どろかけ
264,E,いばる
264,E,ねごと
264,E,スピードスター
264,E,まるくなる
264,E,れんぞくぎり
267,FL / E,すてみタックル
267,FL / E,ものまね
267,FL / E,みがわり
267,E,いびき
267,E,こらえる
267,E,いばる
267,E,ねごと
267,E,スピードスター
269,FL / E,すてみタックル
269,FL / E,ものまね
269,FL / E,みがわり
269,E,いびき
269,E,こらえる
269,E,いばる
269,E,ねごと
269,E,スピードスター
270,FL / E,つるぎのまい
270,FL / E,のしかかり
270,FL / E,すてみタックル
270,FL / E,ものまね
270,FL / E,みがわり
270,E,いびき
270,E,こごえるかぜ
270,E,こらえる
270,E,いばる
270,E,ねごと
271,FL / E,つるぎのまい
271,FL / E,のしかかり
271,FL / E,すてみタックル
271,FL / E,ものまね
271,FL / E,みがわり
271,E,ばくれつパンチ
271,E,いびき
271,E,こごえるかぜ
271,E,こらえる
271,E,どろかけ
271,E,れいとうパンチ
271,E,いばる
271,E,ねごと
271,E,かみなりパンチ
271,E,ほのおのパンチ
272,FL / E,メガトンパンチ
272,FL / E,つるぎのまい
272,FL / E,メガトンキック
272,FL / E,のしかかり
272,FL / E,すてみタックル
272,FL / E,カウンター
272,FL / E,ちきゅうなげ
272,FL / E,ものまね
272,FL / E,ゆびをふる
272,FL / E,みがわり
272,E,ばくれつパンチ
272,E,いびき
272,E,こごえるかぜ
272,E,こらえる
272,E,どろかけ
272,E,れいとうパンチ
272,E,いばる
272,E,ねごと
272,E,かみなりパンチ
272,E,ほのおのパンチ
273,FL / E,つるぎのまい
273,FL / E,のしかかり
273,FL / E,すてみタックル
273,FL / E,ものまね
273,FL / E,だいばくはつ
273,FL / E,みがわり
273,E,ころがる
273,E,いびき
273,E,こらえる
273,E,いばる
273,E,ねごと
273,E,まるくなる
274,FL / E,つるぎのまい
274,FL / E,メガトンキック
274,FL / E,のしかかり
274,FL / E,すてみタックル
274,FL / E,ものまね
274,FL / E,だいばくはつ
274,FL / E,みがわり
274,E,ころがる
274,E,じこあんじ
274,E,いびき
274,E,こらえる
274,E,どろかけ
274,E,いばる
274,E,ねごと
274,E,スピードスター
274,E,まるくなる
274,E,れんぞくぎり
275,FL / E,つるぎのまい
275,FL / E,メガトンキック
275,FL / E,のしかかり
275,FL / E,すてみタックル
275,FL / E,ものまね
275,FL / E,だいばくはつ
275,FL / E,みがわり
275,E,ころがる
275,E,じこあんじ
275,E,いびき
275,E,こらえる
275,E,どろかけ
275,E,いばる
275,E,ねごと
275,E,スピードスター
275,E,まるくなる
275,E,れんぞくぎり
276,FL / E,すてみタックル
276,FL / E,カウンター
276,FL / E,ものまね
276,FL / E,みがわり
276,E,いびき
276,E,こらえる
276,E,どろかけ
276,E,いばる
276,E,ねごと
276,E,スピードスター
277,FL / E,すてみタックル
277,FL / E,カウンター
277,FL / E,ものまね
277,FL / E,みがわり
277,E,いびき
277,E,こらえる
277,E,どろかけ
277,E,いばる
277,E,ねごと
277,E,スピードスター
278,FL / E,すてみタックル
278,FL / E,ものまね
278,FL / E,みがわり
278,E,いびき
278,E,こごえるかぜ
278,E,こらえる
278,E,どろかけ
278,E,いばる
278,E,ねごと
278,E,スピードスター
279,FL / E,すてみタックル
279,FL / E,ものまね
279,FL / E,みがわり
279,E,いびき
279,E,こごえるかぜ
279,E,こらえる
279,E,どろかけ
279,E,いばる
279,E,ねごと
279,E,スピードスター
280,FL / E,のしかかり
280,FL / E,すてみタックル
280,FL / E,ものまね
280,FL / E,ゆめくい
280,FL / E,でんじは
280,FL / E,みがわり
280,E,じこあんじ
280,E,いびき
280,E,こごえるかぜ
280,E,こらえる
280,E,どろかけ
280,E,れいとうパンチ
280,E,いばる
280,E,ねごと
280,E,まるくなる
280,E,かみなりパンチ
280,E,ほのおのパンチ
281,FL / E,のしかかり
281,FL / E,すてみタックル
281,FL / E,ものまね
281,FL / E,ゆめくい
281,FL / E,でんじは
281,FL / E,みがわり
281,E,じこあんじ
281,E,いびき
281,E,こごえるかぜ
281,E,こらえる
281,E,どろかけ
281,E,れいとうパンチ
281,E,いばる
281,E,ねごと
281,E,まるくなる
281,E,かみなりパンチ
281,E,ほのおのパンチ
282,FL / E,のしかかり
282,FL / E,すてみタックル
282,FL / E,ものまね
282,FL / E,ゆめくい
282,FL / E,でんじは
282,FL / E,みがわり
282,E,じこあんじ
282,E,いびき
282,E,こごえるかぜ
282,E,こらえる
282,E,どろかけ
282,E,れいとうパンチ
282,E,いばる
282,E,ねごと
282,E,まるくなる
282,E,かみなりパンチ
282,E,ほのおのパンチ
283,FL / E,すてみタックル
283,FL / E,ものまね
283,FL / E,みがわり
283,E,じこあんじ
283,E,いびき
283,E,こごえるかぜ
283,E,こらえる
283,E,いばる
283,E,ねごと
283,E,スピードスター
284,FL / E,すてみタックル
284,FL / E,ものまね
284,FL / E,みがわり
284,E,じこあんじ
284,E,いびき
284,E,こごえるかぜ
284,E,こらえる
284,E,いばる
284,E,ねごと
284,E,スピードスター
285,FL / E,つるぎのまい
285,FL / E,のしかかり
285,FL / E,すてみタックル
285,FL / E,ものまね
285,FL / E,みがわり
285,E,いびき
285,E,こらえる
285,E,いばる
285,E,ねごと
286,FL / E,メガトンパンチ
286,FL / E,つるぎのまい
286,FL / E,メガトンキック
286,FL / E,のしかかり
286,FL / E,すてみタックル
286,FL / E,カウンター
286,FL / E,ちきゅうなげ
286,FL / E,ものまね
286,FL / E,みがわり
286,E,ばくれつパンチ
286,E,いびき
286,E,こらえる
286,E,どろかけ
286,E,いばる
286,E,ねごと
286,E,かみなりパンチ
286,E,れんぞくぎり
287,FL / E,メガトンパンチ
287,FL / E,メガトンキック
287,FL / E,のしかかり
287,FL / E,すてみタックル
287,FL / E,カウンター
287,FL / E,ちきゅうなげ
287,FL / E,ものまね
287,FL / E,いわなだれ
287,FL / E,みがわり
287,E,ばくれつパンチ
287,E,いびき
287,E,こごえるかぜ
287,E,こらえる
287,E,どろかけ
287,E,れいとうパンチ
287,E,いばる
287,E,ねごと
287,E,かみなりパンチ
287,E,ほのおのパンチ
287,E,れんぞくぎり
288,FL / E,メガトンパンチ
288,FL / E,メガトンキック
288,FL / E,のしかかり
288,FL / E,すてみタックル
288,FL / E,カウンター
288,FL / E,ちきゅうなげ
288,FL / E,ものまね
288,FL / E,いわなだれ
288,FL / E,みがわり
288,E,ばくれつパンチ
288,E,いびき
288,E,こごえるかぜ
288,E,こらえる
288,E,どろかけ
288,E,れいとうパンチ
288,E,いばる
288,E,ねごと
288,E,かみなりパンチ
288,E,ほのおのパンチ
288,E,れんぞくぎり
289,FL / E,メガトンパンチ
289,FL / E,メガトンキック
289,FL / E,のしかかり
289,FL / E,すてみタックル
289,FL / E,カウンター
289,FL / E,ちきゅうなげ
289,FL / E,ものまね
289,FL / E,いわなだれ
289,FL / E,みがわり
289,E,ばくれつパンチ
289,E,いびき
289,E,こごえるかぜ
289,E,こらえる
289,E,どろかけ
289,E,れいとうパンチ
289,E,いばる
289,E,ねごと
289,E,かみなりパンチ
289,E,ほのおのパンチ
289,E,れんぞくぎり
290,FL / E,すてみタックル
290,FL / E,ものまね
290,FL / E,みがわり
290,E,いびき
290,E,こらえる
290,E,どろかけ
290,E,いばる
290,E,ねごと
290,E,れんぞくぎり
291,FL / E,つるぎのまい
291,FL / E,すてみタックル
291,FL / E,ものまね
291,FL / E,みがわり
291,E,いびき
291,E,こらえる
291,E,どろかけ
291,E,いばる
291,E,ねごと
291,E,スピードスター
291,E,れんぞくぎり
292,FL / E,すてみタックル
292,FL / E,ものまね
292,FL / E,ゆめくい
292,FL / E,みがわり
292,E,いびき
292,E,こらえる
292,E,どろかけ
292,E,いばる
292,E,ねごと
292,E,れんぞくぎり
293,FL / E,メガトンパンチ
293,FL / E,メガトンキック
293,FL / E,のしかかり
293,FL / E,すてみタックル
293,FL / E,カウンター
293,FL / E,ちきゅうなげ
293,FL / E,ものまね
293,FL / E,みがわり
293,E,ばくれつパンチ
293,E,ころがる
293,E,じこあんじ
293,E,いびき
293,E,こごえるかぜ
293,E,こらえる
293,E,どろかけ
293,E,れいとうパンチ
293,E,いばる
293,E,ねごと
293,E,まるくなる
293,E,かみなりパンチ
293,E,ほのおのパンチ
294,FL / E,メガトンパンチ
294,FL / E,メガトンキック
294,FL / E,のしかかり
294,FL / E,すてみタックル
294,FL / E,カウンター
294,FL / E,ちきゅうなげ
294,FL / E,ものまね
294,FL / E,いわなだれ
294,FL / E,みがわり
294,E,ばくれつパンチ
294,E,ころがる
294,E,じこあんじ
294,E,いびき
294,E,こごえるかぜ
294,E,こらえる
294,E,どろかけ
294,E,れいとうパンチ
294,E,いばる
294,E,ねごと
294,E,まるくなる
294,E,かみなりパンチ
294,E,ほのおのパンチ
295,FL / E,メガトンパンチ
295,FL / E,メガトンキック
295,FL / E,のしかかり
295,FL / E,すてみタックル
295,FL / E,カウンター
295,FL / E,ちきゅうなげ
295,FL / E,ものまね
295,FL / E,いわなだれ
295,FL / E,みがわり
295,E,ばくれつパンチ
295,E,ころがる
295,E,じこあんじ
295,E,いびき
295,E,こごえるかぜ
295,E,こらえる
295,E,どろかけ
295,E,れいとうパンチ
295,E,いばる
295,E,ねごと
295,E,まるくなる
295,E,かみなりパンチ
295,E,ほのおのパンチ
296,FL / E,メガトンパンチ
296,FL / E,メガトンキック
296,FL / E,のしかかり
296,FL / E,すてみタックル
296,FL / E,カウンター
296,FL / E,ちきゅうなげ
296,FL / E,ものまね
296,FL / E,ゆびをふる
296,FL / E,いわなだれ
296,FL / E,みがわり
296,E,ばくれつパンチ
296,E,いびき
296,E,こらえる
296,E,どろかけ
296,E,れいとうパンチ
296,E,いばる
296,E,ねごと
296,E,かみなりパンチ
296,E,ほのおのパンチ
297,FL / E,メガトンパンチ
297,FL / E,メガトンキック
297,FL / E,のしかかり
297,FL / E,すてみタックル
297,FL / E,カウンター
297,FL / E,ちきゅうなげ
297,FL / E,ものまね
297,FL / E,ゆびをふる
297,FL / E,いわなだれ
297,FL / E,みがわり
297,E,ばくれつパンチ
297,E,いびき
297,E,こらえる
297,E,どろかけ
297,E,れいとうパンチ
297,E,いばる
297,E,ねごと
297,E,かみなりパンチ
297,E,ほのおのパンチ
298,FL / E,のしかかり
298,FL / E,すてみタックル
298,FL / E,ものまね
298,FL / E,みがわり
298,E,ころがる
298,E,いびき
298,E,こごえるかぜ
298,E,こらえる
298,E,どろかけ
298,E,いばる
298,E,ねごと
298,E,スピードスター
298,E,まるくなる
299,FL / E,のしかかり
299,FL / E,すてみタックル
299,FL / E,ものまね
299,FL / E,でんじは
299,FL / E,だいばくはつ
299,FL / E,いわなだれ
299,FL / E,みがわり
299,E,ばくれつパンチ
299,E,ころがる
299,E,いびき
299,E,こらえる
299,E,どろかけ
299,E,れいとうパンチ
299,E,いばる
299,E,ねごと
299,E,まるくなる
299,E,かみなりパンチ
299,E,ほのおのパンチ
300,FL / E,のしかかり
300,FL / E,すてみタックル
300,FL / E,ものまね
300,FL / E,ゆめくい
300,FL / E,でんじは
300,FL / E,みがわり
300,E,ころがる
300,E,じこあんじ
300,E,いびき
300,E,こごえるかぜ
300,E,こらえる
300,E,どろかけ
300,E,いばる
300,E,ねごと
300,E,スピードスター
300,E,まるくなる
301,FL / E,のしかかり
301,FL / E,すてみタックル
301,FL / E,ものまね
301,FL / E,ゆめくい
301,FL / E,でんじは
301,FL / E,みがわり
301,E,ころがる
301,E,じこあんじ
301,E,いびき
301,E,こごえるかぜ
301,E,こらえる
301,E,どろかけ
301,E,いばる
301,E,ねごと
301,E,スピードスター
301,E,まるくなる
302,FL / E,メガトンパンチ
302,FL / E,メガトンキック
302,FL / E,のしかかり
302,FL / E,すてみタックル
302,FL / E,カウンター
302,FL / E,ちきゅうなげ
302,FL / E,ものまね
302,FL / E,ゆびをふる
302,FL / E,ゆめくい
302,FL / E,みがわり
302,E,ばくれつパンチ
302,E,じこあんじ
302,E,いびき
302,E,こらえる
302,E,どろかけ
302,E,れいとうパンチ
302,E,いばる
302,E,ねごと
302,E,かみなりパンチ
302,E,ほのおのパンチ
302,E,れんぞくぎり
303,FL / E,メガトンパンチ
303,FL / E,つるぎのまい
303,FL / E,メガトンキック
303,FL / E,のしかかり
303,FL / E,すてみタックル
303,FL / E,カウンター
303,FL / E,ちきゅうなげ
303,FL / E,ものまね
303,FL / E,いわなだれ
303,FL / E,みがわり
303,E,ばくれつパンチ
303,E,じこあんじ
303,E,いびき
303,E,こごえるかぜ
303,E,こらえる
303,E,どろかけ
303,E,れいとうパンチ
303,E,いばる
303,E,ねごと
303,E,かみなりパンチ
304,FL / E,のしかかり
304,FL / E,すてみタックル
304,FL / E,ものまね
304,FL / E,いわなだれ
304,FL / E,みがわり
304,E,ころがる
304,E,いびき
304,E,こらえる
304,E,どろかけ
304,E,いばる
304,E,ねごと
304,E,まるくなる
304,E,れんぞくぎり
305,FL / E,のしかかり
305,FL / E,すてみタックル
305,FL / E,ものまね
305,FL / E,いわなだれ
305,FL / E,みがわり
305,E,ころがる
305,E,いびき
305,E,こらえる
305,E,どろかけ
305,E,いばる
305,E,ねごと
305,E,まるくなる
305,E,れんぞくぎり
306,FL / E,メガトンパンチ
306,FL / E,メガトンキック
306,FL / E,のしかかり
306,FL / E,すてみタックル
306,FL / E,カウンター
306,FL / E,ちきゅうなげ
306,FL / E,ものまね
306,FL / E,でんじは
306,FL / E,いわなだれ
306,FL / E,みがわり
306,E,ばくれつパンチ
306,E,ころがる
306,E,いびき
306,E,こごえるかぜ
306,E,こらえる
306,E,どろかけ
306,E,れいとうパンチ
306,E,いばる
306,E,ねごと
306,E,まるくなる
306,E,かみなりパンチ
306,E,ほのおのパンチ
306,E,れんぞくぎり
307,FL / E,メガトンパンチ
307,FL / E,メガトンキック
307,FL / E,のしかかり
307,FL / E,すてみタックル
307,FL / E,カウンター
307,FL / E,ちきゅうなげ
307,FL / E,ものまね
307,FL / E,ゆびをふる
307,FL / E,ゆめくい
307,FL / E,みがわり
307,E,ばくれつパンチ
307,E,じこあんじ
307,E,いびき
307,E,こらえる
307,E,どろかけ
307,E,れいとうパンチ
307,E,いばる
307,E,ねごと
307,E,スピードスター
307,E,かみなりパンチ
307,E,ほのおのパンチ
308,FL / E,メガトンパンチ
308,FL / E,メガトンキック
308,FL / E,のしかかり
308,FL / E,すてみタックル
308,FL / E,カウンター
308,FL / E,ちきゅうなげ
308,FL / E,ものまね
308,FL / E,ゆびをふる
308,FL / E,ゆめくい
308,FL / E,いわなだれ
308,FL / E,みがわり
308,E,ばくれつパンチ
308,E,じこあんじ
308,E,いびき
308,E,こらえる
308,E,どろかけ
308,E,れいとうパンチ
308,E,いばる
308,E,ねごと
308,E,スピードスター
308,E,かみなりパンチ
308,E,ほのおのパンチ
309,FL / E,のしかかり
309,FL / E,すてみタックル
309,FL / E,ものまね
309,FL / E,でんじは
309,FL / E,みがわり
309,E,いびき
309,E,こらえる
309,E,どろかけ
309,E,いばる
309,E,ねごと
309,E,スピードスター
310,FL / E,のしかかり
310,FL / E,すてみタックル
310,FL / E,ものまね
310,FL / E,でんじは
310,FL / E,みがわり
310,E,いびき
310,E,こらえる
310,E,どろかけ
310,E,いばる
310,E,ねごと
310,E,スピードスター
311,FL / E,メガトンパンチ
311,FL / E,メガトンキック
311,FL / E,のしかかり
311,FL / E,すてみタックル
311,FL / E,カウンター
311,FL / E,ちきゅうなげ
311,FL / E,ものまね
311,FL / E,ゆびをふる
311,FL / E,でんじは
311,FL / E,みがわり
311,E,ばくれつパンチ
311,E,ころがる
311,E,いびき
311,E,こらえる
311,E,どろかけ
311,E,いばる
311,E,ねごと
311,E,スピードスター
311,E,まるくなる
311,E,かみなりパンチ
312,FL / E,メガトンパンチ
312,FL / E,メガトンキック
312,FL / E,のしかかり
312,FL / E,すてみタックル
312,FL / E,カウンター
312,FL / E,ちきゅうなげ
312,FL / E,ものまね
312,FL / E,ゆびをふる
312,FL / E,でんじは
312,FL / E,みがわり
312,E,ばくれつパンチ
312,E,ころがる
312,E,いびき
312,E,こらえる
312,E,どろかけ
312,E,いばる
312,E,ねごと
312,E,スピードスター
312,E,まるくなる
312,E,かみなりパンチ
313,FL / E,メガトンパンチ
313,FL / E,メガトンキック
313,FL / E,のしかかり
313,FL / E,すてみタックル
313,FL / E,カウンター
313,FL / E,ちきゅうなげ
313,FL / E,ものまね
313,FL / E,ゆびをふる
313,FL / E,でんじは
313,FL / E,みがわり
313,E,ばくれつパンチ
313,E,じこあんじ
313,E,いびき
313,E,こらえる
313,E,どろかけ
313,E,れいとうパンチ
313,E,いばる
313,E,ねごと
313,E,スピードスター
313,E,かみなりパンチ
314,FL / E,メガトンパンチ
314,FL / E,メガトンキック
314,FL / E,のしかかり
314,FL / E,すてみタックル
314,FL / E,カウンター
314,FL / E,ちきゅうなげ
314,FL / E,ものまね
314,FL / E,ゆびをふる
314,FL / E,でんじは
314,FL / E,みがわり
314,E,ばくれつパンチ
314,E,じこあんじ
314,E,いびき
314,E,こらえる
314,E,どろかけ
314,E,れいとうパンチ
314,E,いばる
314,E,ねごと
314,E,スピードスター
314,E,かみなりパンチ
315,FL / E,つるぎのまい
315,FL / E,のしかかり
315,FL / E,すてみタックル
315,FL / E,ものまね
315,FL / E,みがわり
315,E,じこあんじ
315,E,いびき
315,E,こらえる
315,E,どろかけ
315,E,いばる
315,E,ねごと
315,E,スピードスター
315,E,れんぞくぎり
316,FL / E,のしかかり
316,FL / E,すてみタックル
316,FL / E,カウンター
316,FL / E,ものまね
316,FL / E,ゆめくい
316,FL / E,だいばくはつ
316,FL / E,みがわり
316,E,ばくれつパンチ
316,E,ころがる
316,E,いびき
316,E,こらえる
316,E,どろかけ
316,E,れいとうパンチ
316,E,いばる
316,E,ねごと
316,E,まるくなる
316,E,かみなりパンチ
316,E,ほのおのパンチ
317,FL / E,のしかかり
317,FL / E,すてみタックル
317,FL / E,カウンター
317,FL / E,ものまね
317,FL / E,ゆめくい
317,FL / E,だいばくはつ
317,FL / E,みがわり
317,E,ばくれつパンチ
317,E,ころがる
317,E,いびき
317,E,こらえる
317,E,どろかけ
317,E,れいとうパンチ
317,E,いばる
317,E,ねごと
317,E,まるくなる
317,E,かみなりパンチ
317,E,ほのおのパンチ
318,FL / E,すてみタックル
318,FL / E,ものまね
318,FL / E,みがわり
318,E,いびき
318,E,こごえるかぜ
318,E,こらえる
318,E,どろかけ
318,E,いばる
318,E,ねごと
318,E,スピードスター
318,E,れんぞくぎり
319,FL / E,すてみタックル
319,FL / E,ものまね
319,FL / E,みがわり
319,E,いびき
319,E,こごえるかぜ
319,E,こらえる
319,E,どろかけ
319,E,いばる
319,E,ねごと
319,E,スピードスター
319,E,れんぞくぎり
320,FL / E,のしかかり
320,FL / E,すてみタックル
320,FL / E,ものまね
320,FL / E,みがわり
320,E,ころがる
320,E,いびき
320,E,こごえるかぜ
320,E,こらえる
320,E,いばる
320,E,ねごと
320,E,まるくなる
321,FL / E,のしかかり
321,FL / E,すてみタックル
321,FL / E,ものまね
321,FL / E,みがわり
321,E,ころがる
321,E,いびき
321,E,こごえるかぜ
321,E,こらえる
321,E,いばる
321,E,ねごと
321,E,まるくなる
322,FL / E,のしかかり
322,FL / E,すてみタックル
322,FL / E,ものまね
322,FL / E,いわなだれ
322,FL / E,みがわり
322,E,ころがる
322,E,いびき
322,E,こらえる
322,E,どろかけ
322,E,いばる
322,E,ねごと
322,E,まるくなる
323,FL / E,のしかかり
323,FL / E,すてみタックル
323,FL / E,ものまね
323,FL / E,だいばくはつ
323,FL / E,いわなだれ
323,FL / E,みがわり
323,E,ころがる
323,E,いびき
323,E,こらえる
323,E,どろかけ
323,E,いばる
323,E,ねごと
323,E,まるくなる
324,FL / E,のしかかり
324,FL / E,すてみタックル
324,FL / E,ものまね
324,FL / E,だいばくはつ
324,FL / E,いわなだれ
324,FL / E,みがわり
324,E,いびき
324,E,こらえる
324,E,どろかけ
324,E,いばる
324,E,ねごと
325,FL / E,のしかかり
325,FL / E,すてみタックル
325,FL / E,ものまね
325,FL / E,ゆめくい
325,FL / E,みがわり
325,E,じこあんじ
325,E,いびき
325,E,こごえるかぜ
325,E,こらえる
325,E,いばる
325,E,ねごと
325,E,スピードスター
326,FL / E,メガトンパンチ
326,FL / E,メガトンキック
326,FL / E,のしかかり
326,FL / E,すてみタックル
326,FL / E,カウンター
326,FL / E,ちきゅうなげ
326,FL / E,ものまね
326,FL / E,ゆめくい
326,FL / E,みがわり
326,E,ばくれつパンチ
326,E,じこあんじ
326,E,いびき
326,E,こごえるかぜ
326,E,こらえる
326,E,どろかけ
326,E,れいとうパンチ
326,E,いばる
326,E,ねごと
326,E,スピードスター
326,E,かみなりパンチ
326,E,ほのおのパンチ
327,FL / E,メガトンパンチ
327,FL / E,メガトンキック
327,FL / E,のしかかり
327,FL / E,すてみタックル
327,FL / E,カウンター
327,FL / E,ちきゅうなげ
327,FL / E,ものまね
327,FL / E,ゆびをふる
327,FL / E,ゆめくい
327,FL / E,いわなだれ
327,FL / E,みがわり
327,E,ばくれつパンチ
327,E,ころがる
327,E,じこあんじ
327,E,いびき
327,E,こごえるかぜ
327,E,こらえる
327,E,どろかけ
327,E,れいとうパンチ
327,E,いばる
327,E,ねごと
327,E,スピードスター
327,E,まるくなる
327,E,かみなりパンチ
327,E,ほのおのパンチ
328,FL / E,のしかかり
328,FL / E,すてみタックル
328,FL / E,ものまね
328,FL / E,いわなだれ
328,FL / E,みがわり
328,E,いびき
328,E,こらえる
328,E,どろかけ
328,E,いばる
328,E,ねごと
329,FL / E,のしかかり
329,FL / E,すてみタックル
329,FL / E,ものまね
329,FL / E,いわなだれ
329,FL / E,みがわり
329,E,いびき
329,E,こらえる
329,E,どろかけ
329,E,いばる
329,E,ねごと
329,E,スピードスター
330,FL / E,のしかかり
330,FL / E,すてみタックル
330,FL / E,ものまね
330,FL / E,いわなだれ
330,FL / E,みがわり
330,E,いびき
330,E,こらえる
330,E,どろかけ
330,E,いばる
330,E,ねごと
330,E,スピードスター
330,E,ほのおのパンチ
330,E,れんぞくぎり
331,FL / E,メガトンパンチ
331,FL / E,つるぎのまい
331,FL / E,のしかかり
331,FL / E,すてみタックル
331,FL / E,カウンター
331,FL / E,ちきゅうなげ
331,FL / E,ものまね
331,FL / E,みがわり
331,E,ばくれつパンチ
331,E,いびき
331,E,こらえる
331,E,どろかけ
331,E,いばる
331,E,ねごと
331,E,かみなりパンチ
331,E,れんぞくぎり
332,FL / E,メガトンパンチ
332,FL / E,つるぎのまい
332,FL / E,メガトンキック
332,FL / E,のしかかり
332,FL / E,すてみタックル
332,FL / E,カウンター
332,FL / E,ちきゅうなげ
332,FL / E,ものまね
332,FL / E,みがわり
332,E,ばくれつパンチ
332,E,いびき
332,E,こらえる
332,E,どろかけ
332,E,いばる
332,E,ねごと
332,E,かみなりパンチ
332,E,れんぞくぎり
333,FL / E,のしかかり
333,FL / E,すてみタックル
333,FL / E,ものまね
333,FL / E,ゆめくい
333,FL / E,みがわり
333,E,じこあんじ
333,E,いびき
333,E,こらえる
333,E,どろかけ
333,E,いばる
333,E,ねごと
333,E,スピードスター
334,FL / E,のしかかり
334,FL / E,すてみタックル
334,FL / E,ものまね
334,FL / E,ゆめくい
334,FL / E,みがわり
334,E,じこあんじ
334,E,いびき
334,E,こらえる
334,E,どろかけ
334,E,いばる
334,E,ねごと
334,E,スピードスター
335,FL / E,メガトンパンチ
335,FL / E,つるぎのまい
335,FL / E,メガトンキック
335,FL / E,のしかかり
335,FL / E,すてみタックル
335,FL / E,カウンター
335,FL / E,ちきゅうなげ
335,FL / E,ものまね
335,FL / E,でんじは
335,FL / E,いわなだれ
335,FL / E,みがわり
335,E,ばくれつパンチ
335,E,ころがる
335,E,いびき
335,E,こごえるかぜ
335,E,こらえる
335,E,どろかけ
335,E,れいとうパンチ
335,E,いばる
335,E,ねごと
335,E,スピードスター
335,E,まるくなる
335,E,かみなりパンチ
335,E,ほのおのパンチ
335,E,れんぞくぎり
336,FL / E,のしかかり
336,FL / E,すてみタックル
336,FL / E,ものまね
336,FL / E,みがわり
336,E,いびき
336,E,こらえる
336,E,どろかけ
336,E,いばる
336,E,ねごと
336,E,スピードスター
336,E,れんぞくぎり
337,FL / E,のしかかり
337,FL / E,すてみタックル
337,FL / E,ものまね
337,FL / E,ゆめくい
337,FL / E,だいばくはつ
337,FL / E,いわなだれ
337,FL / E,みがわり
337,E,ころがる
337,E,じこあんじ
337,E,いびき
337,E,こらえる
337,E,いばる
337,E,ねごと
337,E,スピードスター
337,E,まるくなる
338,FL / E,のしかかり
338,FL / E,すてみタックル
338,FL / E,ものまね
338,FL / E,ゆめくい
338,FL / E,だいばくはつ
338,FL / E,いわなだれ
338,FL / E,みがわり
338,E,ころがる
338,E,じこあんじ
338,E,いびき
338,E,こらえる
338,E,いばる
338,E,ねごと
338,E,スピードスター
338,E,まるくなる
339,FL / E,すてみタックル
339,FL / E,ものまね
339,FL / E,みがわり
339,E,いびき
339,E,こごえるかぜ
339,E,こらえる
339,E,どろかけ
339,E,いばる
339,E,ねごと
340,FL / E,すてみタックル
340,FL / E,ものまね
340,FL / E,いわなだれ
340,FL / E,みがわり
340,E,いびき
340,E,こごえるかぜ
340,E,こらえる
340,E,どろかけ
340,E,いばる
340,E,ねごと
341,FL / E,つるぎのまい
341,FL / E,のしかかり
341,FL / E,すてみタックル
341,FL / E,カウンター
341,FL / E,ものまね
341,FL / E,みがわり
341,E,いびき
341,E,こごえるかぜ
341,E,こらえる
341,E,どろかけ
341,E,いばる
341,E,ねごと
341,E,れんぞくぎり
342,FL / E,つるぎのまい
342,FL / E,のしかかり
342,FL / E,すてみタックル
342,FL / E,カウンター
342,FL / E,ものまね
342,FL / E,みがわり
342,E,いびき
342,E,こごえるかぜ
342,E,こらえる
342,E,どろかけ
342,E,いばる
342,E,ねごと
342,E,スピードスター
342,E,れんぞくぎり
343,FL / E,すてみタックル
343,FL / E,ものまね
343,FL / E,ゆめくい
343,FL / E,だいばくはつ
343,FL / E,いわなだれ
343,FL / E,みがわり
343,E,じこあんじ
343,E,いびき
343,E,こらえる
343,E,どろかけ
343,E,いばる
343,E,ねごと
344,FL / E,すてみタックル
344,FL / E,ものまね
344,FL / E,ゆめくい
344,FL / E,だいばくはつ
344,FL / E,いわなだれ
344,FL / E,みがわり
344,E,じこあんじ
344,E,いびき
344,E,こらえる
344,E,どろかけ
344,E,いばる
344,E,ねごと
345,FL / E,のしかかり
345,FL / E,すてみタックル
345,FL / E,ものまね
345,FL / E,いわなだれ
345,FL / E,みがわり
345,E,じこあんじ
345,E,いびき
345,E,こらえる
345,E,どろかけ
345,E,いばる
345,E,ねごと
346,FL / E,のしかかり
346,FL / E,すてみタックル
346,FL / E,ものまね
346,FL / E,いわなだれ
346,FL / E,みがわり
346,E,じこあんじ
346,E,いびき
346,E,こらえる
346,E,どろかけ
346,E,いばる
346,E,ねごと
347,FL / E,つるぎのまい
347,FL / E,のしかかり
347,FL / E,すてみタックル
347,FL / E,ものまね
347,FL / E,いわなだれ
347,FL / E,みがわり
347,E,いびき
347,E,こらえる
347,E,どろかけ
347,E,いばる
347,E,ねごと
347,E,れんぞくぎり
348,FL / E,つるぎのまい
348,FL / E,のしかかり
348,FL / E,すてみタックル
348,FL / E,ちきゅうなげ
348,FL / E,ものまね
348,FL / E,いわなだれ
348,FL / E,みがわり
348,E,いびき
348,E,こらえる
348,E,どろかけ
348,E,いばる
348,E,ねごと
348,E,れんぞくぎり
349,FL / E,すてみタックル
349,FL / E,ものまね
349,FL / E,みがわり
349,E,いびき
349,E,こごえるかぜ
349,E,こらえる
349,E,いばる
349,E,ねごと
349,E,スピードスター
350,FL / E,のしかかり
350,FL / E,すてみタックル
350,FL / E,ものまね
350,FL / E,みがわり
350,E,じこあんじ
350,E,いびき
350,E,こごえるかぜ
350,E,こらえる
350,E,どろかけ
350,E,いばる
350,E,ねごと
350,E,スピードスター
351,FL / E,のしかかり
351,FL / E,すてみタックル
351,FL / E,ものまね
351,FL / E,でんじは
351,FL / E,みがわり
351,E,じこあんじ
351,E,いびき
351,E,こごえるかぜ
351,E,こらえる
351,E,いばる
351,E,ねごと
351,E,スピードスター
351,E,まるくなる
352,FL / E,メガトンパンチ
352,FL / E,メガトンキック
352,FL / E,のしかかり
352,FL / E,すてみタックル
352,FL / E,カウンター
352,FL / E,ちきゅうなげ
352,FL / E,ものまね
352,FL / E,ゆびをふる
352,FL / E,でんじは
352,FL / E,いわなだれ
352,FL / E,みがわり
352,E,ばくれつパンチ
352,E,ころがる
352,E,じこあんじ
352,E,いびき
352,E,こごえるかぜ
352,E,こらえる
352,E,どろかけ
352,E,れいとうパンチ
352,E,いばる
352,E,ねごと
352,E,スピードスター
352,E,まるくなる
352,E,かみなりパンチ
352,E,ほのおのパンチ
352,E,れんぞくぎり
353,FL / E,のしかかり
353,FL / E,すてみタックル
353,FL / E,ものまね
353,FL / E,ゆめくい
353,FL / E,でんじは
353,FL / E,みがわり
353,E,じこあんじ
353,E,いびき
353,E,こごえるかぜ
353,E,こらえる
353,E,いばる
353,E,ねごと
354,FL / E,のしかかり
354,FL / E,すてみタックル
354,FL / E,ものまね
354,FL / E,ゆびをふる
354,FL / E,ゆめくい
354,FL / E,でんじは
354,FL / E,みがわり
354,E,じこあんじ
354,E,いびき
354,E,こごえるかぜ
354,E,こらえる
354,E,どろかけ
354,E,いばる
354,E,ねごと
355,FL / E,のしかかり
355,FL / E,すてみタックル
355,FL / E,ものまね
355,FL / E,ゆめくい
355,FL / E,みがわり
355,E,じこあんじ
355,E,いびき
355,E,こごえるかぜ
355,E,こらえる
355,E,いばる
355,E,ねごと
356,FL / E,メガトンパンチ
356,FL / E,メガトンキック
356,FL / E,のしかかり
356,FL / E,すてみタックル
356,FL / E,カウンター
356,FL / E,ちきゅうなげ
356,FL / E,ものまね
356,FL / E,ゆびをふる
356,FL / E,ゆめくい
356,FL / E,いわなだれ
356,FL / E,みがわり
356,E,ばくれつパンチ
356,E,じこあんじ
356,E,いびき
356,E,こごえるかぜ
356,E,こらえる
356,E,どろかけ
356,E,れいとうパンチ
356,E,いばる
356,E,ねごと
356,E,かみなりパンチ
356,E,ほのおのパンチ
357,FL / E,つるぎのまい
357,FL / E,のしかかり
357,FL / E,すてみタックル
357,FL / E,ものまね
357,FL / E,みがわり
357,E,いびき
357,E,こらえる
357,E,どろかけ
357,E,いばる
357,E,ねごと
357,E,れんぞくぎり
358,FL / E,すてみタックル
358,FL / E,ものまね
358,FL / E,ゆめくい
358,FL / E,みがわり
358,E,ころがる
358,E,じこあんじ
358,E,いびき
358,E,こごえるかぜ
358,E,こらえる
358,E,いばる
358,E,ねごと
358,E,まるくなる
359,FL / E,つるぎのまい
359,FL / E,のしかかり
359,FL / E,すてみタックル
359,FL / E,カウンター
359,FL / E,ものまね
359,FL / E,ゆめくい
359,FL / E,でんじは
359,FL / E,いわなだれ
359,FL / E,みがわり
359,E,じこあんじ
359,E,いびき
359,E,こごえるかぜ
359,E,こらえる
359,E,どろかけ
359,E,いばる
359,E,ねごと
359,E,スピードスター
359,E,れんぞくぎり
361,FL / E,のしかかり
361,FL / E,すてみタックル
361,FL / E,ものまね
361,FL / E,みがわり
361,E,いびき
361,E,こごえるかぜ
361,E,こらえる
361,E,いばる
361,E,ねごと
362,FL / E,のしかかり
362,FL / E,すてみタックル
362,FL / E,ものまね
362,FL / E,だいばくはつ
362,FL / E,みがわり
362,E,ころがる
362,E,いびき
362,E,こごえるかぜ
362,E,こらえる
362,E,いばる
362,E,ねごと
362,E,まるくなる
363,FL / E,のしかかり
363,FL / E,すてみタックル
363,FL / E,ものまね
363,FL / E,いわなだれ
363,FL / E,みがわり
363,E,ころがる
363,E,いびき
363,E,こごえるかぜ
363,E,こらえる
363,E,どろかけ
363,E,いばる
363,E,ねごと
363,E,まるくなる
364,FL / E,のしかかり
364,FL / E,すてみタックル
364,FL / E,ものまね
364,FL / E,いわなだれ
364,FL / E,みがわり
364,E,ころがる
364,E,いびき
364,E,こごえるかぜ
364,E,こらえる
364,E,どろかけ
364,E,いばる
364,E,ねごと
364,E,まるくなる
365,FL / E,のしかかり
365,FL / E,すてみタックル
365,FL / E,ものまね
365,FL / E,いわなだれ
365,FL / E,みがわり
365,E,ころがる
365,E,いびき
365,E,こごえるかぜ
365,E,こらえる
365,E,どろかけ
365,E,いばる
365,E,ねごと
365,E,まるくなる
366,FL / E,のしかかり
366,FL / E,すてみタックル
366,FL / E,ものまね
366,FL / E,みがわり
366,E,いびき
366,E,こごえるかぜ
366,E,こらえる
366,E,いばる
366,E,ねごと
367,FL / E,のしかかり
367,FL / E,すてみタックル
367,FL / E,ものまね
367,FL / E,みがわり
367,E,いびき
367,E,こごえるかぜ
367,E,こらえる
367,E,どろかけ
367,E,いばる
367,E,ねごと
367,E,スピードスター
368,FL / E,のしかかり
368,FL / E,すてみタックル
368,FL / E,ものまね
368,FL / E,みがわり
368,E,いびき
368,E,こごえるかぜ
368,E,こらえる
368,E,どろかけ
368,E,いばる
368,E,ねごと
368,E,スピードスター
369,FL / E,のしかかり
369,FL / E,すてみタックル
369,FL / E,ものまね
369,FL / E,いわなだれ
369,FL / E,みがわり
369,E,じこあんじ
369,E,いびき
369,E,こごえるかぜ
369,E,こらえる
369,E,どろかけ
369,E,いばる
369,E,ねごと
370,FL / E,すてみタックル
370,FL / E,ものまね
370,FL / E,みがわり
370,E,じこあんじ
370,E,いびき
370,E,こごえるかぜ
370,E,こらえる
370,E,いばる
370,E,ねごと
370,E,スピードスター
371,FL / E,のしかかり
371,FL / E,すてみタックル
371,FL / E,ものまね
371,FL / E,いわなだれ
371,FL / E,みがわり
371,E,いびき
371,E,こらえる
371,E,どろかけ
371,E,いばる
371,E,ねごと
371,E,れんぞくぎり
372,FL / E,のしかかり
372,FL / E,すてみタックル
372,FL / E,ものまね
372,FL / E,いわなだれ
372,FL / E,みがわり
372,E,ころがる
372,E,いびき
372,E,こらえる
372,E,どろかけ
372,E,いばる
372,E,ねごと
372,E,まるくなる
372,E,れんぞくぎり
373,FL / E,のしかかり
373,FL / E,すてみタックル
373,FL / E,ものまね
373,FL / E,いわなだれ
373,FL / E,みがわり
373,E,ころがる
373,E,いびき
373,E,こらえる
373,E,どろかけ
373,E,いばる
373,E,ねごと
373,E,スピードスター
373,E,まるくなる
373,E,れんぞくぎり
375,FL / E,のしかかり
375,FL / E,すてみタックル
375,FL / E,ものまね
375,FL / E,だいばくはつ
375,FL / E,いわなだれ
375,FL / E,みがわり
375,E,ばくれつパンチ
375,E,ころがる
375,E,じこあんじ
375,E,いびき
375,E,こごえるかぜ
375,E,こらえる
375,E,どろかけ
375,E,れいとうパンチ
375,E,いばる
375,E,ねごと
375,E,スピードスター
375,E,まるくなる
375,E,かみなりパンチ
375,E,れんぞくぎり
376,FL / E,のしかかり
376,FL / E,すてみタックル
376,FL / E,ものまね
376,FL / E,だいばくはつ
376,FL / E,いわなだれ
376,FL / E,みがわり
376,E,ばくれつパンチ
376,E,ころがる
376,E,じこあんじ
376,E,いびき
376,E,こごえるかぜ
376,E,こらえる
376,E,どろかけ
376,E,れいとうパンチ
376,E,いばる
376,E,ねごと
376,E,スピードスター
376,E,まるくなる
376,E,かみなりパンチ
376,E,れんぞくぎり
377,FL / E,メガトンパンチ
377,FL / E,メガトンキック
377,FL / E,のしかかり
377,FL / E,すてみタックル
377,FL / E,カウンター
377,FL / E,ちきゅうなげ
377,FL / E,ものまね
377,FL / E,でんじは
377,FL / E,だいばくはつ
377,FL / E,いわなだれ
377,FL / E,みがわり
377,E,ばくれつパンチ
377,E,ころがる
377,E,じこあんじ
377,E,いびき
377,E,こらえる
377,E,どろかけ
377,E,れいとうパンチ
377,E,いばる
377,E,ねごと
377,E,まるくなる
377,E,かみなりパンチ
377,E,ほのおのパンチ
378,FL / E,メガトンパンチ
378,FL / E,メガトンキック
378,FL / E,のしかかり
378,FL / E,すてみタックル
378,FL / E,カウンター
378,FL / E,ちきゅうなげ
378,FL / E,ものまね
378,FL / E,でんじは
378,FL / E,だいばくはつ
378,FL / E,いわなだれ
378,FL / E,みがわり
378,E,ばくれつパンチ
378,E,ころがる
378,E,じこあんじ
378,E,いびき
378,E,こごえるかぜ
378,E,こらえる
378,E,どろかけ
378,E,れいとうパンチ
378,E,いばる
378,E,ねごと
378,E,まるくなる
378,E,かみなりパンチ
379,FL / E,メガトンパンチ
379,FL / E,メガトンキック
379,FL / E,のしかかり
379,FL / E,すてみタックル
379,FL / E,カウンター
379,FL / E,ちきゅうなげ
379,FL / E,ものまね
379,FL / E,でんじは
379,FL / E,だいばくはつ
379,FL / E,いわなだれ
379,FL / E,みがわり
379,E,ばくれつパンチ
379,E,ころがる
379,E,じこあんじ
379,E,いびき
379,E,こらえる
379,E,どろかけ
379,E,れいとうパンチ
379,E,いばる
379,E,ねごと
379,E,まるくなる
379,E,かみなりパンチ
380,FL / E,のしかかり
380,FL / E,すてみタックル
380,FL / E,ものまね
380,FL / E,ゆめくい
380,FL / E,でんじは
380,FL / E,みがわり
380,E,じこあんじ
380,E,いびき
380,E,こごえるかぜ
380,E,こらえる
380,E,どろかけ
380,E,いばる
380,E,ねごと
380,E,スピードスター
380,E,れんぞくぎり
381,FL / E,のしかかり
381,FL / E,すてみタックル
381,FL / E,ものまね
381,FL / E,ゆめくい
381,FL / E,でんじは
381,FL / E,みがわり
381,E,じこあんじ
381,E,いびき
381,E,こごえるかぜ
381,E,こらえる
381,E,どろかけ
381,E,いばる
381,E,ねごと
381,E,スピードスター
381,E,れんぞくぎり
382,FL / E,のしかかり
382,FL / E,すてみタックル
382,FL / E,ものまね
382,FL / E,でんじは
382,FL / E,いわなだれ
382,FL / E,みがわり
382,E,じこあんじ
382,E,いびき
382,E,こごえるかぜ
382,E,こらえる
382,E,どろかけ
382,E,いばる
382,E,ねごと
382,E,スピードスター
382,E,まるくなる
383,FL / E,メガトンパンチ
383,FL / E,つるぎのまい
383,FL / E,メガトンキック
383,FL / E,のしかかり
383,FL / E,すてみタックル
383,FL / E,カウンター
383,FL / E,ちきゅうなげ
383,FL / E,ものまね
383,FL / E,でんじは
383,FL / E,いわなだれ
383,FL / E,みがわり
383,E,ばくれつパンチ
383,E,ころがる
383,E,じこあんじ
383,E,いびき
383,E,こらえる
383,E,どろかけ
383,E,いばる
383,E,ねごと
383,E,スピードスター
383,E,まるくなる
383,E,かみなりパンチ
383,E,ほのおのパンチ
383,E,れんぞくぎり
384,FL / E,のしかかり
384,FL / E,すてみタックル
384,FL / E,ものまね
384,FL / E,でんじは
384,FL / E,いわなだれ
384,FL / E,みがわり
384,E,じこあんじ
384,E,いびき
384,E,こごえるかぜ
384,E,こらえる
384,E,どろかけ
384,E,いばる
384,E,ねごと
384,E,スピードスター
384,E,れんぞくぎり
385,FL / E,のしかかり
385,FL / E,すてみタックル
385,FL / E,ものまね
385,FL / E,ゆびをふる
385,FL / E,ゆめくい
385,FL / E,でんじは
385,FL / E,みがわり
385,E,ばくれつパンチ
385,E,じこあんじ
385,E,いびき
385,E,こごえるかぜ
385,E,こらえる
385,E,どろかけ
385,E,れいとうパンチ
385,E,いばる
385,E,ねごと
385,E,スピードスター
385,E,まるくなる
385,E,かみなりパンチ
385,E,ほのおのパンチ
386,FL / E,メガトンパンチ
386,FL / E,メガトンキック
386,FL / E,のしかかり
386,FL / E,すてみタックル
386,FL / E,カウンター
386,FL / E,ちきゅうなげ
386,FL / E,ものまね
386,FL / E,ゆめくい
386,FL / E,でんじは
386,FL / E,いわなだれ
386,FL / E,みがわり
386,E,ばくれつパンチ
386,E,じこあんじ
386,E,いびき
386,E,こごえるかぜ
386,E,こらえる
386,E,どろかけ
386,E,れいとうパンチ
386,E,いばる
386,E,ねごと
386,E,スピードスター
386,E,かみなりパンチ
386,E,ほのおのパンチ
387,未登場,他の世代を御覧ください
388,未登場,他の世代を御覧ください
389,未登場,他の世代を御覧ください
390,未登場,他の世代を御覧ください
391,未登場,他の世代を御覧ください
392,未登場,他の世代を御覧ください
393,未登場,他の世代を御覧ください
394,未登場,他の世代を御覧ください
395,未登場,他の世代を御覧ください
396,未登場,他の世代を御覧ください
397,未登場,他の世代を御覧ください
398,未登場,他の世代を御覧ください
399,未登場,他の世代を御覧ください
400,未登場,他の世代を御覧ください
401,未登場,他の世代を御覧ください
402,未登場,他の世代を御覧ください
403,未登場,他の世代を御覧ください
404,未登場,他の世代を御覧ください
405,未登場,他の世代を御覧ください
406,未登場,他の世代を御覧ください
407,未登場,他の世代を御覧ください
408,未登場,他の世代を御覧ください
409,未登場,他の世代を御覧ください
410,未登場,他の世代を御覧ください
411,未登場,他の世代を御覧ください
412,未登場,他の世代を御覧ください
413,未登場,他の世代を御覧ください
414,未登場,他の世代を御覧ください
415,未登場,他の世代を御覧ください
416,未登場,他の世代を御覧ください
417,未登場,他の世代を御覧ください
418,未登場,他の世代を御覧ください
419,未登場,他の世代を御覧ください
420,未登場,他の世代を御覧ください
421,未登場,他の世代を御覧ください
422,未登場,他の世代を御覧ください
423,未登場,他の世代を御覧ください
424,未登場,他の世代を御覧ください
425,未登場,他の世代を御覧ください
426,未登場,他の世代を御覧ください
427,未登場,他の世代を御覧ください
428,未登場,他の世代を御覧ください
429,未登場,他の世代を御覧ください
430,未登場,他の世代を御覧ください
431,未登場,他の世代を御覧ください
432,未登場,他の世代を御覧ください
433,未登場,他の世代を御覧ください
434,未登場,他の世代を御覧ください
435,未登場,他の世代を御覧ください
436,未登場,他の世代を御覧ください
437,未登場,他の世代を御覧ください
438,未登場,他の世代を御覧ください
439,未登場,他の世代を御覧ください
440,未登場,他の世代を御覧ください
441,未登場,他の世代を御覧ください
442,未登場,他の世代を御覧ください
443,未登場,他の世代を御覧ください
444,未登場,他の世代を御覧ください
445,未登場,他の世代を御覧ください
446,未登場,他の世代を御覧ください
447,未登場,他の世代を御覧ください
448,未登場,他の世代を御覧ください
449,未登場,他の世代を御覧ください
450,未登場,他の世代を御覧ください
451,未登場,他の世代を御覧ください
452,未登場,他の世代を御覧ください
453,未登場,他の世代を御覧ください
454,未登場,他の世代を御覧ください
455,未登場,他の世代を御覧ください
456,未登場,他の世代を御覧ください
457,未登場,他の世代を御覧ください
458,未登場,他の世代を御覧ください
459,未登場,他の世代を御覧ください
460,未登場,他の世代を御覧ください
461,未登場,他の世代を御覧ください
462,未登場,他の世代を御覧ください
463,未登場,他の世代を御覧ください
464,未登場,他の世代を御覧ください
465,未登場,他の世代を御覧ください
466,未登場,他の世代を御覧ください
467,未登場,他の世代を御覧ください
468,未登場,他の世代を御覧ください
469,未登場,他の世代を御覧ください
470,未登場,他の世代を御覧ください
471,未登場,他の世代を御覧ください
472,未登場,他の世代を御覧ください
473,未登場,他の世代を御覧ください
474,未登場,他の世代を御覧ください
475,未登場,他の世代を御覧ください
476,未登場,他の世代を御覧ください
477,未登場,他の世代を御覧ください
478,未登場,他の世代を御覧ください
479,未登場,他の世代を御覧ください
480,未登場,他の世代を御覧ください
481,未登場,他の世代を御覧ください
482,未登場,他の世代を御覧ください
483,未登場,他の世代を御覧ください
484,未登場,他の世代を御覧ください
485,未登場,他の世代を御覧ください
486,未登場,他の世代を御覧ください
487,未登場,他の世代を御覧ください
488,未登場,他の世代を御覧ください
489,未登場,他の世代を御覧ください
490,未登場,他の世代を御覧ください
491,未登場,他の世代を御覧ください
492,未登場,他の世代を御覧ください
493,未登場,他の世代を御覧ください
494,未登場,他の世代を御覧ください
495,未登場,他の世代を御覧ください
496,未登場,他の世代を御覧ください
497,未登場,他の世代を御覧ください
498,未登場,他の世代を御覧ください
499,未登場,他の世代を御覧ください
500,未登場,他の世代を御覧ください
501,未登場,他の世代を御覧ください
502,未登場,他の世代を御覧ください
503,未登場,他の世代を御覧ください
504,未登場,他の世代を御覧ください
505,未登場,他の世代を御覧ください
506,未登場,他の世代を御覧ください
507,未登場,他の世代を御覧ください
508,未登場,他の世代を御覧ください
509,未登場,他の世代を御覧ください
510,未登場,他の世代を御覧ください
511,未登場,他の世代を御覧ください
512,未登場,他の世代を御覧ください
513,未登場,他の世代を御覧ください
514,未登場,他の世代を御覧ください
515,未登場,他の世代を御覧ください
516,未登場,他の世代を御覧ください
517,未登場,他の世代を御覧ください
518,未登場,他の世代を御覧ください
519,未登場,他の世代を御覧ください
520,未登場,他の世代を御覧ください
521,未登場,他の世代を御覧ください
522,未登場,他の世代を御覧ください
523,未登場,他の世代を御覧ください
524,未登場,他の世代を御覧ください
525,未登場,他の世代を御覧ください
526,未登場,他の世代を御覧ください
527,未登場,他の世代を御覧ください
528,未登場,他の世代を御覧ください
529,未登場,他の世代を御覧ください
530,未登場,他の世代を御覧ください
531,未登場,他の世代を御覧ください
532,未登場,他の世代を御覧ください
533,未登場,他の世代を御覧ください
534,未登場,他の世代を御覧ください
535,未登場,他の世代を御覧ください
536,未登場,他の世代を御覧ください
537,未登場,他の世代を御覧ください
538,未登場,他の世代を御覧ください
539,未登場,他の世代を御覧ください
540,未登場,他の世代を御覧ください
541,未登場,他の世代を御覧ください
542,未登場,他の世代を御覧ください
543,未登場,他の世代を御覧ください
544,未登場,他の世代を御覧ください
545,未登場,他の世代を御覧ください
546,未登場,他の世代を御覧ください
547,未登場,他の世代を御覧ください
548,未登場,他の世代を御覧ください
549,未登場,他の世代を御覧ください
550,未登場,他の世代を御覧ください
551,未登場,他の世代を御覧ください
552,未登場,他の世代を御覧ください
553,未登場,他の世代を御覧ください
554,未登場,他の世代を御覧ください
555,未登場,他の世代を御覧ください
556,未登場,他の世代を御覧ください
557,未登場,他の世代を御覧ください
558,未登場,他の世代を御覧ください
559,未登場,他の世代を御覧ください
560,未登場,他の世代を御覧ください
561,未登場,他の世代を御覧ください
562,未登場,他の世代を御覧ください
563,未登場,他の世代を御覧ください
564,未登場,他の世代を御覧ください
565,未登場,他の世代を御覧ください
566,未登場,他の世代を御覧ください
567,未登場,他の世代を御覧ください
568,未登場,他の世代を御覧ください
569,未登場,他の世代を御覧ください
570,未登場,他の世代を御覧ください
571,未登場,他の世代を御覧ください
572,未登場,他の世代を御覧ください
573,未登場,他の世代を御覧ください
574,未登場,他の世代を御覧ください
575,未登場,他の世代を御覧ください
576,未登場,他の世代を御覧ください
577,未登場,他の世代を御覧ください
578,未登場,他の世代を御覧ください
579,未登場,他の世代を御覧ください
580,未登場,他の世代を御覧ください
581,未登場,他の世代を御覧ください
582,未登場,他の世代を御覧ください
583,未登場,他の世代を御覧ください
584,未登場,他の世代を御覧ください
585,未登場,他の世代を御覧ください
586,未登場,他の世代を御覧ください
587,未登場,他の世代を御覧ください
588,未登場,他の世代を御覧ください
589,未登場,他の世代を御覧ください
590,未登場,他の世代を御覧ください
591,未登場,他の世代を御覧ください
592,未登場,他の世代を御覧ください
593,未登場,他の世代を御覧ください
594,未登場,他の世代を御覧ください
595,未登場,他の世代を御覧ください
596,未登場,他の世代を御覧ください
597,未登場,他の世代を御覧ください
598,未登場,他の世代を御覧ください
599,未登場,他の世代を御覧ください
600,未登場,他の世代を御覧ください
601,未登場,他の世代を御覧ください
602,未登場,他の世代を御覧ください
603,未登場,他の世代を御覧ください
604,未登場,他の世代を御覧ください
605,未登場,他の世代を御覧ください
606,未登場,他の世代を御覧ください
607,未登場,他の世代を御覧ください
608,未登場,他の世代を御覧ください
609,未登場,他の世代を御覧ください
610,未登場,他の世代を御覧ください
611,未登場,他の世代を御覧ください
612,未登場,他の世代を御覧ください
613,未登場,他の世代を御覧ください
614,未登場,他の世代を御覧ください
615,未登場,他の世代を御覧ください
616,未登場,他の世代を御覧ください
617,未登場,他の世代を御覧ください
618,未登場,他の世代を御覧ください
619,未登場,他の世代を御覧ください
620,未登場,他の世代を御覧ください
621,未登場,他の世代を御覧ください
622,未登場,他の世代を御覧ください
623,未登場,他の世代を御覧ください
624,未登場,他の世代を御覧ください
625,未登場,他の世代を御覧ください
626,未登場,他の世代を御覧ください
627,未登場,他の世代を御覧ください
628,未登場,他の世代を御覧ください
629,未登場,他の世代を御覧ください
630,未登場,他の世代を御覧ください
631,未登場,他の世代を御覧ください
632,未登場,他の世代を御覧ください
633,未登場,他の世代を御覧ください
634,未登場,他の世代を御覧ください
635,未登場,他の世代を御覧ください
636,未登場,他の世代を御覧ください
637,未登場,他の世代を御覧ください
638,未登場,他の世代を御覧ください
639,未登場,他の世代を御覧ください
640,未登場,他の世代を御覧ください
641,未登場,他の世代を御覧ください
642,未登場,他の世代を御覧ください
643,未登場,他の世代を御覧ください
644,未登場,他の世代を御覧ください
645,未登場,他の世代を御覧ください
646,未登場,他の世代を御覧ください
647,未登場,他の世代を御覧ください
648,未登場,他の世代を御覧ください
649,未登場,他の世代を御覧ください
650,未登場,他の世代を御覧ください
651,未登場,他の世代を御覧ください
652,未登場,他の世代を御覧ください
653,未登場,他の世代を御覧ください
654,未登場,他の世代を御覧ください
655,未登場,他の世代を御覧ください
656,未登場,他の世代を御覧ください
657,未登場,他の世代を御覧ください
658,未登場,他の世代を御覧ください
659,未登場,他の世代を御覧ください
660,未登場,他の世代を御覧ください
661,未登場,他の世代を御覧ください
662,未登場,他の世代を御覧ください
663,未登場,他の世代を御覧ください
664,未登場,他の世代を御覧ください
665,未登場,他の世代を御覧ください
666,未登場,他の世代を御覧ください
667,未登場,他の世代を御覧ください
668,未登場,他の世代を御覧ください
669,未登場,他の世代を御覧ください
670,未登場,他の世代を御覧ください
671,未登場,他の世代を御覧ください
672,未登場,他の世代を御覧ください
673,未登場,他の世代を御覧ください
674,未登場,他の世代を御覧ください
675,未登場,他の世代を御覧ください
676,未登場,他の世代を御覧ください
677,未登場,他の世代を御覧ください
678,未登場,他の世代を御覧ください
679,未登場,他の世代を御覧ください
680,未登場,他の世代を御覧ください
681,未登場,他の世代を御覧ください
682,未登場,他の世代を御覧ください
683,未登場,他の世代を御覧ください
684,未登場,他の世代を御覧ください
685,未登場,他の世代を御覧ください
686,未登場,他の世代を御覧ください
687,未登場,他の世代を御覧ください
688,未登場,他の世代を御覧ください
689,未登場,他の世代を御覧ください
690,未登場,他の世代を御覧ください
691,未登場,他の世代を御覧ください
692,未登場,他の世代を御覧ください
693,未登場,他の世代を御覧ください
694,未登場,他の世代を御覧ください
695,未登場,他の世代を御覧ください
696,未登場,他の世代を御覧ください
697,未登場,他の世代を御覧ください
698,未登場,他の世代を御覧ください
699,未登場,他の世代を御覧ください
700,未登場,他の世代を御覧ください
701,未登場,他の世代を御覧ください
702,未登場,他の世代を御覧ください
703,未登場,他の世代を御覧ください
704,未登場,他の世代を御覧ください
705,未登場,他の世代を御覧ください
706,未登場,他の世代を御覧ください
707,未登場,他の世代を御覧ください
708,未登場,他の世代を御覧ください
709,未登場,他の世代を御覧ください
710,未登場,他の世代を御覧ください
711,未登場,他の世代を御覧ください
712,未登場,他の世代を御覧ください
713,未登場,他の世代を御覧ください
714,未登場,他の世代を御覧ください
715,未登場,他の世代を御覧ください
716,未登場,他の世代を御覧ください
717,未登場,他の世代を御覧ください
718,未登場,他の世代を御覧ください
719,未登場,他の世代を御覧ください
720,未登場,他の世代を御覧ください
721,未登場,他の世代を御覧ください
