1,-,ロケットずつき
1,-,しんぴのまもり
1,-,あまえる
1,-,はなびらのまい
1,-,マジカルリーフ
1,-,くさぶえ
1,-,のろい
1,-,ねをはる
1,-,しぜんのちから
1,-,ドわすれ
1,-,リーフストーム
1,HS,パワーウィップ
1,HS,ヘドロこうげき
2,-,ロケットずつき
2,-,しんぴのまもり
2,-,あまえる
2,-,はなびらのまい
2,-,マジカルリーフ
2,-,くさぶえ
2,-,のろい
2,-,ねをはる
2,-,しぜんのちから
2,-,ドわすれ
2,-,リーフストーム
2,HS,パワーウィップ
2,HS,ヘドロこうげき
3,-,ロケットずつき
3,-,しんぴのまもり
3,-,あまえる
3,-,はなびらのまい
3,-,マジカルリーフ
3,-,くさぶえ
3,-,のろい
3,-,ねをはる
3,-,しぜんのちから
3,-,ドわすれ
3,-,リーフストーム
3,HS,パワーウィップ
3,HS,ヘドロこうげき
4,-,はらだいこ
4,-,げんしのちから
4,-,いわなだれ
4,-,かみつく
4,-,げきりん
4,-,ふくろだたき
4,-,つるぎのまい
4,-,りゅうのまい
4,-,かみくだく
4,-,ドラゴンダイブ
4,-,メタルクロー
4,-,フレアドライブ
4,HS,カウンター
5,-,はらだいこ
5,-,げんしのちから
5,-,いわなだれ
5,-,かみつく
5,-,げきりん
5,-,ふくろだたき
5,-,つるぎのまい
5,-,りゅうのまい
5,-,かみくだく
5,-,ドラゴンダイブ
5,-,メタルクロー
5,-,フレアドライブ
5,HS,カウンター
6,-,はらだいこ
6,-,げんしのちから
6,-,いわなだれ
6,-,かみつく
6,-,げきりん
6,-,ふくろだたき
6,-,つるぎのまい
6,-,りゅうのまい
6,-,かみくだく
6,-,ドラゴンダイブ
6,-,メタルクロー
6,-,フレアドライブ
6,HS,カウンター
7,-,ミラーコート
7,-,くろいきり
7,-,しろいきり
7,-,みやぶる
7,-,じたばた
7,-,リフレッシュ
7,-,どろあそび
7,-,あくび
7,-,だくりゅう
7,-,ねこだまし
7,-,アクアリング
7,-,アクアジェット
7,HS,しおふき
8,-,ミラーコート
8,-,くろいきり
8,-,しろいきり
8,-,みやぶる
8,-,じたばた
8,-,リフレッシュ
8,-,どろあそび
8,-,あくび
8,-,だくりゅう
8,-,ねこだまし
8,-,アクアリング
8,-,アクアジェット
8,HS,しおふき
9,-,ミラーコート
9,-,くろいきり
9,-,しろいきり
9,-,みやぶる
9,-,じたばた
9,-,リフレッシュ
9,-,どろあそび
9,-,あくび
9,-,だくりゅう
9,-,ねこだまし
9,-,アクアリング
9,-,アクアジェット
9,HS,しおふき
10,なし,　
11,なし, 
12,なし, 
13,なし,　
14,なし, 
15,なし, 
16,-,おいうち
16,-,だましうち
16,-,みやぶる
16,-,はがねのつばさ
16,-,エアカッター
16,-,エアスラッシュ
16,-,ブレイブバード
16,-,さわぐ
17,-,おいうち
17,-,だましうち
17,-,みやぶる
17,-,はがねのつばさ
17,-,エアカッター
17,-,エアスラッシュ
17,-,ブレイブバード
17,-,さわぐ
18,-,おいうち
18,-,だましうち
18,-,みやぶる
18,-,はがねのつばさ
18,-,エアカッター
18,-,エアスラッシュ
18,-,ブレイブバード
18,-,さわぐ
19,-,いやなおと
19,-,かえんぐるま
19,-,みだれひっかき
19,-,かみつく
19,-,カウンター
19,-,きしかいせい
19,-,さわぐ
19,-,いばる
19,-,とっておき
19,-,さきどり
20,-,いやなおと
20,-,かえんぐるま
20,-,みだれひっかき
20,-,かみつく
20,-,カウンター
20,-,きしかいせい
20,-,さわぐ
20,-,いばる
20,-,とっておき
20,-,さきどり
21,-,だましうち
21,-,みねうち
21,-,こわいかお
21,-,でんこうせっか
21,-,トライアタック
21,-,おどろかす
21,-,ふきとばし
21,-,さわぐ
21,HS,フェザーダンス
22,-,だましうち
22,-,みねうち
22,-,こわいかお
22,-,でんこうせっか
22,-,トライアタック
22,-,おどろかす
22,-,ふきとばし
22,-,さわぐ
22,HS,フェザーダンス
23,-,おいうち
23,-,たたきつける
23,-,うらみ
23,-,ふくろだたき
23,-,どくどくのキバ
23,-,こわいかお
23,-,ポイズンテール
23,-,かなしばり
23,HS,すりかえ
24,-,おいうち
24,-,たたきつける
24,-,うらみ
24,-,ふくろだたき
24,-,どくどくのキバ
24,-,こわいかお
24,-,ポイズンテール
24,-,かなしばり
24,HS,すりかえ
25,-,きしかいせい
25,-,がまん
25,-,プレゼント
25,-,アンコール
25,-,おうふくビンタ
25,-,ねがいごと
25,-,じゅうでん
25,-,ねこだまし
25,-,かみなりパンチ
25,-,くすぐる
25,HS,じたばた
25,でんきだまを持たせて,ボルテッカー
26,-,きしかいせい
26,-,がまん
26,-,プレゼント
26,-,アンコール
26,-,おうふくビンタ
26,-,ねがいごと
26,-,じゅうでん
26,-,ねこだまし
26,-,かみなりパンチ
26,-,くすぐる
26,HS,じたばた
26,でんきだまを持たせて,ボルテッカー
27,-,じたばた
27,-,しんぴのまもり
27,-,カウンター
27,-,こうそくスピン
27,-,いわなだれ
27,-,メタルクロー
27,-,つるぎのまい
27,-,ブレイククロー
27,-,つじぎり
27,HS,マッドショット
28,-,じたばた
28,-,しんぴのまもり
28,-,カウンター
28,-,こうそくスピン
28,-,いわなだれ
28,-,メタルクロー
28,-,つるぎのまい
28,-,ブレイククロー
28,-,つじぎり
28,HS,マッドショット
29,-,ちょうおんぱ
29,-,かなしばり
29,-,とっしん
29,-,きあいだめ
29,-,あまえる
29,-,カウンター
29,-,ふくろだたき
29,-,おいうち
29,HS,ロケットずつき
30,-,ちょうおんぱ
30,-,かなしばり
30,-,とっしん
30,-,きあいだめ
30,-,あまえる
30,-,カウンター
30,-,ふくろだたき
30,-,おいうち
30,HS,ロケットずつき
31,-,ちょうおんぱ
31,-,かなしばり
31,-,とっしん
31,-,きあいだめ
31,-,あまえる
31,-,カウンター
31,-,ふくろだたき
31,-,おいうち
31,HS,ロケットずつき
32,-,カウンター
32,-,かなしばり
32,-,ちょうおんぱ
32,-,とっしん
32,-,ドわすれ
32,-,ねんりき
32,-,ふくろだたき
32,-,ふいうち
32,HS,もろはのずつき
33,-,カウンター
33,-,かなしばり
33,-,ちょうおんぱ
33,-,とっしん
33,-,ドわすれ
33,-,ねんりき
33,-,ふくろだたき
33,-,ふいうち
33,HS,もろはのずつき
34,-,カウンター
34,-,かなしばり
34,-,ちょうおんぱ
34,-,とっしん
34,-,ドわすれ
34,-,ねんりき
34,-,ふくろだたき
34,-,ふいうち
34,HS,もろはのずつき
35,-,プレゼント
35,-,ゆびをふる
35,-,ドわすれ
35,-,はらだいこ
35,-,はねる
35,-,ものまね
35,-,ねがいごと
35,-,みがわり
35,-,うそなき
35,-,ほしがる
35,HS,アロマセラピー
36,-,プレゼント
36,-,ゆびをふる
36,-,ドわすれ
36,-,はらだいこ
36,-,はねる
36,-,ものまね
36,-,ねがいごと
36,-,みがわり
36,-,うそなき
36,-,ほしがる
36,HS,アロマセラピー
37,-,だましうち
37,-,さいみんじゅつ
37,-,じたばた
37,-,うらみ
37,-,かなしばり
37,-,とおぼえ
37,-,じこあんじ
37,-,ねっぷう
37,-,フレアドライブ
37,-,じんつうりき
37,-,エナジーボール
37,HS,パワースワップ
38,-,だましうち
38,-,さいみんじゅつ
38,-,じたばた
38,-,うらみ
38,-,かなしばり
38,-,とおぼえ
38,-,じこあんじ
38,-,ねっぷう
38,-,フレアドライブ
38,-,じんつうりき
38,-,エナジーボール
38,HS,パワースワップ
39,-,ほろびのうた
39,-,プレゼント
39,-,だましうち
39,-,ねがいごと
39,-,うそなき
39,-,とっておき
40,-,ほろびのうた
40,-,プレゼント
40,-,だましうち
40,-,ねがいごと
40,-,うそなき
40,-,とっておき
41,-,でんこうせっか
41,-,おいうち
41,-,だましうち
41,-,かぜおこし
41,-,ふきとばし
41,-,のろい
41,-,わるだくみ
41,-,さいみんじゅつ
41,-,しねんの
41,-,ブレイブバード
42,-,でんこうせっか
42,-,おいうち
42,-,だましうち
42,-,かぜおこし
42,-,ふきとばし
42,-,のろい
42,-,わるだくみ
42,-,さいみんじゅつ
42,-,しねんの
42,-,ブレイブバード
43,-,つるぎのまい
43,-,はっぱカッター
43,-,じたばた
43,-,こうごうせい
43,-,あまえる
43,-,ねをはる
43,-,くすぐる
43,HS,フラフラダンス
44,-,つるぎのまい
44,-,はっぱカッター
44,-,じたばた
44,-,こうごうせい
44,-,あまえる
44,-,ねをはる
44,-,くすぐる
44,HS,フラフラダンス
45,-,つるぎのまい
45,-,はっぱカッター
45,-,じたばた
45,-,こうごうせい
45,-,あまえる
45,-,ねをはる
45,-,くすぐる
45,HS,フラフラダンス
46,-,みねうち
46,-,いやなおと
46,-,カウンター
46,-,サイケこうせん
46,-,じたばた
46,-,あまいかおり
46,-,ひかりのかべ
46,-,おいうち
46,-,メタルクロー
46,-,クロスポイズン
46,HS,こうそくいどう
47,-,みねうち
47,-,いやなおと
47,-,カウンター
47,-,サイケこうせん
47,-,じたばた
47,-,あまいかおり
47,-,ひかりのかべ
47,-,おいうち
47,-,メタルクロー
47,-,クロスポイズン
47,HS,こうそくいどう
48,-,バトンタッチ
48,-,いやなおと
48,-,ギガドレイン
48,-,シグナルビーム
48,-,こうそくいどう
48,-,あさのひざし
48,-,どくびし
49,-,バトンタッチ
49,-,いやなおと
49,-,ギガドレイン
49,-,シグナルビーム
49,-,こうそくいどう
49,-,あさのひざし
49,-,どくびし
50,-,だましうち
50,-,いやなおと
50,-,げんしのちから
50,-,おいうち
50,-,ふくろだたき
50,-,さわぐ
50,-,いわなだれ
50,-,どろばくだん
50,-,おどろかす
50,HS,きしかいせい
51,-,だましうち
51,-,いやなおと
51,-,げんしのちから
51,-,おいうち
51,-,ふくろだたき
51,-,さわぐ
51,-,いわなだれ
51,-,どろばくだん
51,-,おどろかす
51,HS,きしかいせい
52,-,うらみ
52,-,あまえる
52,-,さいみんじゅつ
52,-,ドわすれ
52,-,じこあんじ
52,-,ねこのて
52,-,かぎわける
52,-,じたばた
52,-,とっておき
52,-,おしおき
52,HS,しっぽをふる
53,-,うらみ
53,-,あまえる
53,-,さいみんじゅつ
53,-,ドわすれ
53,-,じこあんじ
53,-,ねこのて
53,-,かぎわける
53,-,じたばた
53,-,とっておき
53,-,おしおき
53,HS,しっぽをふる
54,-,さいみんじゅつ
54,-,サイケこうせん
54,-,みやぶる
54,-,ひかりのかべ
54,-,みらいよち
54,-,サイコキネシス
54,-,クロスチョップ
54,-,リフレッシュ
54,-,あやしいひかり
54,-,あくび
54,-,どろばくだん
54,HS,アンコール
55,-,さいみんじゅつ
55,-,サイケこうせん
55,-,みやぶる
55,-,ひかりのかべ
55,-,みらいよち
55,-,サイコキネシス
55,-,クロスチョップ
55,-,リフレッシュ
55,-,あやしいひかり
55,-,あくび
55,-,どろばくだん
55,HS,アンコール
56,-,いわなだれ
56,-,みやぶる
56,-,ヨガのポーズ
56,-,カウンター
56,-,きしかいせい
56,-,ふくろだたき
56,-,リベンジ
56,-,きつけ
56,-,インファイト
56,HS,アンコール
57,-,いわなだれ
57,-,みやぶる
57,-,ヨガのポーズ
57,-,カウンター
57,-,きしかいせい
57,-,ふくろだたき
57,-,リベンジ
57,-,きつけ
57,-,インファイト
57,HS,アンコール
58,-,のしかかり
58,-,しんぴのまもり
58,-,かみくだく
58,-,あばれる
58,-,ほのおのうず
58,-,とおぼえ
58,-,ねっぷう
58,-,すてみタックル
58,-,フレアドライブ
58,HS,あさのひざし
59,-,のしかかり
59,-,しんぴのまもり
59,-,かみくだく
59,-,あばれる
59,-,ほのおのうず
59,-,とおぼえ
59,-,ねっぷう
59,-,すてみタックル
59,-,フレアドライブ
59,HS,あさのひざし
60,-,しろいきり
60,-,はねる
60,-,バブルこうせん
60,-,くろいきり
60,-,こころのめ
60,-,みずあそび
60,-,アイスボール
60,-,マッドショット
60,-,リフレッシュ
60,-,がむしゃら
60,HS,アンコール
61,-,しろいきり
61,-,はねる
61,-,バブルこうせん
61,-,くろいきり
61,-,こころのめ
61,-,みずあそび
61,-,アイスボール
61,-,マッドショット
61,-,リフレッシュ
61,-,がむしゃら
61,HS,アンコール
62,-,しろいきり
62,-,はねる
62,-,バブルこうせん
62,-,くろいきり
62,-,こころのめ
62,-,みずあそび
62,-,アイスボール
62,-,マッドショット
62,-,リフレッシュ
62,-,がむしゃら
62,HS,アンコール
63,-,アンコール
63,-,バリアー
63,-,はたきおとす
63,-,ほのおのパンチ
63,-,かみなりパンチ
63,-,れいとうパンチ
63,-,パワートリック
63,-,ガードスワップ
64,-,アンコール
64,-,バリアー
64,-,はたきおとす
64,-,ほのおのパンチ
64,-,かみなりパンチ
64,-,れいとうパンチ
64,-,パワートリック
64,-,ガードスワップ
65,-,アンコール
65,-,バリアー
65,-,はたきおとす
65,-,ほのおのパンチ
65,-,かみなりパンチ
65,-,れいとうパンチ
65,-,パワートリック
65,-,ガードスワップ
66,-,ひかりのかべ
66,-,ヨガのポーズ
66,-,まわしげり
66,-,アンコール
66,-,きつけ
66,-,カウンター
66,-,いわなだれ
66,-,インファイト
66,-,ほのおのパンチ
66,-,かみなりパンチ
66,-,れいとうパンチ
66,-,バレットパンチ
66,HS,パワートリック
67,-,ひかりのかべ
67,-,ヨガのポーズ
67,-,まわしげり
67,-,アンコール
67,-,きつけ
67,-,カウンター
67,-,いわなだれ
67,-,インファイト
67,-,ほのおのパンチ
67,-,かみなりパンチ
67,-,れいとうパンチ
67,-,バレットパンチ
67,HS,パワートリック
68,-,ひかりのかべ
68,-,ヨガのポーズ
68,-,まわしげり
68,-,アンコール
68,-,きつけ
68,-,カウンター
68,-,いわなだれ
68,-,インファイト
68,-,ほのおのパンチ
68,-,かみなりパンチ
68,-,れいとうパンチ
68,-,バレットパンチ
68,HS,パワートリック
69,-,つるぎのまい
69,-,アンコール
69,-,リフレクター
69,-,こうごうせい
69,-,きゅうけつ
69,-,ねをはる
69,-,マジカルリーフ
69,-,くすぐる
69,HS,ウェザーボール
70,-,つるぎのまい
70,-,アンコール
70,-,リフレクター
70,-,こうごうせい
70,-,きゅうけつ
70,-,ねをはる
70,-,マジカルリーフ
70,-,くすぐる
70,HS,ウェザーボール
71,-,つるぎのまい
71,-,アンコール
71,-,リフレクター
71,-,こうごうせい
71,-,きゅうけつ
71,-,ねをはる
71,-,マジカルリーフ
71,-,くすぐる
71,HS,ウェザーボール
72,-,オーロラビーム
72,-,ミラーコート
72,-,こうそくスピン
72,-,くろいきり
72,-,しんぴのまもり
72,-,あやしいひかり
72,-,はたきおとす
72,-,つぼをつく
72,HS,だくりゅう
73,-,オーロラビーム
73,-,ミラーコート
73,-,こうそくスピン
73,-,くろいきり
73,-,しんぴのまもり
73,-,あやしいひかり
73,-,はたきおとす
73,-,つぼをつく
73,HS,だくりゅう
74,-,メガトンパンチ
74,-,いわなだれ
74,-,とおせんぼう
74,-,アームハンマー
74,-,じたばた
74,HS,のろい
75,-,メガトンパンチ
75,-,いわなだれ
75,-,とおせんぼう
75,-,アームハンマー
75,-,じたばた
75,HS,のろい
76,-,メガトンパンチ
76,-,いわなだれ
76,-,とおせんぼう
76,-,アームハンマー
76,-,じたばた
76,HS,のろい
77,-,かえんぐるま
77,-,あばれる
77,-,にどげり
77,-,さいみんじゅつ
77,-,あまえる
77,-,すてみタックル
77,-,つのドリル
77,HS,あさのひざし
78,-,かえんぐるま
78,-,あばれる
78,-,にどげり
78,-,さいみんじゅつ
78,-,あまえる
78,-,すてみタックル
78,-,つのドリル
78,HS,あさのひざし
79,-,しんぴのまもり
79,-,はらだいこ
79,-,みらいよち
79,-,ふみつけ
79,-,どろあそび
79,-,ねごと
79,-,いびき
79,-,さきどり
79,-,とおせんぼう
79,-,しねんのずつき
80,-,しんぴのまもり
80,-,はらだいこ
80,-,みらいよち
80,-,ふみつけ
80,-,どろあそび
80,-,ねごと
80,-,いびき
80,-,さきどり
80,-,とおせんぼう
80,-,しねんのずつき
81,なし,　
82,なし, 
83,-,はがねのつばさ
83,-,みやぶる
83,-,オウムがえし
83,-,かぜおこし
83,-,でんこうせっか
83,-,じたばた
83,-,フェザーダンス
83,-,のろい
83,-,ほしがる
83,-,どろかけ
83,-,つじぎり
83,HS,リーフブレード
84,-,でんこうせっか
84,-,ちょうおんぱ
84,-,くろいきり
84,-,だましうち
84,-,じたばた
84,-,がむしゃら
84,-,オウムがえし
84,-,ブレイブバード
85,-,でんこうせっか
85,-,ちょうおんぱ
85,-,くろいきり
85,-,だましうち
85,-,じたばた
85,-,がむしゃら
85,-,オウムがえし
85,-,ブレイブバード
86,-,したでなめる
86,-,ほろびのうた
86,-,かなしばり
86,-,つのドリル
86,-,たたきつける
86,-,アンコール
86,-,ねこだまし
86,-,つららばり
86,-,シグナルビーム
86,HS,たくわえる
86,HS,のみこむ
86,HS,はきだす
87,-,したでなめる
87,-,ほろびのうた
87,-,かなしばり
87,-,つのドリル
87,-,たたきつける
87,-,アンコール
87,-,ねこだまし
87,-,つららばり
87,-,シグナルビーム
87,HS,たくわえる
87,HS,のみこむ
87,HS,はきだす
88,-,くろいきり
88,-,くろいまなざし
88,-,したでなめる
88,-,ふういん
88,-,のろい
88,-,シャドーパンチ
88,-,だいばくはつ
88,-,かげうち
88,-,たくわえる
88,-,のみこむ
88,-,はきだす
88,HS,とおせんぼう
89,-,くろいきり
89,-,くろいまなざし
89,-,したでなめる
89,-,ふういん
89,-,のろい
89,-,シャドーパンチ
89,-,だいばくはつ
89,-,かげうち
89,-,たくわえる
89,-,のみこむ
89,-,はきだす
89,HS,とおせんぼう
90,-,バブルこうせん
90,-,とっしん
90,-,バリアー
90,-,こうそくスピン
90,-,いやなおと
90,-,つららばり
90,-,マッドショット
90,HS,ロックブラスト
91,-,バブルこうせん
91,-,とっしん
91,-,バリアー
91,-,こうそくスピン
91,-,いやなおと
91,-,つららばり
91,-,マッドショット
91,HS,ロックブラスト
92,-,サイコウェーブ
92,-,ほろびのうた
92,-,くろいきり
92,-,おどろかす
92,-,おにび
92,-,おんねん
92,-,だいばくはつ
92,-,ほのおのパンチ
92,-,れいとうパンチ
92,-,かみなりパンチ
92,HS,かなしばり
93,-,サイコウェーブ
93,-,ほろびのうた
93,-,くろいきり
93,-,おどろかす
93,-,おにび
93,-,おんねん
93,-,だいばくはつ
93,-,ほのおのパンチ
93,-,れいとうパンチ
93,-,かみなりパンチ
93,HS,かなしばり
94,-,サイコウェーブ
94,-,ほろびのうた
94,-,くろいきり
94,-,おどろかす
94,-,おにび
94,-,おんねん
94,-,だいばくはつ
94,-,ほのおのパンチ
94,-,れいとうパンチ
94,-,かみなりパンチ
94,HS,かなしばり
95,-,いわなだれ
95,-,じたばた
95,-,だいばくはつ
95,-,とおせんぼう
95,-,まるくなる
95,-,ころがる
95,-,ロックブラスト
96,-,バリアー
96,-,ねこのて
96,-,ほのおのパンチ
96,-,かみなりパンチ
96,-,れいとうパンチ
96,-,わるだくみ
96,-,おだてる
96,-,サイコカッター
96,HS,ガードスワップ
97,-,バリアー
97,-,ねこのて
97,-,ほのおのパンチ
97,-,かみなりパンチ
97,-,れいとうパンチ
97,-,わるだくみ
97,-,おだてる
97,-,サイコカッター
97,HS,ガードスワップ
98,-,あなをほる
98,-,くろいきり
98,-,ドわすれ
98,-,じたばた
98,-,たたきつける
98,-,はたきおとす
98,-,つるぎのまい
98,-,くすぐる
98,-,げんしのちから
98,HS,こうそくいどう
99,-,あなをほる
99,-,くろいきり
99,-,ドわすれ
99,-,じたばた
99,-,たたきつける
99,-,はたきおとす
99,-,つるぎのまい
99,-,くすぐる
99,-,げんしのちから
99,HS,こうそくいどう
100,なし, 
101,なし, 
102,-,こうごうせい
102,-,つきのひかり
102,-,リフレクター
102,-,げんしのちから
102,-,じこあんじ
102,-,ねをはる
102,-,のろい
102,-,しぜんのちから
102,-,おまじない
102,-,リーフストーム
102,HS,パワースワップ
103,-,こうごうせい
103,-,つきのひかり
103,-,リフレクター
103,-,げんしのちから
103,-,じこあんじ
103,-,ねをはる
103,-,のろい
103,-,しぜんのちから
103,-,おまじない
103,-,リーフストーム
103,HS,パワースワップ
104,-,いわなだれ
104,-,げんしのちから
104,-,はらだいこ
104,-,いやなおと
104,-,ロケットずつき
104,-,ほろびのうた
104,-,つるぎのまい
104,-,にどげり
104,-,アイアンヘッド
104,HS,みきり
105,-,いわなだれ
105,-,げんしのちから
105,-,はらだいこ
105,-,いやなおと
105,-,ロケットずつき
105,-,ほろびのうた
105,-,つるぎのまい
105,-,にどげり
105,-,アイアンヘッド
105,HS,みきり
106,-,こうそくスピン
106,-,とびひざげり
106,-,マッハパンチ
106,-,こころのめ
106,-,てだすけ
106,-,カウンター
106,-,しんくうは
106,-,バレットパンチ
107,-,こうそくスピン
107,-,とびひざげり
107,-,マッハパンチ
107,-,こころのめ
107,-,てだすけ
107,-,カウンター
107,-,しんくうは
107,-,バレットパンチ
108,-,はらだいこ
108,-,マグニチュード
108,-,のしかかり
108,-,のろい
108,-,きつけ
108,-,ねごと
108,-,いびき
108,-,みがわり
108,-,ドわすれ
108,-,アームハンマー
108,HS,だくりゅう
109,-,いやなおと
109,-,サイコウェーブ
109,-,サイケこうせん
109,-,みちづれ
109,-,おにび
109,-,おんねん
109,-,うらみ
109,-,のろい
110,-,いやなおと
110,-,サイコウェーブ
110,-,サイケこうせん
110,-,みちづれ
110,-,おにび
110,-,おんねん
110,-,うらみ
110,-,のろい
111,-,かみくだく
111,-,きしかいせい
111,-,いわなだれ
111,-,カウンター
111,-,マグニチュード
111,-,つるぎのまい
111,-,のろい
111,-,ブレイククロー
111,-,ドラゴンダイブ
111,-,こおりのキバ
111,-,ほのおのキバ
111,-,かみなりのキバ
111,HS,ロケットずつき
111,HS,とおせんぼう
112,-,かみくだく
112,-,きしかいせい
112,-,いわなだれ
112,-,カウンター
112,-,マグニチュード
112,-,つるぎのまい
112,-,のろい
112,-,ブレイククロー
112,-,ドラゴンダイブ
112,-,こおりのキバ
112,-,ほのおのキバ
112,-,かみなりのキバ
112,HS,ロケットずつき
112,HS,とおせんぼう
113,-,プレゼント
113,-,ゆびをふる
113,-,アロマセラピー
113,-,みがわり
113,-,カウンター
113,-,てだすけ
113,HS,どろばくだん
114,-,じたばた
114,-,ねんりき
114,-,メガドレイン
114,-,リフレクター
114,-,ドわすれ
114,-,やどりぎのタネ
114,-,しぜんのちから
114,-,がむしゃら
114,-,リーフストーム
114,HS,パワースワップ
115,-,ふみつけ
115,-,みやぶる
115,-,きあいだめ
115,-,しんぴのまもり
115,-,かなしばり
115,-,カウンター
115,-,ブレイククロー
115,-,みがわり
115,-,すてみタックル
115,-,がむしゃら
116,-,アームハンマー
116,-,じたばた
116,-,オーロラビーム
116,-,オクタンほう
116,-,かなしばり
116,-,はねる
116,-,りゅうのいかり
116,-,りゅうのいぶき
116,-,シグナルビーム
116,HS,かまいたち
116,HS,だくりゅう
117,-,アームハンマー
117,-,じたばた
117,-,オーロラビーム
117,-,オクタンほう
117,-,かなしばり
117,-,はねる
117,-,りゅうのいかり
117,-,りゅうのいぶき
117,-,シグナルビーム
117,HS,かまいたち
117,HS,だくりゅう
118,-,サイケこうせん
118,-,くろいきり
118,-,ハイドロポンプ
118,-,ねごと
118,-,どろあそび
118,-,どろかけ
118,-,アクアテール
118,HS,のしかかり
119,-,サイケこうせん
119,-,くろいきり
119,-,ハイドロポンプ
119,-,ねごと
119,-,どろあそび
119,-,どろかけ
119,-,アクアテール
119,HS,のしかかり
120,なし, 
121,なし, 
122,-,みらいよち
122,-,さいみんじゅつ
122,-,ものまね
122,-,じこあんじ
122,-,ねこだまし
122,-,トリック
122,-,あやしいひかり
122,-,めざましビンタ
122,-,フラフラダンス
122,HS,わるだくみ
123,-,カウンター
123,-,しんぴのまもり
123,-,バトンタッチ
123,-,かまいたち
123,-,きしかいせい
123,-,ひかりのかべ
123,-,こらえる
123,-,ぎんいろのかぜ
123,-,むしのさざめき
123,-,つじぎり
124,-,ヨガのポーズ
124,-,じこあんじ
124,-,ねこだまし
124,-,ねがいごと
124,-,れいとうパンチ
124,-,ミラクルアイ
124,HS,わるだくみ
125,-,からてチョップ
125,-,バリアー
125,-,まわしげり
125,-,ヨガのポーズ
125,-,クロスチョップ
125,-,ほのおのパンチ
125,-,れいとうパンチ
125,-,ばくれつパンチ
125,HS,フェイント
126,-,からてチョップ
126,-,メガトンパンチ
126,-,バリアー
126,-,いやなおと
126,-,クロスチョップ
126,-,かみなりパンチ
126,-,マッハパンチ
126,-,ばくれつパンチ
126,-,フレアドライブ
126,HS,はらだいこ
127,-,みだれづき
127,-,じたばた
127,-,みねうち
127,-,だましうち
127,-,でんこうせっか
127,-,インファイト
127,-,フェイント
128,なし,　
129,なし,　
130,なし,　
131,-,みやぶる
131,-,みがわり
131,-,くすぐる
131,-,リフレッシュ
131,-,りゅうのまい
131,-,のろい
131,-,ねごと
131,-,つのドリル
131,-,げんしのちから
131,-,うずしお
131,-,じわれ
132,なし,　
133,-,あまえる
133,-,じたばた
133,-,こらえる
133,-,のろい
133,-,くすぐる
133,-,ねがいごと
133,-,あくび
133,-,うそなき
133,-,ほしがる
133,HS,みきり
134,-,あまえる
134,-,じたばた
134,-,こらえる
134,-,のろい
134,-,くすぐる
134,-,ねがいごと
134,-,あくび
134,-,うそなき
134,-,ほしがる
134,HS,みきり
135,-,あまえる
135,-,じたばた
135,-,こらえる
135,-,のろい
135,-,くすぐる
135,-,ねがいごと
135,-,あくび
135,-,うそなき
135,-,ほしがる
135,HS,みきり
136,-,あまえる
136,-,じたばた
136,-,こらえる
136,-,のろい
136,-,くすぐる
136,-,ねがいごと
136,-,あくび
136,-,うそなき
136,-,ほしがる
136,HS,みきり
137,なし,　
138,-,バブルこうせん
138,-,オーロラビーム
138,-,たたきつける
138,-,ちょうおんぱ
138,-,くろいきり
138,-,いわなだれ
138,-,まきびし
138,-,はたきおとす
138,-,しぼりとる
138,-,どくびし
138,HS,だくりゅう
139,-,バブルこうせん
139,-,オーロラビーム
139,-,たたきつける
139,-,ちょうおんぱ
139,-,くろいきり
139,-,いわなだれ
139,-,まきびし
139,-,はたきおとす
139,-,しぼりとる
139,-,どくびし
139,HS,だくりゅう
140,-,バブルこうせん
140,-,オーロラビーム
140,-,こうそくスピン
140,-,あなをほる
140,-,じたばた
140,-,はたきおとす
140,-,あやしいひかり
140,-,マッドショット
140,-,こごえるかぜ
140,-,いやなおと
141,-,バブルこうせん
141,-,オーロラビーム
141,-,こうそくスピン
141,-,あなをほる
141,-,じたばた
141,-,はたきおとす
141,-,あやしいひかり
141,-,マッドショット
141,-,こごえるかぜ
141,-,いやなおと
142,-,ふきとばし
142,-,おいうち
142,-,みやぶる
142,-,はがねのつばさ
142,-,りゅうのいぶき
142,-,のろい
142,-,ダメおし
143,-,したでなめる
143,-,あまえる
143,-,すてみタックル
143,-,のろい
143,-,じわれ
143,-,みがわり
143,-,ふきとばし
143,-,おいうち
143,HS,カウンター
144,なし,　
145,なし,　
146,なし,　
147,-,ひかりのかべ
147,-,しろいきり
147,-,くろいきり
147,-,ちょうおんぱ
147,-,りゅうのいぶき
147,-,りゅうのまい
147,-,ドラゴンダイブ
147,HS,しんそく
148,-,ひかりのかべ
148,-,しろいきり
148,-,くろいきり
148,-,ちょうおんぱ
148,-,りゅうのいぶき
148,-,りゅうのまい
148,-,ドラゴンダイブ
148,HS,しんそく
149,-,ひかりのかべ
149,-,しろいきり
149,-,くろいきり
149,-,ちょうおんぱ
149,-,りゅうのいぶき
149,-,りゅうのまい
149,-,ドラゴンダイブ
149,HS,しんそく
150,なし,　
151,なし,　
152,-,しぜんのちから
152,-,ねをはる
152,-,くさぶえ
152,-,リーフストーム
152,-,アロマセラピー
152,-,しぼりとる
152,HS,のしかかり
153,-,しぜんのちから
153,-,ねをはる
153,-,くさぶえ
153,-,リーフストーム
153,-,アロマセラピー
153,-,しぼりとる
153,HS,のしかかり
154,-,しぜんのちから
154,-,ねをはる
154,-,くさぶえ
154,-,リーフストーム
154,-,アロマセラピー
154,-,しぼりとる
154,HS,のしかかり
155,-,みだれひっかき
155,-,でんこうせっか
155,-,きしかいせい
155,-,あばれる
155,-,みやぶる
155,-,ほしがる
155,-,とおぼえ
155,-,ブレイククロー
155,-,すてみタックル
155,-,にどげり
155,-,フレアドライブ
155,HS,じんつうりき
156,-,みだれひっかき
156,-,でんこうせっか
156,-,きしかいせい
156,-,あばれる
156,-,みやぶる
156,-,ほしがる
156,-,とおぼえ
156,-,ブレイククロー
156,-,すてみタックル
156,-,にどげり
156,-,フレアドライブ
156,HS,じんつうりき
157,-,みだれひっかき
157,-,でんこうせっか
157,-,きしかいせい
157,-,あばれる
157,-,みやぶる
157,-,ほしがる
157,-,とおぼえ
157,-,ブレイククロー
157,-,すてみタックル
157,-,にどげり
157,-,フレアドライブ
157,HS,じんつうりき
158,-,かみくだく
158,-,あばれる
158,-,ハイドロポンプ
158,-,げんしのちから
158,-,いわなだれ
158,-,どろあそび
158,-,みずあそび
158,-,ドラゴンクロー
158,-,れいとうパンチ
158,-,メタルクロー
158,-,りゅうのまい
158,HS,アクアジェット
159,-,かみくだく
159,-,あばれる
159,-,ハイドロポンプ
159,-,げんしのちから
159,-,いわなだれ
159,-,どろあそび
159,-,みずあそび
159,-,ドラゴンクロー
159,-,れいとうパンチ
159,-,メタルクロー
159,-,りゅうのまい
159,HS,アクアジェット
160,-,かみくだく
160,-,あばれる
160,-,ハイドロポンプ
160,-,げんしのちから
160,-,いわなだれ
160,-,どろあそび
160,-,みずあそび
160,-,ドラゴンクロー
160,-,れいとうパンチ
160,-,メタルクロー
160,-,りゅうのまい
160,HS,アクアジェット
161,-,すてみタックル
161,-,おいうち
161,-,きりさく
161,-,きあいだめ
161,-,きしかいせい
161,-,みがわり
161,-,トリック
161,-,ねこのて
161,-,とっておき
161,-,あまえる
161,-,ほしがる
162,-,すてみタックル
162,-,おいうち
162,-,きりさく
162,-,きあいだめ
162,-,きしかいせい
162,-,みがわり
162,-,トリック
162,-,ねこのて
162,-,とっておき
162,-,あまえる
162,-,ほしがる
163,-,オウムがえし
163,-,ちょうおんぱ
163,-,だましうち
163,-,つばさでうつ
163,-,ふきとばし
163,-,フェザーダンス
163,-,こうそくいどう
163,-,ナイトヘッド
164,-,オウムがえし
164,-,ちょうおんぱ
164,-,だましうち
164,-,つばさでうつ
164,-,ふきとばし
164,-,フェザーダンス
164,-,こうそくいどう
164,-,ナイトヘッド
165,-,サイケこうせん
165,-,がまん
165,-,ぎんいろのかぜ
165,-,むしのさざめき
165,-,いやなおと
165,-,アンコール
165,-,はたきおとす
165,-,むしくい
167,-,サイケこうせん
167,-,かなしばり
167,-,ソニックブーム
167,-,バトンタッチ
167,-,おいうち
167,-,シグナルビーム
167,-,どくびし
167,-,どくづき
168,-,サイケこうせん
168,-,かなしばり
168,-,ソニックブーム
168,-,バトンタッチ
168,-,おいうち
168,-,シグナルビーム
168,-,どくびし
168,-,どくづき
169,-,でんこうせっか
169,-,おいうち
169,-,だましうち
169,-,かぜおこし
169,-,ふきとばし
169,-,のろい
169,-,わるだくみ
169,-,さいみんじゅつ
169,-,しねんの
169,-,ブレイブバード
170,-,じたばた
170,-,いやなおと
170,-,ドわすれ
170,-,サイケこうせん
170,-,うずしお
170,-,こうそくいどう
170,-,しろいきり
171,-,じたばた
171,-,いやなおと
171,-,ドわすれ
171,-,サイケこうせん
171,-,うずしお
171,-,こうそくいどう
171,-,しろいきり
172,-,きしかいせい
172,-,がまん
172,-,プレゼント
172,-,アンコール
172,-,おうふくビンタ
172,-,ねがいごと
172,-,じゅうでん
172,-,ねこだまし
172,-,かみなりパンチ
172,-,くすぐる
172,HS,じたばた
172,でんきだまを持たせて,ボルテッカー
173,-,プレゼント
173,-,ゆびをふる
173,-,ドわすれ
173,-,はらだいこ
173,-,はねる
173,-,ものまね
173,-,ねがいごと
173,-,みがわり
173,-,うそなき
173,-,ほしがる
173,HS,アロマセラピー
174,-,ほろびのうた
174,-,プレゼント
174,-,だましうち
174,-,ねがいごと
174,-,うそなき
174,-,とっておき
175,-,ほしがる
175,-,プレゼント
175,-,オウムがえし
175,-,つつく
175,-,みやぶる
175,-,みらいよち
175,-,みがわり
175,-,じこあんじ
175,-,わるだくみ
175,-,サイコシフト
175,-,おまじない
175,HS,じんつうりき
176,-,ほしがる
176,-,プレゼント
176,-,オウムがえし
176,-,つつく
176,-,みやぶる
176,-,みらいよち
176,-,みがわり
176,-,じこあんじ
176,-,わるだくみ
176,-,サイコシフト
176,-,おまじない
176,HS,じんつうりき
177,-,くろいきり
177,-,ドリルくちばし
177,-,でんこうせっか
177,-,だましうち
177,-,はがねのつばさ
177,-,じこあんじ
177,-,フェザーダンス
177,-,リフレッシュ
177,-,しねんの
177,-,ふいうち
178,-,くろいきり
178,-,ドリルくちばし
178,-,でんこうせっか
178,-,だましうち
178,-,はがねのつばさ
178,-,じこあんじ
178,-,フェザーダンス
178,-,リフレッシュ
178,-,しねんの
178,-,ふいうち
179,-,とっしん
179,-,のしかかり
179,-,しんぴのまもり
179,-,いやなおと
179,-,リフレクター
179,-,かぎわける
179,-,じゅうでん
179,-,おだてる
179,-,すなかけ
180,-,とっしん
180,-,のしかかり
180,-,しんぴのまもり
180,-,いやなおと
180,-,リフレクター
180,-,かぎわける
180,-,じゅうでん
180,-,おだてる
180,-,すなかけ
181,-,とっしん
181,-,のしかかり
181,-,しんぴのまもり
181,-,いやなおと
181,-,リフレクター
181,-,かぎわける
181,-,じゅうでん
181,-,おだてる
181,-,すなかけ
182,-,つるぎのまい
182,-,はっぱカッター
182,-,じたばた
182,-,こうごうせい
182,-,あまえる
182,-,ねをはる
182,-,くすぐる
182,HS,フラフラダンス
183,-,ひかりのかべ
183,-,プレゼント
183,-,ドわすれ
183,-,みらいよち
183,-,はらだいこ
183,-,ほろびのうた
183,-,ちょうおんぱ
183,-,みがわり
183,-,アクアジェット
183,-,ばかぢから
183,-,リフレッシュ
183,HS,のしかかり
184,-,ひかりのかべ
184,-,プレゼント
184,-,ドわすれ
184,-,みらいよち
184,-,はらだいこ
184,-,ほろびのうた
184,-,ちょうおんぱ
184,-,みがわり
184,-,アクアジェット
184,-,ばかぢから
184,-,リフレッシュ
184,HS,のしかかり
185,-,じばく
185,-,かたくなる
185,-,まるくなる
185,-,ころがる
185,-,すなじごく
185,HS,とおせんぼう
186,-,じばく
186,-,かたくなる
186,-,まるくなる
186,-,ころがる
186,-,すなじごく
186,HS,とおせんぼう
187,-,ねんりき
187,-,アンコール
187,-,すてみタックル
187,-,リフレクター
187,-,ドわすれ
187,-,てだすけ
187,-,じこあんじ
187,-,アロマセラピー
188,-,ねんりき
188,-,アンコール
188,-,すてみタックル
188,-,リフレクター
188,-,ドわすれ
188,-,てだすけ
188,-,じこあんじ
188,-,アロマセラピー
189,-,ねんりき
189,-,アンコール
189,-,すてみタックル
189,-,リフレクター
189,-,ドわすれ
189,-,てだすけ
189,-,じこあんじ
189,-,アロマセラピー
190,-,カウンター
190,-,いやなおと
190,-,おいうち
190,-,こうそくいどう
190,-,うらみ
190,-,たたきつける
190,-,おうふくビンタ
190,-,ふくろだたき
190,-,ねこだまし
190,-,ほしがる
191,-,とびはねる
191,-,くさぶえ
191,-,アンコール
191,-,やどりぎのタネ
191,-,しぜんのちから
191,-,のろい
191,-,てだすけ
191,-,ねをはる
191,-,あまいかおり
192,-,とびはねる
192,-,くさぶえ
192,-,アンコール
192,-,やどりぎのタネ
192,-,しぜんのちから
192,-,のろい
192,-,てだすけ
192,-,ねをはる
192,-,あまいかおり
193,-,ふきとばし
193,-,きしかいせい
193,-,きゅうけつ
193,-,シグナルビーム
193,-,ぎんいろのかぜ
193,-,フェイント
193,-,だましうち
193,-,おいうち
194,-,のしかかり
194,-,げんしのちから
194,-,しんぴのまもり
194,-,のろい
194,-,どろあそび
194,-,たくわえる
194,-,のみこむ
194,-,はきだす
194,-,カウンター
194,-,アンコール
194,-,にどげり
194,HS,じこさいせい
195,-,のしかかり
195,-,げんしのちから
195,-,しんぴのまもり
195,-,のろい
195,-,どろあそび
195,-,たくわえる
195,-,のみこむ
195,-,はきだす
195,-,カウンター
195,-,アンコール
195,-,にどげり
195,HS,じこさいせい
196,-,あまえる
196,-,じたばた
196,-,こらえる
196,-,のろい
196,-,くすぐる
196,-,ねがいごと
196,-,あくび
196,-,うそなき
196,-,ほしがる
196,HS,みきり
197,-,あまえる
197,-,じたばた
197,-,こらえる
197,-,のろい
197,-,くすぐる
197,-,ねがいごと
197,-,あくび
197,-,うそなき
197,-,ほしがる
197,HS,みきり
198,-,ふきとばし
198,-,ドリルくちばし
198,-,オウムがえし
198,-,つばさでうつ
198,-,あやしいひかり
198,-,フェザーダンス
198,-,ほろびのうた
198,-,サイコシフト
198,-,いやなおと
198,-,だましうち
198,HS,ブレイブバード
199,-,しんぴのまもり
199,-,はらだいこ
199,-,みらいよち
199,-,ふみつけ
199,-,どろあそび
199,-,ねごと
199,-,いびき
199,-,さきどり
199,-,とおせんぼう
199,-,しねんのずつき
200,-,いやなおと
200,-,みちづれ
200,-,じこあんじ
200,-,ふういん
200,-,おきみやげ
200,-,ふいうち
200,-,かげうち
200,-,のろい
200,-,うらみ
200,-,あやしいかぜ
200,HS,わるだくみ
201,なし,　
202,なし, 
203,-,とっしん
203,-,ドわすれ
203,-,みやぶる
203,-,みらいよち
203,-,ふくろだたき
203,-,じこあんじ
203,-,ねがいごと
203,-,にどげり
203,-,ミラーコート
203,HS,かまいたち
204,-,リフレクター
204,-,ミサイルばり
204,-,じたばた
204,-,スピードスター
204,-,カウンター
204,-,すなじごく
204,-,リベンジ
204,-,すてみタックル
204,-,どくびし
204,HS,パワートリック
205,-,リフレクター
205,-,ミサイルばり
205,-,じたばた
205,-,スピードスター
205,-,カウンター
205,-,すなじごく
205,-,リベンジ
205,-,すてみタックル
205,-,どくびし
205,HS,パワートリック
206,-,がまん
206,-,げんしのちから
206,-,いわなだれ
206,-,かみつく
206,-,おどろかす
206,-,のろい
206,-,きりふだ
206,-,いびき
206,HS,こうそくいどう
207,-,メタルクロー
207,-,つばさでうつ
207,-,かまいたち
207,-,カウンター
207,-,すなじごく
207,-,こうそくいどう
207,-,バトンタッチ
207,-,すてみタックル
207,-,フェイント
207,-,つじぎり
207,-,クロスポイズン
207,HS,パワートリック
208,-,メタルクロー
208,-,つばさでうつ
208,-,かまいたち
208,-,カウンター
208,-,すなじごく
208,-,こうそくいどう
208,-,バトンタッチ
208,-,すてみタックル
208,-,フェイント
208,-,つじぎり
208,-,クロスポイズン
208,HS,パワートリック
209,-,ゆびをふる
209,-,だましうち
209,-,リフレクター
209,-,プレゼント
209,-,かみくだく
209,-,いびき
209,-,きつけ
209,-,インファイト
209,-,こおりのキバ
209,-,ほのおのキバ
209,-,かみなりのキバ
210,-,ゆびをふる
210,-,だましうち
210,-,リフレクター
210,-,プレゼント
210,-,かみくだく
210,-,いびき
210,-,きつけ
210,-,インファイト
210,-,こおりのキバ
210,-,ほのおのキバ
210,-,かみなりのキバ
211,-,じたばた
211,-,くろいきり
211,-,バブルこうせん
211,-,ちょうおんぱ
211,-,おどろかす
211,-,シグナルビーム
211,-,どくづき
211,HS,アクアジェット
212,-,カウンター
212,-,しんぴのまもり
212,-,バトンタッチ
212,-,かまいたち
212,-,きしかいせい
212,-,ひかりのかべ
212,-,こらえる
212,-,ぎんいろのかぜ
212,-,むしのさざめき
212,-,つじぎり
213,-,あまいかおり
213,-,はたきおとす
213,-,てだすけ
213,-,つぼをつく
213,-,すなじごく
214,-,どろかけ
214,-,かたくなる
214,-,がまん
214,-,じたばた
214,-,みねうち
214,-,リベンジ
214,-,おいうち
215,-,すてみタックル
215,-,カウンター
215,-,うらみ
215,-,みやぶる
215,-,リフレクター
215,-,かみつく
215,-,ブレイククロー
215,-,ねこだまし
215,-,ダブルアタック
215,-,おしおき
215,-,おいうち
215,-,こおりのつぶて
215,-,れいとうパンチ
215,HS,ねこのて
216,-,かみくだく
216,-,とっしん
216,-,ちきゅうなげ
216,-,カウンター
216,-,メタルクロー
216,-,うそなき
216,-,あくび
216,-,ねごと
216,-,クロスチョップ
216,-,すてみタックル
216,-,インファイト
216,-,つじぎり
216,HS,はらだいこ
217,-,かみくだく
217,-,とっしん
217,-,ちきゅうなげ
217,-,カウンター
217,-,メタルクロー
217,-,うそなき
217,-,あくび
217,-,ねごと
217,-,クロスチョップ
217,-,すてみタックル
217,-,インファイト
217,-,つじぎり
217,HS,はらだいこ
218,-,とける
218,-,ねっぷう
218,-,のろい
218,-,えんまく
218,-,おきみやげ
218,-,たくわえる
218,-,はきだす
218,-,のみこむ
219,-,とける
219,-,ねっぷう
219,-,のろい
219,-,えんまく
219,-,おきみやげ
219,-,たくわえる
219,-,はきだす
219,-,のみこむ
220,-,とっしん
220,-,かみつく
220,-,のしかかり
220,-,いわなだれ
220,-,げんしのちから
220,-,マッドショット
220,-,つららばり
220,-,すてみタックル
220,-,じわれ
220,-,のろい
220,HS,マッドショット
221,-,とっしん
221,-,かみつく
221,-,のしかかり
221,-,いわなだれ
221,-,げんしのちから
221,-,マッドショット
221,-,つららばり
221,-,すてみタックル
221,-,じわれ
221,-,のろい
221,HS,マッドショット
222,-,いわなだれ
222,-,いやなおと
222,-,しろいきり
222,-,ドわすれ
222,-,バリアー
222,-,ねをはる
222,-,あやしいひかり
222,-,つららばり
222,-,しぜんのちから
222,-,アクアリング
222,HS,のろい
223,-,オーロラビーム
223,-,オクタンほう
223,-,ちょうおんぱ
223,-,くろいきり
223,-,いやなおと
223,-,でんじは
223,-,ロックブラスト
223,-,いびき
223,-,じたばた
223,HS,しおふき
224,-,オーロラビーム
224,-,オクタンほう
224,-,ちょうおんぱ
224,-,くろいきり
224,-,いやなおと
224,-,でんじは
224,-,ロックブラスト
224,-,いびき
224,-,じたばた
224,HS,しおふき
225,-,オーロラビーム
225,-,でんこうせっか
225,-,みらいよち
225,-,はねる
225,-,こうそくスピン
225,-,アイスボール
225,-,こおりのつぶて
225,-,れいとうパンチ
225,HS,ねこだまし
226,-,たつまき
226,-,ハイドロポンプ
226,-,くろいきり
226,-,たたきつける
226,-,どろあそび
226,-,いわなだれ
226,-,ミラーコート
226,-,みずあそび
227,-,はねる
227,-,ドリルくちばし
227,-,おいうち
227,-,ふきとばし
227,-,のろい
227,-,ブレイブバード
227,-,ダメおし
227,HS,ガードスワップ
228,-,ほのおのうず
228,-,いかり
228,-,おいうち
228,-,カウンター
228,-,うらみ
228,-,きしかいせい
228,-,ふくろだたき
228,-,おにび
228,-,ほのおのキバ
228,-,かみなりのキバ
228,-,わるだくみ
228,-,おしおき
228,HS,フェイント
229,-,ほのおのうず
229,-,いかり
229,-,おいうち
229,-,カウンター
229,-,うらみ
229,-,きしかいせい
229,-,ふくろだたき
229,-,おにび
229,-,ほのおのキバ
229,-,かみなりのキバ
229,-,わるだくみ
229,-,おしおき
229,HS,フェイント
230,-,アームハンマー
230,-,じたばた
230,-,オーロラビーム
230,-,オクタンほう
230,-,かなしばり
230,-,はねる
230,-,りゅうのいかり
230,-,りゅうのいぶき
230,-,シグナルビーム
230,HS,かまいたち
230,HS,だくりゅう
231,-,きあいだめ
231,-,のしかかり
231,-,げんしのちから
231,-,いびき
231,-,カウンター
231,-,じわれ
231,-,がむしゃら
231,-,こおりのつぶて
231,HS,もろはのずつき
232,-,きあいだめ
232,-,のしかかり
232,-,げんしのちから
232,-,いびき
232,-,カウンター
232,-,じわれ
232,-,がむしゃら
232,-,こおりのつぶて
232,HS,もろはのずつき
233,なし, 
234,-,うらみ
234,-,かなしばり
234,-,かみつく
234,-,いばる
234,-,じこあんじ
234,-,じんつうりき
234,-,あばれる
234,-,にどげり
234,-,しねんの
234,HS,メガホーン
235,なし,　
236,-,こうそくスピン
236,-,とびひざげり
236,-,マッハパンチ
236,-,こころのめ
236,-,てだすけ
236,-,カウンター
236,-,しんくうは
236,-,バレットパンチ
237,-,こうそくスピン
237,-,とびひざげり
237,-,マッハパンチ
237,-,こころのめ
237,-,てだすけ
237,-,カウンター
237,-,しんくうは
237,-,バレットパンチ
238,-,ヨガのポーズ
238,-,じこあんじ
238,-,ねこだまし
238,-,ねがいごと
238,-,れいとうパンチ
238,-,ミラクルアイ
238,HS,わるだくみ
239,-,からてチョップ
239,-,バリアー
239,-,まわしげり
239,-,ヨガのポーズ
239,-,クロスチョップ
239,-,ほのおのパンチ
239,-,れいとうパンチ
239,-,ばくれつパンチ
239,HS,フェイント
240,-,からてチョップ
240,-,メガトンパンチ
240,-,バリアー
240,-,いやなおと
240,-,クロスチョップ
240,-,かみなりパンチ
240,-,マッハパンチ
240,-,ばくれつパンチ
240,-,フレアドライブ
240,HS,はらだいこ
241,-,プレゼント
241,-,きしかいせい
241,-,ちきゅうなげ
241,-,こらえる
241,-,じこあんじ
241,-,のろい
241,-,てだすけ
241,-,ねごと
241,-,ピヨピヨパンチ
241,-,アームハンマー
241,-,すてみタックル
241,-,おしおき
242,-,プレゼント
242,-,ゆびをふる
242,-,アロマセラピー
242,-,みがわり
242,-,カウンター
242,-,てだすけ
242,-,とっておき
242,HS,どろばくだん
243,なし,　
244,なし,　
245,なし,　
246,-,おいうち
246,-,ふみつけ
246,-,げきりん
246,-,きあいだめ
246,-,げんしのちから
246,-,りゅうのまい
246,-,のろい
246,-,てっぺき
246,-,ダメおし
246,-,アイアンヘッド
247,-,おいうち
247,-,ふみつけ
247,-,げきりん
247,-,きあいだめ
247,-,げんしのちから
247,-,りゅうのまい
247,-,のろい
247,-,てっぺき
247,-,ダメおし
247,-,アイアンヘッド
248,-,おいうち
248,-,ふみつけ
248,-,げきりん
248,-,きあいだめ
248,-,げんしのちから
248,-,りゅうのまい
248,-,のろい
248,-,てっぺき
248,-,ダメおし
248,-,アイアンヘッド
249,なし,　
250,なし,　
251,なし,　
252,-,かみくだく
252,-,どろあそび
252,-,がむしゃら
252,-,やどりぎのタネ
252,-,りゅうのいぶき
252,-,ブレイククロー
252,-,にどげり
252,-,くさぶえ
252,-,こうごうせい
252,-,マジカルリーフ
252,-,リーフストーム
252,HS,かまいたち
253,-,かみくだく
253,-,どろあそび
253,-,がむしゃら
253,-,やどりぎのタネ
253,-,りゅうのいぶき
253,-,ブレイククロー
253,-,にどげり
253,-,くさぶえ
253,-,こうごうせい
253,-,マジカルリーフ
253,-,リーフストーム
253,HS,かまいたち
254,-,かみくだく
254,-,どろあそび
254,-,がむしゃら
254,-,やどりぎのタネ
254,-,りゅうのいぶき
254,-,ブレイククロー
254,-,にどげり
254,-,くさぶえ
254,-,こうごうせい
254,-,マジカルリーフ
254,-,リーフストーム
254,HS,かまいたち
255,-,カウンター
255,-,きしかいせい
255,-,こらえる
255,-,いばる
255,-,いわなだれ
255,-,きつけ
255,-,ブレイククロー
255,-,バトンタッチ
255,-,こうそくいどう
255,-,つじぎり
255,-,とっておき
255,-,フェイント
255,HS,フェザーダンス
256,-,カウンター
256,-,きしかいせい
256,-,こらえる
256,-,いばる
256,-,いわなだれ
256,-,きつけ
256,-,ブレイククロー
256,-,バトンタッチ
256,-,こうそくいどう
256,-,つじぎり
256,-,とっておき
256,-,フェイント
256,HS,フェザーダンス
257,-,カウンター
257,-,きしかいせい
257,-,こらえる
257,-,いばる
257,-,いわなだれ
257,-,きつけ
257,-,ブレイククロー
257,-,バトンタッチ
257,-,こうそくいどう
257,-,つじぎり
257,-,とっておき
257,-,フェイント
257,HS,フェザーダンス
258,-,リフレッシュ
258,-,さわぐ
258,-,のろい
258,-,ふみつけ
258,-,アイスボール
258,-,ミラーコート
258,-,カウンター
258,-,げんしのちから
258,-,うずしお
258,-,かみつく
258,-,すてみタックル
258,-,どろばくだん
258,HS,あくび
258,HS,ヘドロこうげき
259,-,さわぐ
259,-,のろい
259,-,ふみつけ
259,-,アイスボール
259,-,ミラーコート
259,-,カウンター
259,-,げんしのちから
259,-,うずしお
259,-,かみつく
259,-,すてみタックル
259,-,どろばくだん
259,HS,あくび
259,HS,ヘドロこうげき
260,-,さわぐ
260,-,のろい
260,-,ふみつけ
260,-,アイスボール
260,-,ミラーコート
260,-,カウンター
260,-,げんしのちから
260,-,うずしお
260,-,かみつく
260,-,すてみタックル
260,-,どろばくだん
260,HS,あくび
260,HS,ヘドロこうげき
261,-,おどろかす
261,-,どくどくのキバ
261,-,ほしがる
261,-,にらみつける
261,-,あくび
261,-,ふいうち
261,-,こおりのキバ
261,-,ほのおのキバ
261,-,かみなりのキバ
261,-,さきどり
262,-,おどろかす
262,-,どくどくのキバ
262,-,ほしがる
262,-,にらみつける
262,-,あくび
262,-,ふいうち
262,-,こおりのキバ
262,-,ほのおのキバ
262,-,かみなりのキバ
262,-,さきどり
263,-,あまえる
263,-,おいうち
263,-,みがわり
263,-,くすぐる
263,-,トリック
263,-,てだすけ
263,-,どろかけ
264,-,あまえる
264,-,おいうち
264,-,みがわり
264,-,くすぐる
264,-,トリック
264,-,てだすけ
264,-,どろかけ
265,なし,　
266,なし,　
267,なし,　
268,なし,　
269,なし,　
270,-,こうごうせい
270,-,はっぱカッター
270,-,あまいかおり
270,-,やどりぎのタネ
270,-,じたばた
270,-,みずでっぽう
270,-,くすぐる
270,HS,カウンター
271,-,こうごうせい
271,-,はっぱカッター
271,-,あまいかおり
271,-,やどりぎのタネ
271,-,じたばた
271,-,みずでっぽう
271,-,くすぐる
271,HS,カウンター
272,-,こうごうせい
272,-,はっぱカッター
272,-,あまいかおり
272,-,やどりぎのタネ
272,-,じたばた
272,-,みずでっぽう
272,-,くすぐる
272,HS,カウンター
273,-,やどりぎのタネ
273,-,ドわすれ
273,-,でんこうせっか
273,-,かまいたち
273,-,とっしん
273,-,みねうち
273,-,わるだくみ
273,HS,パワースワップ
274,-,やどりぎのタネ
274,-,ドわすれ
274,-,でんこうせっか
274,-,かまいたち
274,-,とっしん
274,-,みねうち
274,-,わるだくみ
274,HS,パワースワップ
275,-,やどりぎのタネ
275,-,ドわすれ
275,-,でんこうせっか
275,-,かまいたち
275,-,とっしん
275,-,みねうち
275,-,わるだくみ
275,HS,パワースワップ
276,-,おいうち
276,-,ちょうおんぱ
276,-,リフレッシュ
276,-,オウムがえし
276,-,いかり
276,-,ふきとばし
276,-,ブレイブバード
277,-,おいうち
277,-,ちょうおんぱ
277,-,リフレッシュ
277,-,オウムがえし
277,-,いかり
277,-,ふきとばし
277,-,ブレイブバード
278,-,しろいきり
278,-,たつまき
278,-,こうそくいどう
278,-,かぜおこし
278,-,みずあそび
278,-,アクアリング
278,-,はたきおとす
279,-,しろいきり
279,-,たつまき
279,-,こうそくいどう
279,-,かぜおこし
279,-,みずあそび
279,-,アクアリング
279,-,はたきおとす
280,-,かなしばり
280,-,おにび
280,-,くろいまなざし
280,-,おきみやげ
280,-,みちづれ
280,-,おんねん
280,-,かげうち
280,-,あやしいひかり
280,HS,アンコール
281,-,かなしばり
281,-,おにび
281,-,くろいまなざし
281,-,おきみやげ
281,-,みちづれ
281,-,おんねん
281,-,かげうち
281,-,あやしいひかり
281,HS,アンコール
282,-,かなしばり
282,-,おにび
282,-,くろいまなざし
282,-,おきみやげ
282,-,みちづれ
282,-,おんねん
282,-,かげうち
282,-,あやしいひかり
282,HS,アンコール
283,-,みやぶる
283,-,マッドショット
283,-,サイケこうせん
283,-,ハイドロポンプ
283,-,こころのめ
283,-,シグナルビーム
284,-,みやぶる
284,-,マッドショット
284,-,サイケこうせん
284,-,ハイドロポンプ
284,-,こころのめ
284,-,シグナルビーム
285,-,うそなき
285,-,いばる
285,-,あまえる
285,-,みねうち
285,-,てだすけ
285,-,めざましビンタ
285,-,タネばくだん
286,-,うそなき
286,-,いばる
286,-,あまえる
286,-,みねうち
286,-,てだすけ
286,-,めざましビンタ
286,-,タネばくだん
287,-,おいうち
287,-,きりさく
287,-,のしかかり
287,-,いびき
287,-,ブレイククロー
287,-,のろい
287,-,ねごと
287,-,アームハンマー
287,-,つじぎり
288,-,おいうち
288,-,きりさく
288,-,のしかかり
288,-,いびき
288,-,ブレイククロー
288,-,のろい
288,-,ねごと
288,-,アームハンマー
288,-,つじぎり
289,-,おいうち
289,-,きりさく
289,-,のしかかり
289,-,いびき
289,-,ブレイククロー
289,-,のろい
289,-,ねごと
289,-,アームハンマー
289,-,つじぎり
290,-,こらえる
290,-,だましうち
290,-,かぜおこし
290,-,ぎんいろのかぜ
290,-,むしのさざめき
290,-,つじぎり
291,-,こらえる
291,-,だましうち
291,-,かぜおこし
291,-,ぎんいろのかぜ
291,-,むしのさざめき
291,-,つじぎり
292,-,こらえる
292,-,だましうち
292,-,かぜおこし
292,-,ぎんいろのかぜ
292,-,むしのさざめき
292,-,つじぎり
293,-,とっしん
293,-,いびき
293,-,いばる
293,-,じんつうりき
293,-,きつけ
293,-,えんまく
293,-,がむしゃら
293,HS,アームハンマー
294,-,とっしん
294,-,いびき
294,-,いばる
294,-,じんつうりき
294,-,きつけ
294,-,えんまく
294,-,がむしゃら
294,HS,アームハンマー
295,-,とっしん
295,-,いびき
295,-,いばる
295,-,じんつうりき
295,-,きつけ
295,-,えんまく
295,-,がむしゃら
295,HS,アームハンマー
296,-,だましうち
296,-,みきり
296,-,みやぶる
296,-,てだすけ
296,-,クロスチョップ
296,-,リベンジ
296,-,ばくれつパンチ
296,-,カウンター
296,-,めざましビンタ
296,-,バレットパンチ
296,HS,フェイント
297,-,だましうち
297,-,みきり
297,-,みやぶる
297,-,てだすけ
297,-,クロスチョップ
297,-,リベンジ
297,-,ばくれつパンチ
297,-,カウンター
297,-,めざましビンタ
297,-,バレットパンチ
297,HS,フェイント
298,-,アンコール
298,-,うたう
298,-,リフレッシュ
298,-,たたきつける
298,-,くすぐる
298,-,うそなき
298,HS,のしかかり
299,-,マグニチュード
299,-,ころがる
299,-,だいばくはつ
299,-,すてみタックル
299,HS,もろはのずつき
300,-,てだすけ
300,-,じこあんじ
300,-,さわぐ
300,-,うそなき
300,-,ねがいごと
300,-,バトンタッチ
300,-,みがわり
300,-,くすぐる
300,-,とっておき
300,-,ねこだまし
300,-,しねんの
300,-,ふいうち
300,HS,どろばくだん
301,-,てだすけ
301,-,じこあんじ
301,-,さわぐ
301,-,うそなき
301,-,ねがいごと
301,-,バトンタッチ
301,-,みがわり
301,-,くすぐる
301,-,とっておき
301,-,ねこだまし
301,-,しねんの
301,-,ふいうち
301,HS,どろばくだん
302,-,じこあんじ
302,-,じこさいせい
302,-,つきのひかり
302,-,わるだくみ
302,-,おだてる
302,HS,フェイント
303,-,つるぎのまい
303,-,みねうち
303,-,どくどくのキバ
303,-,じこあんじ
303,-,げんしのちから
303,-,くすぐる
303,-,ふいうち
303,-,こおりのキバ
303,-,ほのおのキバ
303,-,かみなりのキバ
303,-,おしおき
303,HS,ガードスワップ
304,-,がむしゃら
304,-,のしかかり
304,-,ふみつけ
304,-,きつけ
304,-,のろい
304,-,いやなおと
304,-,アイアンヘッド
304,-,ドラゴンダイブ
304,HS,もろはのずつき
305,-,がむしゃら
305,-,のしかかり
305,-,ふみつけ
305,-,きつけ
305,-,のろい
305,-,いやなおと
305,-,アイアンヘッド
305,-,ドラゴンダイブ
305,HS,もろはのずつき
306,-,がむしゃら
306,-,のしかかり
306,-,ふみつけ
306,-,きつけ
306,-,のろい
306,-,いやなおと
306,-,アイアンヘッド
306,-,ドラゴンダイブ
306,HS,もろはのずつき
307,-,ほのおのパンチ
307,-,かみなりパンチ
307,-,れいとうパンチ
307,-,みやぶる
307,-,ねこだまし
307,-,バトンタッチ
307,-,ばくれつパンチ
307,-,パワースワップ
307,-,ガードスワップ
307,-,サイコカッター
307,-,バレットパンチ
308,-,ほのおのパンチ
308,-,かみなりパンチ
308,-,れいとうパンチ
308,-,みやぶる
308,-,ねこだまし
308,-,バトンタッチ
308,-,ばくれつパンチ
308,-,パワースワップ
308,-,ガードスワップ
308,-,サイコカッター
308,-,バレットパンチ
309,-,かみくだく
309,-,さわぐ
309,-,のろい
309,-,スピードスター
309,-,ほうでん
309,-,こおりのキバ
309,-,ほのおのキバ
309,-,かみなりのキバ
309,HS,すりかえ
310,-,かみくだく
310,-,さわぐ
310,-,のろい
310,-,スピードスター
310,-,ほうでん
310,-,こおりのキバ
310,-,ほのおのキバ
310,-,かみなりのキバ
310,HS,すりかえ
311,-,みがわり
311,-,ねがいごと
311,-,うたう
311,-,てんしのキッス
311,HS,ほうでん
312,-,みがわり
312,-,ねがいごと
312,-,うたう
312,-,てんしのキッス
312,HS,ほうでん
313,-,バトンタッチ
313,-,ぎんいろのかぜ
313,-,トリック
313,-,アンコール
314,-,むしのさざめき
314,-,バトンタッチ
314,-,ぎんいろのかぜ
314,-,せいちょう
314,-,アンコール
315,-,むしのさざめき
315,-,まきびし
315,-,こうごうせい
315,-,ミサイルばり
315,-,わたほうし
315,-,ねむりごな
315,-,はっぱカッター
315,-,こころのめ
316,-,リーフストーム
316,-,ゆめくい
316,-,とける
316,-,スモッグ
316,-,のろい
316,-,みちづれ
317,-,リーフストーム
317,-,ゆめくい
317,-,とける
317,-,スモッグ
317,-,のろい
317,-,みちづれ
318,-,ハイドロポンプ
318,-,すてみタックル
318,-,あばれる
318,-,げんしのちから
319,-,ハイドロポンプ
319,-,すてみタックル
319,-,あばれる
319,-,げんしのちから
320,-,すてみタックル
320,-,あばれる
320,-,いばる
320,-,いびき
320,-,ねごと
320,-,のろい
320,-,じわれ
320,-,くすぐる
320,-,まるくなる
320,-,のしかかり
320,HS,アクアリング
321,-,すてみタックル
321,-,あばれる
321,-,いばる
321,-,いびき
321,-,ねごと
321,-,のろい
321,-,じわれ
321,-,くすぐる
321,-,まるくなる
321,-,のしかかり
321,HS,アクアリング
322,-,とおぼえ
322,-,こわいかお
322,-,のしかかり
322,-,ころがる
322,-,まるくなる
322,-,ふみつけ
322,-,あくび
322,-,げんしのちから
322,-,どろばくだん
322,-,ねっぷう
322,HS,たくわえる
322,HS,のみこむ
322,HS,はきだす
323,-,とおぼえ
323,-,こわいかお
323,-,のしかかり
323,-,ころがる
323,-,まるくなる
323,-,ふみつけ
323,-,あくび
323,-,げんしのちから
323,-,どろばくだん
323,-,ねっぷう
323,HS,たくわえる
323,HS,のみこむ
323,HS,はきだす
324,-,ふんか
324,-,こらえる
324,-,ねごと
324,-,あくび
324,-,じしん
324,-,じわれ
324,HS,ロケットずつき
325,-,みらいよち
325,-,じんつうりき
325,-,みがわり
325,-,トリック
325,-,しねんの
325,-,ドわすれ
325,-,ミラーコート
326,-,みらいよち
326,-,じんつうりき
326,-,みがわり
326,-,トリック
326,-,しねんの
326,-,ドわすれ
326,-,ミラーコート
327,-,アンコール
327,-,いわなだれ
327,-,ねこのて
327,-,かなしばり
327,-,バトンタッチ
327,-,ねがいごと
327,-,トリック
327,-,きつけ
327,-,ねこだまし
328,-,サイコカッター
328,-,きあいだめ
328,-,でんこうせっか
328,-,かぜおこし
328,-,じたばた
328,-,れんぞくぎり
328,HS,マッドショット
329,-,サイコカッター
329,-,きあいだめ
329,-,でんこうせっか
329,-,かぜおこし
329,-,じたばた
329,-,れんぞくぎり
329,HS,マッドショット
330,-,サイコカッター
330,-,きあいだめ
330,-,でんこうせっか
330,-,かぜおこし
330,-,じたばた
330,-,れんぞくぎり
330,HS,マッドショット
331,-,くさぶえ
331,-,ようかいえき
331,-,フラフラダンス
331,-,ばくれつパンチ
331,-,カウンター
331,-,きつけ
331,-,マジカルリーフ
331,-,タネばくだん
331,HS,わるだくみ
332,-,くさぶえ
332,-,ようかいえき
332,-,フラフラダンス
332,-,ばくれつパンチ
332,-,カウンター
332,-,きつけ
332,-,マジカルリーフ
332,-,タネばくだん
332,HS,わるだくみ
333,-,こうそくいどう
333,-,くろいきり
333,-,おいうち
333,-,いかり
333,-,フェザーダンス
333,-,ドラゴンダイブ
333,HS,パワースワップ
334,-,こうそくいどう
334,-,くろいきり
334,-,おいうち
334,-,いかり
334,-,フェザーダンス
334,-,ドラゴンダイブ
334,HS,パワースワップ
335,-,じたばた
335,-,にどげり
335,-,かまいたち
335,-,カウンター
335,-,ほえる
335,-,のろい
335,-,みだれひっかき
335,-,つじぎり
335,-,メタルクロー
335,-,ダブルアタック
335,HS,かなしばり
336,-,たくわえる
336,-,のみこむ
336,-,はきだす
336,-,のしかかり
336,-,こわいかお
336,-,ダメおし
336,-,つじぎり
336,HS,すりかえ
337,なし,　
338,なし,　
339,-,あばれる
339,-,うずしお
339,-,スパーク
339,-,ハイドロポンプ
339,-,じたばた
339,-,とっしん
339,HS,りゅうのまい
340,-,あばれる
340,-,うずしお
340,-,スパーク
340,-,ハイドロポンプ
340,-,じたばた
340,-,とっしん
340,HS,りゅうのまい
341,-,どろあそび
341,-,がむしゃら
341,-,のしかかり
341,-,げんしのちから
341,-,はたきおとす
341,-,ばかぢから
341,-,メタルクロー
341,HS,りゅうのまい
342,-,どろあそび
342,-,がむしゃら
342,-,のしかかり
342,-,げんしのちから
342,-,はたきおとす
342,-,ばかぢから
342,-,メタルクロー
342,HS,りゅうのまい
343,なし,　
344,なし,　
345,-,バリアー
345,-,じこさいせい
345,-,ミラーコート
345,-,いわなだれ
345,-,しぼりとる
345,-,くすぐる
345,HS,のろい
346,-,バリアー
346,-,じこさいせい
346,-,ミラーコート
346,-,いわなだれ
346,-,しぼりとる
346,-,くすぐる
346,HS,のろい
347,-,こうそくスピン
347,-,はたきおとす
347,-,つるぎのまい
347,-,いわなだれ
347,-,いやなおと
347,-,すなかけ
347,-,クロスポイズン
347,HS,のろい
348,-,こうそくスピン
348,-,はたきおとす
348,-,つるぎのまい
348,-,いわなだれ
348,-,いやなおと
348,-,すなかけ
348,-,クロスポイズン
348,HS,のろい
349,-,ミラーコート
349,-,りゅうのいぶき
349,-,どろあそび
349,-,さいみんじゅつ
349,-,ひかりのかべ
349,-,あやしいひかり
349,-,しろいきり
349,-,くろいきり
349,-,くすぐる
350,-,ミラーコート
350,-,りゅうのいぶき
350,-,どろあそび
350,-,さいみんじゅつ
350,-,ひかりのかべ
350,-,あやしいひかり
350,-,しろいきり
350,-,くろいきり
350,-,くすぐる
351,-,みらいよち
351,-,じこあんじ
351,-,おまじない
351,-,かなしばり
351,-,ドわすれ
352,-,あやしいかぜ
352,-,かなしばり
352,-,トリック
352,-,ねこだまし
352,-,わるだくみ
352,-,ピヨピヨパンチ
352,HS,じこさいせい
353,-,かなしばり
353,-,みちづれ
353,-,みやぶる
353,-,おどろかす
353,-,ふういん
353,-,おいうち
353,-,かげうち
353,-,しっぺがえし
353,-,あやしいひかり
354,-,かなしばり
354,-,みちづれ
354,-,みやぶる
354,-,おどろかす
354,-,ふういん
354,-,おいうち
354,-,かげうち
354,-,しっぺがえし
354,-,あやしいひかり
355,-,ふういん
355,-,みちづれ
355,-,おんねん
355,-,おきみやげ
355,-,だましうち
355,-,あやしいかぜ
356,-,ふういん
356,-,みちづれ
356,-,おんねん
356,-,おきみやげ
356,-,だましうち
356,-,あやしいかぜ
357,-,たたきつける
357,-,かまいたち
357,-,やどりぎのタネ
357,-,しぜんのちから
357,-,リーフストーム
357,-,こうごうせい
357,-,のろい
357,-,リーフブレード
357,HS,りゅうのまい
358,-,かなしばり
358,-,のろい
358,-,さいみんじゅつ
358,-,ゆめくい
358,-,ねがいごと
359,-,みらいよち
359,-,バトンタッチ
359,-,だましうち
359,-,すてみタックル
359,-,のろい
359,-,みがわり
359,-,くろいまなざし
359,-,しねんの
359,-,おしおき
359,-,ふいうち
359,-,ダメおし
359,-,さきどり
360,なし,　
361,-,とおせんぼう
361,-,まきびし
361,-,ころがる
361,-,かなしばり
361,-,がまん
361,HS,ウェザーボール
362,-,とおせんぼう
362,-,まきびし
362,-,ころがる
362,-,かなしばり
362,-,がまん
362,HS,ウェザーボール
363,-,みずあそび
363,-,たくわえる
363,-,のみこむ
363,-,はきだす
363,-,あくび
363,-,いわなだれ
363,-,のろい
363,-,じわれ
363,-,シグナルビーム
363,HS,アクアリング
364,-,みずあそび
364,-,たくわえる
364,-,のみこむ
364,-,はきだす
364,-,あくび
364,-,いわなだれ
364,-,のろい
364,-,じわれ
364,-,シグナルビーム
364,HS,アクアリング
365,-,みずあそび
365,-,たくわえる
365,-,のみこむ
365,-,はきだす
365,-,あくび
365,-,いわなだれ
365,-,のろい
365,-,じわれ
365,-,シグナルビーム
365,HS,アクアリング
366,-,リフレッシュ
366,-,どろあそび
366,-,のしかかり
366,-,ちょうおんぱ
366,-,バリアー
366,-,あやしいひかり
366,-,アクアリング
366,HS,だくりゅう
367,-,リフレッシュ
367,-,どろあそび
367,-,のしかかり
367,-,ちょうおんぱ
367,-,バリアー
367,-,あやしいひかり
367,-,アクアリング
367,HS,だくりゅう
368,-,リフレッシュ
368,-,どろあそび
368,-,のしかかり
368,-,ちょうおんぱ
368,-,バリアー
368,-,あやしいひかり
368,-,アクアリング
368,HS,だくりゅう
369,-,マグニチュード
369,-,ロケットずつき
369,-,みずあそび
369,-,ドわすれ
369,-,ねごと
369,-,いわなだれ
369,-,アクアテール
369,-,いびき
369,-,どろかけ
369,HS,だくりゅう
370,-,はねる
370,-,ちょうおんぱ
370,-,みずあそび
370,-,どろあそび
370,-,ゆうわく
370,-,アクアリング
370,HS,アクアジェット
371,-,ハイドロポンプ
371,-,あばれる
371,-,りゅうのいかり
371,-,たつまき
371,-,りゅうのまい
371,-,ほのおのキバ
371,-,シャドークロー
371,-,ドラゴンダイブ
372,-,ハイドロポンプ
372,-,あばれる
372,-,りゅうのいかり
372,-,たつまき
372,-,りゅうのまい
372,-,ほのおのキバ
372,-,シャドークロー
372,-,ドラゴンダイブ
373,-,ハイドロポンプ
373,-,あばれる
373,-,りゅうのいかり
373,-,たつまき
373,-,りゅうのまい
373,-,ほのおのキバ
373,-,シャドークロー
373,-,ドラゴンダイブ
374,なし,　
375,なし,　
376,なし,　
377,なし,　
378,なし,　
379,なし,　
380,なし,　
381,なし,　
382,なし,　
383,なし,　
384,なし,　
385,なし,　
386,なし,　
387,-,せいちょう
387,-,くすぐる
387,-,のしかかり
387,-,すてみタックル
387,-,すなじごく
387,-,タネばくだん
387,-,あばれる
387,-,ドわすれ
387,-,ばかぢから
387,HS,たくわえる
387,HS,のみこむ
387,HS,はきだす
388,-,せいちょう
388,-,くすぐる
388,-,のしかかり
388,-,すてみタックル
388,-,すなじごく
388,-,タネばくだん
388,-,あばれる
388,-,ドわすれ
388,-,ばかぢから
388,HS,たくわえる
388,HS,のみこむ
388,HS,はきだす
389,-,せいちょう
389,-,くすぐる
389,-,のしかかり
389,-,すてみタックル
389,-,すなじごく
389,-,タネばくだん
389,-,あばれる
389,-,ドわすれ
389,-,ばかぢから
389,HS,たくわえる
389,HS,のみこむ
389,HS,はきだす
390,-,ほのおのパンチ
390,-,かみなりパンチ
390,-,にどげり
390,-,アンコール
390,-,ねっぷう
390,-,きあいだめ
390,-,てだすけ
390,-,ねこだまし
390,-,ブレイズキック
390,-,カウンター
390,HS,ねこのて
391,-,ほのおのパンチ
391,-,かみなりパンチ
391,-,にどげり
391,-,アンコール
391,-,ねっぷう
391,-,きあいだめ
391,-,てだすけ
391,-,ねこだまし
391,-,ブレイズキック
391,-,カウンター
391,HS,ねこのて
392,-,ほのおのパンチ
392,-,かみなりパンチ
392,-,にどげり
392,-,アンコール
392,-,ねっぷう
392,-,きあいだめ
392,-,てだすけ
392,-,ねこだまし
392,-,ブレイズキック
392,-,カウンター
392,HS,ねこのて
393,-,ダブルアタック
393,-,ちょうおんぱ
393,-,あくび
393,-,どろあそび
393,-,どろかけ
393,-,いびき
393,-,じたばた
393,-,こうそくいどう
393,-,アクアリング
393,-,ハイドロポンプ
393,HS,フェザーダンス
394,-,ダブルアタック
394,-,ちょうおんぱ
394,-,あくび
394,-,どろあそび
394,-,どろかけ
394,-,いびき
394,-,じたばた
394,-,こうそくいどう
394,-,アクアリング
394,-,ハイドロポンプ
394,HS,フェザーダンス
395,-,ダブルアタック
395,-,ちょうおんぱ
395,-,あくび
395,-,どろあそび
395,-,どろかけ
395,-,いびき
395,-,じたばた
395,-,こうそくいどう
395,-,アクアリング
395,-,ハイドロポンプ
395,HS,フェザーダンス
396,-,フェザーダンス
396,-,みだれづき
396,-,おいうち
396,-,おどろかす
396,-,すなかけ
396,-,みやぶる
396,-,すてみタックル
397,-,フェザーダンス
397,-,みだれづき
397,-,おいうち
397,-,おどろかす
397,-,すなかけ
397,-,みやぶる
397,-,すてみタックル
398,-,フェザーダンス
398,-,みだれづき
398,-,おいうち
398,-,おどろかす
398,-,すなかけ
398,-,みやぶる
398,-,すてみタックル
399,-,でんこうせっか
399,-,みずあそび
399,-,すてみタックル
399,-,みだれひっかき
399,-,まるくなる
399,-,ころがる
399,-,かぎわける
399,-,アクアテール
400,-,でんこうせっか
400,-,みずあそび
400,-,すてみタックル
400,-,みだれひっかき
400,-,まるくなる
400,-,ころがる
400,-,かぎわける
400,-,アクアテール
401,なし,　
402,なし,　
403,-,こおりのキバ
403,-,ほのおのキバ
403,-,かみなりのキバ
403,-,でんこうせっか
403,-,とおぼえ
403,-,とっしん
403,HS,つじぎり
404,-,こおりのキバ
404,-,ほのおのキバ
404,-,かみなりのキバ
404,-,でんこうせっか
404,-,とおぼえ
404,-,とっしん
404,HS,つじぎり
405,-,こおりのキバ
405,-,ほのおのキバ
405,-,かみなりのキバ
405,-,でんこうせっか
405,-,とおぼえ
405,-,とっしん
405,HS,つじぎり
406,-,まきびし
406,-,こうごうせい
406,-,ミサイルばり
406,-,わたほうし
406,-,ねむりごな
406,-,はっぱカッター
406,-,こころのめ
406,-,リーフストーム
406,-,じんつうりき
407,-,まきびし
407,-,こうごうせい
407,-,ミサイルばり
407,-,わたほうし
407,-,ねむりごな
407,-,はっぱカッター
407,-,こころのめ
407,-,リーフストーム
407,-,じんつうりき
408,-,かみくだく
408,-,あばれる
408,-,すてみタックル
408,-,にらみつける
408,-,たたきつける
408,-,ふみつけ
408,-,ふきとばし
408,-,アームハンマー
408,HS,のろい
409,-,かみくだく
409,-,あばれる
409,-,すてみタックル
409,-,にらみつける
409,-,たたきつける
409,-,ふみつけ
409,-,ふきとばし
409,-,アームハンマー
409,HS,のろい
410,-,こわいかお
410,-,きあいだめ
410,-,すてみタックル
410,-,ロックブラスト
410,-,のしかかり
410,-,いやなおと
410,-,のろい
410,-,じわれ
410,HS,カウンター
411,-,こわいかお
411,-,きあいだめ
411,-,すてみタックル
411,-,ロックブラスト
411,-,のしかかり
411,-,いやなおと
411,-,のろい
411,-,じわれ
411,HS,カウンター
412,なし,　
413,なし,　
414,なし,　
415,なし,　
416,なし,　
417,-,ほしがる
417,-,かみつく
417,-,うそなき
417,-,まるくなる
417,-,ころがる
417,-,おだてる
418,-,じたばた
418,-,どろかけ
418,-,みだれひっかき
418,-,きりさく
418,-,かぎわける
418,-,おうふくビンタ
418,-,れんぞくぎり
418,-,バトンタッチ
419,-,じたばた
419,-,どろかけ
419,-,みだれひっかき
419,-,きりさく
419,-,かぎわける
419,-,おうふくビンタ
419,-,れんぞくぎり
419,-,バトンタッチ
420,-,はっぱカッター
420,-,あまいかおり
420,-,くすぐる
420,-,しぜんのちから
420,-,くさぶえ
420,-,アロマセラピー
420,HS,ウェザーボール
421,-,はっぱカッター
421,-,あまいかおり
421,-,くすぐる
421,-,しぜんのちから
421,-,くさぶえ
421,-,アロマセラピー
421,HS,ウェザーボール
422,-,カウンター
422,-,ミラーコート
422,-,たくわえる
422,-,のみこむ
422,-,はきだす
422,-,あくび
422,-,おきみやげ
422,-,のろい
422,-,ドわすれ
422,-,じわれ
422,HS,きりふだ
422,HS,ヘドロこうげき
423,-,カウンター
423,-,ミラーコート
423,-,たくわえる
423,-,のみこむ
423,-,はきだす
423,-,あくび
423,-,おきみやげ
423,-,のろい
423,-,ドわすれ
423,-,じわれ
423,HS,きりふだ
423,HS,ヘドロこうげき
424,-,カウンター
424,-,いやなおと
424,-,おいうち
424,-,こうそくいどう
424,-,うらみ
424,-,たたきつける
424,-,おうふくビンタ
424,-,ふくろだたき
424,-,ねこだまし
424,-,ほしがる
425,-,おきみやげ
425,-,のしかかり
425,-,みちづれ
425,-,かなしばり
425,-,くろいきり
425,-,さいみんじゅつ
425,HS,ウェザーボール
426,-,おきみやげ
426,-,のしかかり
426,-,みちづれ
426,-,かなしばり
426,-,くろいきり
426,-,さいみんじゅつ
426,HS,ウェザーボール
427,-,うそなき
427,-,ねこだまし
427,-,アンコール
427,-,てんしのキッス
427,-,ダブルアタック
427,-,メロメロ
427,-,スカイアッパー
427,-,すりかえ
427,-,かみなりパンチ
427,-,れいとうパンチ
427,-,ほのおのパンチ
427,HS,じたばた
428,-,うそなき
428,-,ねこだまし
428,-,アンコール
428,-,てんしのキッス
428,-,ダブルアタック
428,-,メロメロ
428,-,スカイアッパー
428,-,すりかえ
428,-,かみなりパンチ
428,-,れいとうパンチ
428,-,ほのおのパンチ
428,HS,じたばた
429,-,いやなおと
429,-,みちづれ
429,-,じこあんじ
429,-,ふういん
429,-,おきみやげ
429,-,ふいうち
429,-,かげうち
429,-,のろい
429,-,うらみ
429,-,あやしいかぜ
429,HS,わるだくみ
430,-,ふきとばし
430,-,ドリルくちばし
430,-,オウムがえし
430,-,つばさでうつ
430,-,あやしいひかり
430,-,フェザーダンス
430,-,ほろびのうた
430,-,サイコシフト
430,-,いやなおと
430,-,だましうち
430,HS,ブレイブバード
431,-,かみつく
431,-,しっぽをふる
431,-,でんこうせっか
431,-,すなかけ
431,-,うそなき
431,-,ダメおし
431,HS,じたばた
432,-,かみつく
432,-,しっぽをふる
432,-,でんこうせっか
432,-,すなかけ
432,-,うそなき
432,-,ダメおし
432,HS,じたばた
433,-,かなしばり
433,-,のろい
433,-,さいみんじゅつ
433,-,ゆめくい
433,-,ねがいごと
433,-,みらいよち
434,-,じこさいせい
434,-,おいうち
434,-,にらみつける
434,-,スモッグ
434,-,すてみタックル
434,-,かみくだく
434,-,こわいかお
434,-,おどろかす
434,-,おしおき
434,HS,くろいきり
435,-,じこさいせい
435,-,おいうち
435,-,にらみつける
435,-,スモッグ
435,-,すてみタックル
435,-,かみくだく
435,-,こわいかお
435,-,おどろかす
435,-,おしおき
435,HS,くろいきり
436,なし,　
437,なし,　
438,-,じばく
438,-,かたくなる
438,-,まるくなる
438,-,ころがる
438,-,すなじごく
439,-,みらいよち
439,-,さいみんじゅつ
439,-,ものまね
439,-,じこあんじ
439,-,ねこだまし
439,-,トリック
439,-,あやしいひかり
439,-,めざましビンタ
439,-,フラフラダンス
439,-,いやしのねがい
439,-,あまえる
439,HS,わるだくみ
440,-,プレゼント
440,-,ゆびをふる
440,-,アロマセラピー
440,-,みがわり
440,-,カウンター
440,-,てだすけ
440,-,とっておき
440,HS,どろばくだん
441,-,アンコール
441,-,ナイトヘッド
441,-,こうそくいどう
441,-,わるだくみ
442,-,ちょうおんぱ
442,-,みちづれ
442,-,えんまく
442,-,ふういん
442,-,おんねん
443,-,かげうち
443,-,りゅうのいぶき
443,-,げきりん
443,-,たつまき
443,-,こわいかお
443,-,すてみタックル
443,-,あばれる
443,-,メタルクロー
443,-,すなじごく
443,-,のしかかり
443,-,アイアンヘッド
443,HS,マッドショット
444,-,かげうち
444,-,りゅうのいぶき
444,-,げきりん
444,-,たつまき
444,-,こわいかお
444,-,すてみタックル
444,-,あばれる
444,-,メタルクロー
444,-,すなじごく
444,-,のしかかり
444,-,アイアンヘッド
444,HS,マッドショット
445,-,かげうち
445,-,りゅうのいぶき
445,-,げきりん
445,-,たつまき
445,-,こわいかお
445,-,すてみタックル
445,-,あばれる
445,-,メタルクロー
445,-,すなじごく
445,-,のしかかり
445,-,アイアンヘッド
445,HS,マッドショット
446,-,したでなめる
446,-,あまえる
446,-,すてみタックル
446,-,のろい
446,-,みがわり
446,-,ふきとばし
446,-,おいうち
446,-,しねんの
446,HS,カウンター
447,-,クロスチョップ
447,-,みきり
447,-,かみつく
447,-,こころのめ
447,-,スカイアッパー
447,-,とびひざげり
447,-,こうそくいどう
447,-,しんくうは
447,-,かみくだく
447,-,てっぺき
447,-,ブレイズキック
447,-,バレットパンチ
447,HS,このゆびとまれ
448,-,クロスチョップ
448,-,みきり
448,-,かみつく
448,-,こころのめ
448,-,スカイアッパー
448,-,とびひざげり
448,-,こうそくいどう
448,-,しんくうは
448,-,かみくだく
448,-,てっぺき
448,-,ブレイズキック
448,-,バレットパンチ
448,HS,このゆびとまれ
449,-,たくわえる
449,-,のみこむ
449,-,はきだす
449,-,のろい
449,-,なまける
449,-,のしかかり
449,-,すなじごく
449,HS,リベンジ
450,-,たくわえる
450,-,のみこむ
450,-,はきだす
450,-,のろい
450,-,なまける
450,-,のしかかり
450,-,すなじごく
450,HS,リベンジ
451,-,だましうち
451,-,いやなおと
451,-,すなかけ
451,-,きりさく
451,-,あやしいひかり
451,-,ふきとばし
451,-,こうそくいどう
451,-,おいうち
451,-,つじぎり
452,-,だましうち
452,-,いやなおと
452,-,すなかけ
452,-,きりさく
452,-,あやしいひかり
452,-,ふきとばし
452,-,こうそくいどう
452,-,おいうち
452,-,つじぎり
453,-,さきどり
453,-,フェイント
453,-,ばくれつパンチ
453,-,しんくうは
453,-,ヨガのポーズ
453,-,ねこだまし
453,-,めざましビンタ
453,-,きつけ
453,-,クロスチョップ
453,-,バレットパンチ
453,HS,カウンター
454,-,さきどり
454,-,フェイント
454,-,ばくれつパンチ
454,-,しんくうは
454,-,ヨガのポーズ
454,-,ねこだまし
454,-,めざましビンタ
454,-,きつけ
454,-,クロスチョップ
454,-,バレットパンチ
454,HS,カウンター
455,-,ねむりごな
455,-,しびれごな
455,-,はっぱカッター
455,-,たたきつける
455,-,こうごうせい
455,-,マジカルリーフ
456,-,やどりぎのタネ
456,-,てんしのキッス
456,-,あまえる
456,-,じたばた
456,-,アクアテール
456,-,はねる
456,-,サイケこうせん
456,-,くすぐる
456,-,こうそくいどう
457,-,やどりぎのタネ
457,-,てんしのキッス
457,-,あまえる
457,-,じたばた
457,-,アクアテール
457,-,はねる
457,-,サイケこうせん
457,-,くすぐる
457,-,こうそくいどう
458,-,たつまき
458,-,ハイドロポンプ
458,-,くろいきり
458,-,たたきつける
458,-,どろあそび
458,-,いわなだれ
458,-,ミラーコート
458,-,みずあそび
458,-,はねる
459,-,シグナルビーム
459,-,やどりぎのタネ
459,-,マジカルリーフ
459,-,タネばくだん
459,-,せいちょう
459,-,すてみタックル
459,-,しろいきり
459,-,ふみつけ
459,HS,ロケットずつき
460,-,シグナルビーム
460,-,やどりぎのタネ
460,-,マジカルリーフ
460,-,タネばくだん
460,-,せいちょう
460,-,すてみタックル
460,-,しろいきり
460,-,ふみつけ
460,HS,ロケットずつき
461,-,すてみタックル
461,-,カウンター
461,-,うらみ
461,-,みやぶる
461,-,リフレクター
461,-,かみつく
461,-,ブレイククロー
461,-,ねこだまし
461,-,ダブルアタック
461,-,おしおき
461,-,おいうち
461,-,こおりのつぶて
461,-,れいとうパンチ
461,HS,ねこのて
462,なし,　
463,-,はらだいこ
463,-,マグニチュード
463,-,のしかかり
463,-,のろい
463,-,きつけ
463,-,ねごと
463,-,いびき
463,-,みがわり
463,-,ドわすれ
463,-,アームハンマー
463,HS,だくりゅう
464,-,かみくだく
464,-,きしかいせい
464,-,いわなだれ
464,-,カウンター
464,-,マグニチュード
464,-,つるぎのまい
464,-,のろい
464,-,ブレイククロー
464,-,ドラゴンダイブ
464,-,こおりのキバ
464,-,ほのおのキバ
464,-,かみなりのキバ
464,HS,ロケットずつき
464,HS,とおせんぼう
465,-,じたばた
465,-,ねんりき
465,-,メガドレイン
465,-,リフレクター
465,-,ドわすれ
465,-,やどりぎのタネ
465,-,しぜんのちから
465,-,がむしゃら
465,-,リーフストーム
465,HS,パワースワップ
466,-,からてチョップ
466,-,バリアー
466,-,まわしげり
466,-,ヨガのポーズ
466,-,クロスチョップ
466,-,ほのおのパンチ
466,-,れいとうパンチ
466,-,ばくれつパンチ
466,HS,フェイント
467,-,からてチョップ
467,-,メガトンパンチ
467,-,バリアー
467,-,いやなおと
467,-,クロスチョップ
467,-,かみなりパンチ
467,-,マッハパンチ
467,-,ばくれつパンチ
467,-,フレアドライブ
467,HS,はらだいこ
468,-,ほしがる
468,-,プレゼント
468,-,オウムがえし
468,-,つつく
468,-,みやぶる
468,-,みらいよち
468,-,みがわり
468,-,じこあんじ
468,-,わるだくみ
468,-,サイコシフト
468,-,おまじない
468,HS,じんつうりき
469,-,ふきとばし
469,-,きしかいせい
469,-,きゅうけつ
469,-,シグナルビーム
469,-,ぎんいろのかぜ
469,-,フェイント
469,-,だましうち
469,-,おいうち
470,-,あまえる
470,-,じたばた
470,-,こらえる
470,-,のろい
470,-,くすぐる
470,-,ねがいごと
470,-,あくび
470,-,うそなき
470,-,ほしがる
470,HS,みきり
471,-,あまえる
471,-,じたばた
471,-,こらえる
471,-,のろい
471,-,くすぐる
471,-,ねがいごと
471,-,あくび
471,-,うそなき
471,-,ほしがる
471,HS,みきり
472,-,メタルクロー
472,-,つばさでうつ
472,-,かまいたち
472,-,カウンター
472,-,すなじごく
472,-,こうそくいどう
472,-,バトンタッチ
472,-,すてみタックル
472,-,フェイント
472,-,つじぎり
472,-,クロスポイズン
472,HS,パワートリック
473,-,とっしん
473,-,かみつく
473,-,のしかかり
473,-,いわなだれ
473,-,げんしのちから
473,-,マッドショット
473,-,つららばり
473,-,すてみタックル
473,-,じわれ
473,-,のろい
473,HS,マッドショット
474,なし, 
475,-,かなしばり
475,-,おにび
475,-,くろいまなざし
475,-,おきみやげ
475,-,みちづれ
475,-,おんねん
475,-,かげうち
475,-,あやしいひかり
475,HS,アンコール
476,-,マグニチュード
476,-,ころがる
476,-,だいばくはつ
476,-,すてみタックル
476,HS,もろはのずつき
477,-,ふういん
477,-,みちづれ
477,-,おんねん
477,-,おきみやげ
477,-,だましうち
477,-,あやしいかぜ
478,-,とおせんぼう
478,-,まきびし
478,-,ころがる
478,-,かなしばり
478,-,がまん
478,HS,ウェザーボール
479,なし,　
480,なし,　
481,なし,　
482,なし,　
483,なし,　
484,なし,　
485,なし,　
486,なし,　
487,なし,　
488,なし,　
489,なし,　
490,なし,　
491,なし,　
492,なし,　
493,なし,　
494,未登場,他の世代を検索ください
495,未登場,他の世代を検索ください
496,未登場,他の世代を検索ください
497,未登場,他の世代を検索ください
498,未登場,他の世代を検索ください
499,未登場,他の世代を検索ください
500,未登場,他の世代を検索ください
501,未登場,他の世代を検索ください
502,未登場,他の世代を検索ください
503,未登場,他の世代を検索ください
504,未登場,他の世代を検索ください
505,未登場,他の世代を検索ください
506,未登場,他の世代を検索ください
507,未登場,他の世代を検索ください
508,未登場,他の世代を検索ください
509,未登場,他の世代を検索ください
510,未登場,他の世代を検索ください
511,未登場,他の世代を検索ください
512,未登場,他の世代を検索ください
513,未登場,他の世代を検索ください
514,未登場,他の世代を検索ください
515,未登場,他の世代を検索ください
516,未登場,他の世代を検索ください
517,未登場,他の世代を検索ください
518,未登場,他の世代を検索ください
519,未登場,他の世代を検索ください
520,未登場,他の世代を検索ください
521,未登場,他の世代を検索ください
522,未登場,他の世代を検索ください
523,未登場,他の世代を検索ください
524,未登場,他の世代を検索ください
525,未登場,他の世代を検索ください
526,未登場,他の世代を検索ください
527,未登場,他の世代を検索ください
528,未登場,他の世代を検索ください
529,未登場,他の世代を検索ください
530,未登場,他の世代を検索ください
531,未登場,他の世代を検索ください
532,未登場,他の世代を検索ください
533,未登場,他の世代を検索ください
534,未登場,他の世代を検索ください
535,未登場,他の世代を検索ください
536,未登場,他の世代を検索ください
537,未登場,他の世代を検索ください
538,未登場,他の世代を検索ください
539,未登場,他の世代を検索ください
540,未登場,他の世代を検索ください
541,未登場,他の世代を検索ください
542,未登場,他の世代を検索ください
543,未登場,他の世代を検索ください
544,未登場,他の世代を検索ください
545,未登場,他の世代を検索ください
546,未登場,他の世代を検索ください
547,未登場,他の世代を検索ください
548,未登場,他の世代を検索ください
549,未登場,他の世代を検索ください
550,未登場,他の世代を検索ください
551,未登場,他の世代を検索ください
552,未登場,他の世代を検索ください
553,未登場,他の世代を検索ください
554,未登場,他の世代を検索ください
555,未登場,他の世代を検索ください
556,未登場,他の世代を検索ください
557,未登場,他の世代を検索ください
558,未登場,他の世代を検索ください
559,未登場,他の世代を検索ください
560,未登場,他の世代を検索ください
561,未登場,他の世代を検索ください
562,未登場,他の世代を検索ください
563,未登場,他の世代を検索ください
564,未登場,他の世代を検索ください
565,未登場,他の世代を検索ください
566,未登場,他の世代を検索ください
567,未登場,他の世代を検索ください
568,未登場,他の世代を検索ください
569,未登場,他の世代を検索ください
570,未登場,他の世代を検索ください
571,未登場,他の世代を検索ください
572,未登場,他の世代を検索ください
573,未登場,他の世代を検索ください
574,未登場,他の世代を検索ください
575,未登場,他の世代を検索ください
576,未登場,他の世代を検索ください
577,未登場,他の世代を検索ください
578,未登場,他の世代を検索ください
579,未登場,他の世代を検索ください
580,未登場,他の世代を検索ください
581,未登場,他の世代を検索ください
582,未登場,他の世代を検索ください
583,未登場,他の世代を検索ください
584,未登場,他の世代を検索ください
585,未登場,他の世代を検索ください
586,未登場,他の世代を検索ください
587,未登場,他の世代を検索ください
588,未登場,他の世代を検索ください
589,未登場,他の世代を検索ください
590,未登場,他の世代を検索ください
591,未登場,他の世代を検索ください
592,未登場,他の世代を検索ください
593,未登場,他の世代を検索ください
594,未登場,他の世代を検索ください
595,未登場,他の世代を検索ください
596,未登場,他の世代を検索ください
597,未登場,他の世代を検索ください
598,未登場,他の世代を検索ください
599,未登場,他の世代を検索ください
600,未登場,他の世代を検索ください
601,未登場,他の世代を検索ください
602,未登場,他の世代を検索ください
603,未登場,他の世代を検索ください
604,未登場,他の世代を検索ください
605,未登場,他の世代を検索ください
606,未登場,他の世代を検索ください
607,未登場,他の世代を検索ください
608,未登場,他の世代を検索ください
609,未登場,他の世代を検索ください
610,未登場,他の世代を検索ください
611,未登場,他の世代を検索ください
612,未登場,他の世代を検索ください
613,未登場,他の世代を検索ください
614,未登場,他の世代を検索ください
615,未登場,他の世代を検索ください
616,未登場,他の世代を検索ください
617,未登場,他の世代を検索ください
618,未登場,他の世代を検索ください
619,未登場,他の世代を検索ください
620,未登場,他の世代を検索ください
621,未登場,他の世代を検索ください
622,未登場,他の世代を検索ください
623,未登場,他の世代を検索ください
624,未登場,他の世代を検索ください
625,未登場,他の世代を検索ください
626,未登場,他の世代を検索ください
627,未登場,他の世代を検索ください
628,未登場,他の世代を検索ください
629,未登場,他の世代を検索ください
630,未登場,他の世代を検索ください
631,未登場,他の世代を検索ください
632,未登場,他の世代を検索ください
633,未登場,他の世代を検索ください
634,未登場,他の世代を検索ください
635,未登場,他の世代を検索ください
636,未登場,他の世代を検索ください
637,未登場,他の世代を検索ください
638,未登場,他の世代を検索ください
639,未登場,他の世代を検索ください
640,未登場,他の世代を検索ください
641,未登場,他の世代を検索ください
642,未登場,他の世代を検索ください
643,未登場,他の世代を検索ください
644,未登場,他の世代を検索ください
645,未登場,他の世代を検索ください
646,未登場,他の世代を検索ください
647,未登場,他の世代を検索ください
648,未登場,他の世代を検索ください
649,未登場,他の世代を検索ください
650,未登場,他の世代を検索ください
651,未登場,他の世代を検索ください
652,未登場,他の世代を検索ください
653,未登場,他の世代を検索ください
654,未登場,他の世代を検索ください
655,未登場,他の世代を検索ください
656,未登場,他の世代を検索ください
657,未登場,他の世代を検索ください
658,未登場,他の世代を検索ください
659,未登場,他の世代を検索ください
660,未登場,他の世代を検索ください
661,未登場,他の世代を検索ください
662,未登場,他の世代を検索ください
663,未登場,他の世代を検索ください
664,未登場,他の世代を検索ください
665,未登場,他の世代を検索ください
666,未登場,他の世代を検索ください
667,未登場,他の世代を検索ください
668,未登場,他の世代を検索ください
669,未登場,他の世代を検索ください
670,未登場,他の世代を検索ください
671,未登場,他の世代を検索ください
672,未登場,他の世代を検索ください
673,未登場,他の世代を検索ください
674,未登場,他の世代を検索ください
675,未登場,他の世代を検索ください
676,未登場,他の世代を検索ください
677,未登場,他の世代を検索ください
678,未登場,他の世代を検索ください
679,未登場,他の世代を検索ください
680,未登場,他の世代を検索ください
681,未登場,他の世代を検索ください
682,未登場,他の世代を検索ください
683,未登場,他の世代を検索ください
684,未登場,他の世代を検索ください
685,未登場,他の世代を検索ください
686,未登場,他の世代を検索ください
687,未登場,他の世代を検索ください
688,未登場,他の世代を検索ください
689,未登場,他の世代を検索ください
690,未登場,他の世代を検索ください
691,未登場,他の世代を検索ください
692,未登場,他の世代を検索ください
693,未登場,他の世代を検索ください
694,未登場,他の世代を検索ください
695,未登場,他の世代を検索ください
696,未登場,他の世代を検索ください
697,未登場,他の世代を検索ください
698,未登場,他の世代を検索ください
699,未登場,他の世代を検索ください
700,未登場,他の世代を検索ください
701,未登場,他の世代を検索ください
702,未登場,他の世代を検索ください
703,未登場,他の世代を検索ください
704,未登場,他の世代を検索ください
705,未登場,他の世代を検索ください
706,未登場,他の世代を検索ください
707,未登場,他の世代を検索ください
708,未登場,他の世代を検索ください
709,未登場,他の世代を検索ください
710,未登場,他の世代を検索ください
711,未登場,他の世代を検索ください
712,未登場,他の世代を検索ください
713,未登場,他の世代を検索ください
714,未登場,他の世代を検索ください
715,未登場,他の世代を検索ください
716,未登場,他の世代を検索ください
717,未登場,他の世代を検索ください
718,未登場,他の世代を検索ください
719,未登場,他の世代を検索ください
720,未登場,他の世代を検索ください
721,未登場,他の世代を検索ください
