1,Pt / HS,どろかけ
1,Pt / HS,れんぞくぎり
1,Pt / HS,いびき
1,Pt / HS,こうごうせい
1,Pt / HS,タネばくだん
1,Pt / HS,はたきおとす
1,HS,いとをはく
1,HS,なやみのタネ
1,HS,ずつき
2,Pt / HS,どろかけ
2,Pt / HS,れんぞくぎり
2,Pt / HS,いびき
2,Pt / HS,こうごうせい
2,Pt / HS,タネばくだん
2,Pt / HS,はたきおとす
2,HS,いとをはく
2,HS,なやみのタネ
2,HS,ずつき
3,Pt / HS,どろかけ
3,Pt / HS,れんぞくぎり
3,Pt / HS,いびき
3,Pt / HS,げきりん
3,Pt / HS,こうごうせい
3,Pt / HS,タネばくだん
3,Pt / HS,はたきおとす
3,HS,いとをはく
3,HS,なやみのタネ
3,HS,とおせんぼう
3,HS,ずつき
4,Pt / HS,どろかけ
4,Pt / HS,れんぞくぎり
4,Pt / HS,かみなりパンチ
4,Pt / HS,ほのおのパンチ
4,Pt / HS,いびき
4,Pt / HS,ねっぷう
4,Pt / HS,スピードスター
4,HS,ずつき
5,Pt / HS,どろかけ
5,Pt / HS,れんぞくぎり
5,Pt / HS,かみなりパンチ
5,Pt / HS,ほのおのパンチ
5,Pt / HS,いびき
5,Pt / HS,ねっぷう
5,Pt / HS,スピードスター
5,HS,ずつき
6,Pt / HS,どろかけ
6,Pt / HS,れんぞくぎり
6,Pt / HS,かみなりパンチ
6,Pt / HS,ほのおのパンチ
6,Pt / HS,あやしいかぜ
6,Pt / HS,いびき
6,Pt / HS,エアカッター
6,Pt / HS,げきりん
6,Pt / HS,たつまき
6,Pt / HS,ねっぷう
6,Pt / HS,スピードスター
6,HS,おいかぜ
6,HS,ずつき
7,Pt / HS,ダイビング
7,Pt / HS,どろかけ
7,Pt / HS,こごえるかぜ
7,Pt / HS,ころがる
7,Pt / HS,れいとうパンチ
7,Pt / HS,アクアテール
7,Pt / HS,いびき
7,Pt / HS,しねんのずつき
7,Pt / HS,てっぺき
7,HS,ずつき
8,Pt / HS,ダイビング
8,Pt / HS,どろかけ
8,Pt / HS,こごえるかぜ
8,Pt / HS,ころがる
8,Pt / HS,れいとうパンチ
8,Pt / HS,アクアテール
8,Pt / HS,いびき
8,Pt / HS,しねんのずつき
8,Pt / HS,てっぺき
8,HS,ずつき
9,Pt / HS,ダイビング
9,Pt / HS,どろかけ
9,Pt / HS,こごえるかぜ
9,Pt / HS,ころがる
9,Pt / HS,れいとうパンチ
9,Pt / HS,アクアテール
9,Pt / HS,いびき
9,Pt / HS,げきりん
9,Pt / HS,シグナルビーム
9,Pt / HS,しねんのずつき
9,Pt / HS,てっぺき
9,HS,ずつき
10,Pt / HS,いびき
10,HS,いとをはく
10,HS,むしくい
11,Pt / HS,てっぺき
11,HS,いとをはく
11,HS,むしくい
12,Pt / HS,あやしいかぜ
12,Pt / HS,いびき
12,Pt / HS,エアカッター
12,Pt / HS,シグナルビーム
12,Pt / HS,たつまき
12,Pt / HS,スピードスター
12,HS,いとをはく
12,HS,おいかぜ
12,HS,むしくい
13,HS,いとをはく
13,HS,むしくい
14,Pt / HS,てっぺき
14,HS,いとをはく
14,HS,むしくい
15,Pt / HS,れんぞくぎり
15,Pt / HS,あやしいかぜ
15,Pt / HS,いびき
15,Pt / HS,エアカッター
15,Pt / HS,がむしゃら
15,Pt / HS,はたきおとす
15,Pt / HS,スピードスター
15,HS,いとをはく
15,HS,おいかぜ
15,HS,むしくい
16,Pt / HS,どろかけ
16,Pt / HS,あやしいかぜ
16,Pt / HS,いびき
16,Pt / HS,エアカッター
16,Pt / HS,たつまき
16,Pt / HS,ねっぷう
16,Pt / HS,スピードスター
16,Pt / HS,さわぐ
16,HS,おいかぜ
17,Pt / HS,どろかけ
17,Pt / HS,あやしいかぜ
17,Pt / HS,いびき
17,Pt / HS,エアカッター
17,Pt / HS,たつまき
17,Pt / HS,ねっぷう
17,Pt / HS,スピードスター
17,Pt / HS,さわぐ
17,HS,おいかぜ
18,Pt / HS,どろかけ
18,Pt / HS,あやしいかぜ
18,Pt / HS,いびき
18,Pt / HS,エアカッター
18,Pt / HS,たつまき
18,Pt / HS,ねっぷう
18,Pt / HS,スピードスター
18,Pt / HS,さわぐ
18,HS,おいかぜ
18,HS,ゴッドバード
19,Pt / HS,どろかけ
19,Pt / HS,こごえるかぜ
19,Pt / HS,いびき
19,Pt / HS,がむしゃら
19,Pt / HS,しねんのずつき
19,Pt / HS,とっておき
19,Pt / HS,ふいうち
19,Pt / HS,スピードスター
19,HS,いかりのまえば
19,HS,ずつき
20,Pt / HS,どろかけ
20,Pt / HS,こごえるかぜ
20,Pt / HS,いびき
20,Pt / HS,がむしゃら
20,Pt / HS,しねんのずつき
20,Pt / HS,とっておき
20,Pt / HS,ふいうち
20,Pt / HS,スピードスター
20,HS,いかりのまえば
20,HS,ずつき
21,HS,フェザーダンス
21,Pt / HS,どろかけ
21,Pt / HS,あやしいかぜ
21,Pt / HS,いびき
21,Pt / HS,エアカッター
21,Pt / HS,たつまき
21,Pt / HS,ねっぷう
21,Pt / HS,スピードスター
21,HS,おいかぜ
22,Pt / HS,どろかけ
22,Pt / HS,あやしいかぜ
22,Pt / HS,いびき
22,Pt / HS,エアカッター
22,Pt / HS,たつまき
22,Pt / HS,ねっぷう
22,Pt / HS,スピードスター
22,HS,おいかぜ
22,HS,ゴッドバード
23,HS,すりかえ
23,Pt / HS,アクアテール
23,Pt / HS,いえき
23,Pt / HS,いびき
23,Pt / HS,うらみ
23,Pt / HS,ダストシュート
23,Pt / HS,タネばくだん
23,HS,ずつき
24,Pt / HS,アクアテール
24,Pt / HS,いえき
24,Pt / HS,いびき
24,Pt / HS,うらみ
24,Pt / HS,ダストシュート
24,Pt / HS,タネばくだん
24,HS,ずつき
25,Pt / HS,どろかけ
25,Pt / HS,ころがる
25,Pt / HS,かみなりパンチ
25,Pt / HS,いびき
25,Pt / HS,てだすけ
25,Pt / HS,シグナルビーム
25,Pt / HS,でんじふゆう
25,Pt / HS,はたきおとす
25,Pt / HS,スピードスター
25,HS,ずつき
26,Pt / HS,どろかけ
26,Pt / HS,ころがる
26,Pt / HS,かみなりパンチ
26,Pt / HS,いびき
26,Pt / HS,てだすけ
26,Pt / HS,シグナルビーム
26,Pt / HS,でんじふゆう
26,Pt / HS,はたきおとす
26,Pt / HS,スピードスター
26,HS,ずつき
27,HS,マッドショット
27,Pt / HS,どろかけ
27,Pt / HS,れんぞくぎり
27,Pt / HS,ころがる
27,Pt / HS,いびき
27,Pt / HS,だいちのちから
27,Pt / HS,はたきおとす
27,Pt / HS,スピードスター
27,HS,いかりのまえば
27,HS,ずつき
28,Pt / HS,どろかけ
28,Pt / HS,れんぞくぎり
28,Pt / HS,ころがる
28,Pt / HS,いびき
28,Pt / HS,だいちのちから
28,Pt / HS,はたきおとす
28,Pt / HS,スピードスター
28,HS,いかりのまえば
28,HS,ずつき
29,HS,ロケットずつき
29,Pt / HS,どろかけ
29,Pt / HS,いびき
29,Pt / HS,てだすけ
29,HS,いかりのまえば
29,HS,ずつき
30,Pt / HS,どろかけ
30,Pt / HS,いびき
30,Pt / HS,てだすけ
30,HS,いかりのまえば
30,HS,ずつき
31,Pt / HS,どろかけ
31,Pt / HS,れんぞくぎり
31,Pt / HS,こごえるかぜ
31,Pt / HS,かみなりパンチ
31,Pt / HS,ほのおのパンチ
31,Pt / HS,ばかぢから
31,Pt / HS,れいとうパンチ
31,Pt / HS,アクアテール
31,Pt / HS,いびき
31,Pt / HS,てだすけ
31,Pt / HS,げきりん
31,Pt / HS,だいちのちから
31,Pt / HS,さわぐ
31,HS,いかりのまえば
31,HS,ずつき
32,HS,もろはのずつき
32,Pt / HS,どろかけ
32,Pt / HS,いびき
32,Pt / HS,てだすけ
32,Pt / HS,ふいうち
32,HS,いかりのまえば
32,HS,ずつき
33,Pt / HS,どろかけ
33,Pt / HS,いびき
33,Pt / HS,てだすけ
33,Pt / HS,ふいうち
33,HS,いかりのまえば
33,HS,ずつき
34,Pt / HS,どろかけ
34,Pt / HS,れんぞくぎり
34,Pt / HS,こごえるかぜ
34,Pt / HS,かみなりパンチ
34,Pt / HS,ほのおのパンチ
34,Pt / HS,ばかぢから
34,Pt / HS,れいとうパンチ
34,Pt / HS,アクアテール
34,Pt / HS,いびき
34,Pt / HS,てだすけ
34,Pt / HS,げきりん
34,Pt / HS,だいちのちから
34,Pt / HS,ふいうち
34,Pt / HS,さわぐ
34,HS,いかりのまえば
34,HS,ずつき
35,Pt / HS,どろかけ
35,Pt / HS,こごえるかぜ
35,Pt / HS,ころがる
35,Pt / HS,かみなりパンチ
35,Pt / HS,ほのおのパンチ
35,Pt / HS,れいとうパンチ
35,Pt / HS,いびき
35,Pt / HS,てだすけ
35,Pt / HS,がむしゃら
35,Pt / HS,シグナルビーム
35,Pt / HS,しねんのずつき
35,Pt / HS,とっておき
35,Pt / HS,とびはねる
35,Pt / HS,トリック
35,Pt / HS,はたきおとす
35,HS,じゅうりょく
35,HS,マジックコート
35,HS,なりきり
35,HS,いやしのすず
35,HS,ずつき
36,Pt / HS,どろかけ
36,Pt / HS,こごえるかぜ
36,Pt / HS,ころがる
36,Pt / HS,かみなりパンチ
36,Pt / HS,ほのおのパンチ
36,Pt / HS,れいとうパンチ
36,Pt / HS,いびき
36,Pt / HS,てだすけ
36,Pt / HS,がむしゃら
36,Pt / HS,シグナルビーム
36,Pt / HS,しねんのずつき
36,Pt / HS,とっておき
36,Pt / HS,とびはねる
36,Pt / HS,トリック
36,Pt / HS,はたきおとす
36,HS,じゅうりょく
36,HS,マジックコート
36,HS,なりきり
36,HS,いやしのすず
36,HS,ずつき
37,HS,パワースワップ
37,Pt / HS,あやしいかぜ
37,Pt / HS,いびき
37,Pt / HS,うらみ
37,Pt / HS,しねんのずつき
37,Pt / HS,ねっぷう
37,Pt / HS,スピードスター
37,HS,いたみわけ
37,HS,なりきり
37,HS,ずつき
38,Pt / HS,あやしいかぜ
38,Pt / HS,いびき
38,Pt / HS,うらみ
38,Pt / HS,しねんのずつき
38,Pt / HS,ねっぷう
38,Pt / HS,スピードスター
38,HS,いたみわけ
38,HS,なりきり
38,HS,ずつき
39,Pt / HS,どろかけ
39,Pt / HS,こごえるかぜ
39,Pt / HS,ころがる
39,Pt / HS,かみなりパンチ
39,Pt / HS,ほのおのパンチ
39,Pt / HS,れいとうパンチ
39,Pt / HS,いびき
39,Pt / HS,てだすけ
39,Pt / HS,がむしゃら
39,Pt / HS,とっておき
39,Pt / HS,とびはねる
39,Pt / HS,はたきおとす
39,HS,いたみわけ
39,HS,じゅうりょく
39,HS,マジックコート
39,HS,なりきり
39,HS,いやしのすず
39,HS,ずつき
40,Pt / HS,どろかけ
40,Pt / HS,こごえるかぜ
40,Pt / HS,ころがる
40,Pt / HS,かみなりパンチ
40,Pt / HS,ほのおのパンチ
40,Pt / HS,れいとうパンチ
40,Pt / HS,いびき
40,Pt / HS,てだすけ
40,Pt / HS,がむしゃら
40,Pt / HS,とっておき
40,Pt / HS,とびはねる
40,Pt / HS,はたきおとす
40,HS,いたみわけ
40,HS,じゅうりょく
40,HS,マジックコート
40,HS,なりきり
40,HS,いやしのすず
40,HS,ずつき
41,Pt / HS,あやしいかぜ
41,Pt / HS,いびき
41,Pt / HS,エアカッター
41,Pt / HS,しねんのずつき
41,Pt / HS,たつまき
41,Pt / HS,ねっぷう
41,Pt / HS,スピードスター
41,Pt / HS,さわぐ
41,HS,いかりのまえば
41,HS,おいかぜ
42,Pt / HS,あやしいかぜ
42,Pt / HS,いびき
42,Pt / HS,エアカッター
42,Pt / HS,しねんのずつき
42,Pt / HS,たつまき
42,Pt / HS,ねっぷう
42,Pt / HS,スピードスター
42,Pt / HS,さわぐ
42,HS,いかりのまえば
42,HS,おいかぜ
43,HS,フラフラダンス
43,Pt / HS,いえき
43,Pt / HS,いびき
43,Pt / HS,こうごうせい
43,Pt / HS,タネばくだん
43,HS,なやみのタネ
44,Pt / HS,いえき
44,Pt / HS,いびき
44,Pt / HS,こうごうせい
44,Pt / HS,タネばくだん
44,HS,なやみのタネ
45,Pt / HS,いえき
45,Pt / HS,いびき
45,Pt / HS,こうごうせい
45,Pt / HS,タネばくだん
45,HS,なやみのタネ
46,HS,こうそくいどう
46,Pt / HS,れんぞくぎり
46,Pt / HS,いびき
46,Pt / HS,こうごうせい
46,Pt / HS,タネばくだん
46,Pt / HS,はたきおとす
46,HS,いとをはく
46,HS,なやみのタネ
46,HS,むしくい
47,Pt / HS,れんぞくぎり
47,Pt / HS,いびき
47,Pt / HS,こうごうせい
47,Pt / HS,タネばくだん
47,Pt / HS,はたきおとす
47,HS,いとをはく
47,HS,なやみのタネ
47,HS,むしくい
48,Pt / HS,いびき
48,Pt / HS,シグナルビーム
48,Pt / HS,しねんのずつき
48,Pt / HS,スピードスター
48,HS,いとをはく
48,HS,むしくい
49,Pt / HS,あやしいかぜ
49,Pt / HS,いびき
49,Pt / HS,エアカッター
49,Pt / HS,シグナルビーム
49,Pt / HS,しねんのずつき
49,Pt / HS,たつまき
49,Pt / HS,スピードスター
49,HS,いとをはく
49,HS,おいかぜ
49,HS,むしくい
50,HS,きしかいせい
50,Pt / HS,どろかけ
50,Pt / HS,いびき
50,Pt / HS,だいちのちから
50,Pt / HS,ふいうち
51,Pt / HS,どろかけ
51,Pt / HS,いびき
51,Pt / HS,だいちのちから
51,Pt / HS,ふいうち
52,HS,しっぽをふる
52,Pt / HS,どろかけ
52,Pt / HS,こごえるかぜ
52,Pt / HS,いびき
52,Pt / HS,うらみ
52,Pt / HS,ダストシュート
52,Pt / HS,タネばくだん
52,Pt / HS,とっておき
52,Pt / HS,はたきおとす
52,Pt / HS,スピードスター
52,Pt / HS,さわぐ
52,HS,ずつき
53,Pt / HS,どろかけ
53,Pt / HS,こごえるかぜ
53,Pt / HS,いびき
53,Pt / HS,うらみ
53,Pt / HS,ダストシュート
53,Pt / HS,タネばくだん
53,Pt / HS,とっておき
53,Pt / HS,はたきおとす
53,Pt / HS,スピードスター
53,Pt / HS,さわぐ
53,HS,ずつき
54,HS,アンコール
54,Pt / HS,ダイビング
54,Pt / HS,どろかけ
54,Pt / HS,こごえるかぜ
54,Pt / HS,れいとうパンチ
54,Pt / HS,アクアテール
54,Pt / HS,いびき
54,Pt / HS,シグナルビーム
54,Pt / HS,しねんのずつき
54,Pt / HS,スピードスター
54,HS,なやみのタネ
54,HS,なりきり
54,HS,ずつき
55,Pt / HS,ダイビング
55,Pt / HS,どろかけ
55,Pt / HS,れんぞくぎり
55,Pt / HS,こごえるかぜ
55,Pt / HS,れいとうパンチ
55,Pt / HS,アクアテール
55,Pt / HS,いびき
55,Pt / HS,シグナルビーム
55,Pt / HS,しねんのずつき
55,Pt / HS,スピードスター
55,HS,なやみのタネ
55,HS,なりきり
55,HS,けたぐり
55,HS,ずつき
56,HS,アンコール
56,Pt / HS,どろかけ
56,Pt / HS,かみなりパンチ
56,Pt / HS,ほのおのパンチ
56,Pt / HS,れいとうパンチ
56,Pt / HS,うらみ
56,Pt / HS,てだすけ
56,Pt / HS,がむしゃら
56,Pt / HS,げきりん
56,Pt / HS,しんくうは
56,Pt / HS,ダストシュート
56,Pt / HS,タネばくだん
56,Pt / HS,スピードスター
56,Pt / HS,さわぐ
56,HS,なりきり
56,HS,けたぐり
56,HS,ずつき
57,Pt / HS,どろかけ
57,Pt / HS,かみなりパンチ
57,Pt / HS,ほのおのパンチ
57,Pt / HS,れいとうパンチ
57,Pt / HS,うらみ
57,Pt / HS,てだすけ
57,Pt / HS,がむしゃら
57,Pt / HS,げきりん
57,Pt / HS,しんくうは
57,Pt / HS,ダストシュート
57,Pt / HS,タネばくだん
57,Pt / HS,スピードスター
57,Pt / HS,さわぐ
57,HS,なりきり
57,HS,けたぐり
57,HS,ずつき
58,HS,あさのひざし
58,Pt / HS,どろかけ
58,Pt / HS,いびき
58,Pt / HS,てだすけ
58,Pt / HS,ねっぷう
58,Pt / HS,スピードスター
58,HS,ずつき
59,Pt / HS,どろかけ
59,Pt / HS,アイアンヘッド
59,Pt / HS,いびき
59,Pt / HS,てだすけ
59,Pt / HS,ねっぷう
59,Pt / HS,スピードスター
59,HS,ずつき
60,HS,アンコール
60,Pt / HS,ダイビング
60,Pt / HS,こごえるかぜ
60,Pt / HS,いびき
60,Pt / HS,てだすけ
60,HS,ずつき
61,Pt / HS,ダイビング
61,Pt / HS,どろかけ
61,Pt / HS,こごえるかぜ
61,Pt / HS,れいとうパンチ
61,Pt / HS,いびき
61,Pt / HS,てだすけ
61,HS,ずつき
62,Pt / HS,ダイビング
62,Pt / HS,どろかけ
62,Pt / HS,こごえるかぜ
62,Pt / HS,れいとうパンチ
62,Pt / HS,いびき
62,Pt / HS,てだすけ
62,Pt / HS,しんくうは
62,HS,ずつき
63,Pt / HS,かみなりパンチ
63,Pt / HS,ほのおのパンチ
63,Pt / HS,れいとうパンチ
63,Pt / HS,いびき
63,Pt / HS,シグナルビーム
63,Pt / HS,しねんのずつき
63,Pt / HS,トリック
63,Pt / HS,はたきおとす
63,HS,じゅうりょく
63,HS,マジックコート
63,HS,なりきり
63,HS,ずつき
64,Pt / HS,かみなりパンチ
64,Pt / HS,ほのおのパンチ
64,Pt / HS,れいとうパンチ
64,Pt / HS,いびき
64,Pt / HS,シグナルビーム
64,Pt / HS,しねんのずつき
64,Pt / HS,トリック
64,Pt / HS,はたきおとす
64,HS,じゅうりょく
64,HS,マジックコート
64,HS,なりきり
64,HS,ずつき
65,Pt / HS,かみなりパンチ
65,Pt / HS,ほのおのパンチ
65,Pt / HS,れいとうパンチ
65,Pt / HS,いびき
65,Pt / HS,シグナルビーム
65,Pt / HS,しねんのずつき
65,Pt / HS,トリック
65,Pt / HS,はたきおとす
65,HS,じゅうりょく
65,HS,マジックコート
65,HS,なりきり
65,HS,ずつき
66,HS,パワートリック
66,Pt / HS,どろかけ
66,Pt / HS,かみなりパンチ
66,Pt / HS,ほのおのパンチ
66,Pt / HS,ばかぢから
66,Pt / HS,れいとうパンチ
66,Pt / HS,いびき
66,Pt / HS,てだすけ
66,Pt / HS,しんくうは
66,HS,なりきり
66,HS,けたぐり
66,HS,ずつき
67,Pt / HS,どろかけ
67,Pt / HS,かみなりパンチ
67,Pt / HS,ほのおのパンチ
67,Pt / HS,ばかぢから
67,Pt / HS,れいとうパンチ
67,Pt / HS,いびき
67,Pt / HS,てだすけ
67,Pt / HS,しんくうは
67,HS,なりきり
67,HS,けたぐり
67,HS,ずつき
68,Pt / HS,どろかけ
68,Pt / HS,かみなりパンチ
68,Pt / HS,ほのおのパンチ
68,Pt / HS,ばかぢから
68,Pt / HS,れいとうパンチ
68,Pt / HS,いびき
68,Pt / HS,てだすけ
68,Pt / HS,しんくうは
68,HS,なりきり
68,HS,けたぐり
68,HS,ずつき
69,HS,ウェザーボール
69,Pt / HS,いえき
69,Pt / HS,いびき
69,Pt / HS,こうごうせい
69,Pt / HS,タネばくだん
69,Pt / HS,はたきおとす
69,Pt / HS,ふいうち
69,HS,なやみのタネ
70,Pt / HS,いえき
70,Pt / HS,いびき
70,Pt / HS,こうごうせい
70,Pt / HS,タネばくだん
70,Pt / HS,はたきおとす
70,Pt / HS,ふいうち
70,HS,なやみのタネ
71,Pt / HS,いえき
71,Pt / HS,いびき
71,Pt / HS,こうごうせい
71,Pt / HS,タネばくだん
71,Pt / HS,はたきおとす
71,Pt / HS,ふいうち
71,HS,なやみのタネ
72,HS,だくりゅう
72,Pt / HS,ダイビング
72,Pt / HS,こごえるかぜ
72,Pt / HS,いびき
72,Pt / HS,はたきおとす
72,HS,マジックコート
73,Pt / HS,ダイビング
73,Pt / HS,こごえるかぜ
73,Pt / HS,いびき
73,Pt / HS,はたきおとす
73,HS,マジックコート
74,HS,のろい
74,Pt / HS,どろかけ
74,Pt / HS,ころがる
74,Pt / HS,かみなりパンチ
74,Pt / HS,ほのおのパンチ
74,Pt / HS,ばかぢから
74,Pt / HS,いびき
74,Pt / HS,げんしのちから
74,Pt / HS,だいちのちから
74,Pt / HS,ふいうち
74,HS,とおせんぼう
74,HS,ずつき
75,Pt / HS,どろかけ
75,Pt / HS,ころがる
75,Pt / HS,かみなりパンチ
75,Pt / HS,ほのおのパンチ
75,Pt / HS,ばかぢから
75,Pt / HS,いびき
75,Pt / HS,げんしのちから
75,Pt / HS,だいちのちから
75,Pt / HS,ふいうち
75,HS,とおせんぼう
75,HS,ずつき
76,Pt / HS,どろかけ
76,Pt / HS,れんぞくぎり
76,Pt / HS,ころがる
76,Pt / HS,かみなりパンチ
76,Pt / HS,ほのおのパンチ
76,Pt / HS,ばかぢから
76,Pt / HS,アイアンヘッド
76,Pt / HS,いびき
76,Pt / HS,げんしのちから
76,Pt / HS,だいちのちから
76,Pt / HS,ふいうち
76,HS,とおせんぼう
76,HS,ずつき
77,HS,あさのひざし
77,Pt / HS,いびき
77,Pt / HS,とびはねる
77,Pt / HS,ねっぷう
77,Pt / HS,スピードスター
77,HS,ずつき
78,Pt / HS,いびき
78,Pt / HS,とびはねる
78,Pt / HS,ねっぷう
78,Pt / HS,スピードスター
78,HS,ずつき
79,Pt / HS,ダイビング
79,Pt / HS,どろかけ
79,Pt / HS,こごえるかぜ
79,Pt / HS,アクアテール
79,Pt / HS,いびき
79,Pt / HS,シグナルビーム
79,Pt / HS,しねんのずつき
79,Pt / HS,トリック
79,Pt / HS,スピードスター
79,HS,マジックコート
79,HS,とおせんぼう
79,HS,ずつき
80,Pt / HS,ダイビング
80,Pt / HS,どろかけ
80,Pt / HS,れんぞくぎり
80,Pt / HS,こごえるかぜ
80,Pt / HS,れいとうパンチ
80,Pt / HS,アクアテール
80,Pt / HS,いびき
80,Pt / HS,シグナルビーム
80,Pt / HS,しねんのずつき
80,Pt / HS,てっぺき
80,Pt / HS,トリック
80,Pt / HS,スピードスター
80,HS,マジックコート
80,HS,とおせんぼう
80,HS,ずつき
81,Pt / HS,ころがる
81,Pt / HS,いびき
81,Pt / HS,シグナルビーム
81,Pt / HS,てっぺき
81,Pt / HS,でんじふゆう
81,Pt / HS,スピードスター
81,HS,じゅうりょく
81,HS,マジックコート
82,Pt / HS,ころがる
82,Pt / HS,いびき
82,Pt / HS,シグナルビーム
82,Pt / HS,てっぺき
82,Pt / HS,でんじふゆう
82,Pt / HS,スピードスター
82,HS,じゅうりょく
82,HS,マジックコート
83,HS,リーフブレード
83,Pt / HS,どろかけ
83,Pt / HS,れんぞくぎり
83,Pt / HS,あやしいかぜ
83,Pt / HS,いびき
83,Pt / HS,エアカッター
83,Pt / HS,たつまき
83,Pt / HS,とっておき
83,Pt / HS,ねっぷう
83,Pt / HS,はたきおとす
83,Pt / HS,スピードスター
83,Pt / HS,さわぐ
83,HS,ずつき
84,Pt / HS,どろかけ
84,Pt / HS,いびき
84,Pt / HS,エアカッター
84,Pt / HS,がむしゃら
84,Pt / HS,はたきおとす
84,Pt / HS,スピードスター
84,Pt / HS,さわぐ
85,Pt / HS,どろかけ
85,Pt / HS,いびき
85,Pt / HS,エアカッター
85,Pt / HS,がむしゃら
85,Pt / HS,はたきおとす
85,Pt / HS,スピードスター
85,Pt / HS,さわぐ
85,HS,ゴッドバード
86,HS,たくわえる
86,HS,のみこむ
86,HS,はきだす
86,Pt / HS,ダイビング
86,Pt / HS,こごえるかぜ
86,Pt / HS,アクアテール
86,Pt / HS,いびき
86,Pt / HS,シグナルビーム
86,HS,ずつき
87,Pt / HS,ダイビング
87,Pt / HS,こごえるかぜ
87,Pt / HS,アクアテール
87,Pt / HS,いびき
87,Pt / HS,シグナルビーム
87,HS,ずつき
88,Pt / HS,どろかけ
88,Pt / HS,かみなりパンチ
88,Pt / HS,ほのおのパンチ
88,Pt / HS,れいとうパンチ
88,Pt / HS,いびき
88,Pt / HS,ダストシュート
88,HS,いたみわけ
89,Pt / HS,どろかけ
89,Pt / HS,かみなりパンチ
89,Pt / HS,ほのおのパンチ
89,Pt / HS,れいとうパンチ
89,Pt / HS,いびき
89,Pt / HS,ダストシュート
89,HS,いたみわけ
89,HS,とおせんぼう
90,HS,ロックブラスト
90,Pt / HS,ダイビング
90,Pt / HS,こごえるかぜ
90,Pt / HS,いびき
90,Pt / HS,てっぺき
90,Pt / HS,スピードスター
91,Pt / HS,ダイビング
91,Pt / HS,こごえるかぜ
91,Pt / HS,いびき
91,Pt / HS,シグナルビーム
91,Pt / HS,てっぺき
91,Pt / HS,スピードスター
92,HS,かなしばり
92,Pt / HS,こごえるかぜ
92,Pt / HS,かみなりパンチ
92,Pt / HS,ほのおのパンチ
92,Pt / HS,れいとうパンチ
92,Pt / HS,あやしいかぜ
92,Pt / HS,いびき
92,Pt / HS,うらみ
92,Pt / HS,トリック
92,Pt / HS,はたきおとす
92,Pt / HS,ふいうち
92,Pt / HS,さわぐ
92,HS,いたみわけ
93,Pt / HS,こごえるかぜ
93,Pt / HS,かみなりパンチ
93,Pt / HS,ほのおのパンチ
93,Pt / HS,れいとうパンチ
93,Pt / HS,あやしいかぜ
93,Pt / HS,いびき
93,Pt / HS,うらみ
93,Pt / HS,トリック
93,Pt / HS,はたきおとす
93,Pt / HS,ふいうち
93,Pt / HS,さわぐ
93,HS,いたみわけ
94,Pt / HS,こごえるかぜ
94,Pt / HS,かみなりパンチ
94,Pt / HS,ほのおのパンチ
94,Pt / HS,れいとうパンチ
94,Pt / HS,あやしいかぜ
94,Pt / HS,いびき
94,Pt / HS,うらみ
94,Pt / HS,トリック
94,Pt / HS,はたきおとす
94,Pt / HS,ふいうち
94,Pt / HS,さわぐ
94,HS,いたみわけ
94,HS,なりきり
94,HS,ずつき
95,Pt / HS,どろかけ
95,Pt / HS,ころがる
95,Pt / HS,アイアンヘッド
95,Pt / HS,いびき
95,Pt / HS,げんしのちから
95,Pt / HS,だいちのちから
95,Pt / HS,たつまき
95,HS,とおせんぼう
95,HS,ずつき
96,HS,ガードスワップ
96,Pt / HS,かみなりパンチ
96,Pt / HS,ほのおのパンチ
96,Pt / HS,れいとうパンチ
96,Pt / HS,シグナルビーム
96,Pt / HS,しねんのずつき
96,Pt / HS,トリック
96,HS,マジックコート
96,HS,なりきり
96,HS,けたぐり
96,HS,ずつき
97,Pt / HS,かみなりパンチ
97,Pt / HS,ほのおのパンチ
97,Pt / HS,れいとうパンチ
97,Pt / HS,シグナルビーム
97,Pt / HS,しねんのずつき
97,Pt / HS,トリック
97,HS,マジックコート
97,HS,なりきり
97,HS,けたぐり
97,HS,ずつき
98,HS,こうそくいどう
98,Pt / HS,ダイビング
98,Pt / HS,どろかけ
98,Pt / HS,れんぞくぎり
98,Pt / HS,こごえるかぜ
98,Pt / HS,ばかぢから
98,Pt / HS,いびき
98,Pt / HS,げんしのちから
98,Pt / HS,てっぺき
98,Pt / HS,はたきおとす
99,Pt / HS,ダイビング
99,Pt / HS,どろかけ
99,Pt / HS,れんぞくぎり
99,Pt / HS,こごえるかぜ
99,Pt / HS,ばかぢから
99,Pt / HS,いびき
99,Pt / HS,げんしのちから
99,Pt / HS,てっぺき
99,Pt / HS,はたきおとす
100,Pt / HS,ころがる
100,Pt / HS,いびき
100,Pt / HS,シグナルビーム
100,Pt / HS,でんじふゆう
100,Pt / HS,ふいうち
100,Pt / HS,スピードスター
100,HS,マジックコート
100,HS,ずつき
101,Pt / HS,ころがる
101,Pt / HS,いびき
101,Pt / HS,シグナルビーム
101,Pt / HS,でんじふゆう
101,Pt / HS,ふいうち
101,Pt / HS,スピードスター
101,HS,マジックコート
101,HS,ずつき
102,HS,パワースワップ
102,Pt / HS,ころがる
102,Pt / HS,いびき
102,Pt / HS,げんしのちから
102,Pt / HS,こうごうせい
102,Pt / HS,タネばくだん
102,Pt / HS,さわぐ
102,HS,じゅうりょく
102,HS,なやみのタネ
103,Pt / HS,ころがる
103,Pt / HS,いびき
103,Pt / HS,げんしのちから
103,Pt / HS,こうごうせい
103,Pt / HS,しねんのずつき
103,Pt / HS,タネばくだん
103,HS,じゅうりょく
103,HS,なやみのタネ
103,HS,けたぐり
103,HS,ずつき
104,HS,みきり
104,Pt / HS,どろかけ
104,Pt / HS,れんぞくぎり
104,Pt / HS,こごえるかぜ
104,Pt / HS,かみなりパンチ
104,Pt / HS,ほのおのパンチ
104,Pt / HS,いびき
104,Pt / HS,がむしゃら
104,Pt / HS,だいちのちから
104,Pt / HS,てっぺき
104,Pt / HS,はたきおとす
104,Pt / HS,さわぐ
104,HS,けたぐり
104,HS,ずつき
105,Pt / HS,どろかけ
105,Pt / HS,れんぞくぎり
105,Pt / HS,こごえるかぜ
105,Pt / HS,かみなりパンチ
105,Pt / HS,ほのおのパンチ
105,Pt / HS,いびき
105,Pt / HS,がむしゃら
105,Pt / HS,げきりん
105,Pt / HS,だいちのちから
105,Pt / HS,てっぺき
105,Pt / HS,はたきおとす
105,Pt / HS,さわぐ
105,HS,けたぐり
105,HS,ずつき
106,Pt / HS,どろかけ
106,Pt / HS,ばかぢから
106,Pt / HS,いびき
106,Pt / HS,てだすけ
106,Pt / HS,しんくうは
106,Pt / HS,とびはねる
106,Pt / HS,はたきおとす
106,Pt / HS,ふいうち
106,Pt / HS,スピードスター
106,HS,なりきり
106,HS,けたぐり
106,HS,ずつき
107,Pt / HS,どろかけ
107,Pt / HS,かみなりパンチ
107,Pt / HS,ほのおのパンチ
107,Pt / HS,れいとうパンチ
107,Pt / HS,いびき
107,Pt / HS,てだすけ
107,Pt / HS,しんくうは
107,Pt / HS,スピードスター
107,HS,なりきり
107,HS,けたぐり
107,HS,ずつき
108,HS,だくりゅう
108,Pt / HS,どろかけ
108,Pt / HS,こごえるかぜ
108,Pt / HS,ころがる
108,Pt / HS,かみなりパンチ
108,Pt / HS,ほのおのパンチ
108,Pt / HS,れいとうパンチ
108,Pt / HS,アクアテール
108,Pt / HS,いびき
108,Pt / HS,しねんのずつき
108,Pt / HS,はたきおとす
108,HS,ずつき
109,Pt / HS,ころがる
109,Pt / HS,いびき
109,Pt / HS,うらみ
109,Pt / HS,さわぐ
109,HS,いたみわけ
110,Pt / HS,ころがる
110,Pt / HS,いびき
110,Pt / HS,うらみ
110,Pt / HS,さわぐ
110,HS,いたみわけ
111,HS,ロケットずつき
111,Pt / HS,どろかけ
111,Pt / HS,こごえるかぜ
111,Pt / HS,ころがる
111,Pt / HS,ばかぢから
111,Pt / HS,アクアテール
111,Pt / HS,いびき
111,Pt / HS,うらみ
111,Pt / HS,がむしゃら
111,Pt / HS,げんしのちから
111,Pt / HS,だいちのちから
111,Pt / HS,さわぐ
111,HS,ずつき
112,Pt / HS,どろかけ
112,Pt / HS,れんぞくぎり
112,Pt / HS,こごえるかぜ
112,Pt / HS,ころがる
112,Pt / HS,かみなりパンチ
112,Pt / HS,ほのおのパンチ
112,Pt / HS,ばかぢから
112,Pt / HS,れいとうパンチ
112,Pt / HS,アクアテール
112,Pt / HS,いびき
112,Pt / HS,うらみ
112,Pt / HS,がむしゃら
112,Pt / HS,げきりん
112,Pt / HS,げんしのちから
112,Pt / HS,だいちのちから
112,Pt / HS,さわぐ
112,HS,とおせんぼう
112,HS,ずつき
113,HS,どろばくだん
113,Pt / HS,どろかけ
113,Pt / HS,こごえるかぜ
113,Pt / HS,ころがる
113,Pt / HS,かみなりパンチ
113,Pt / HS,ほのおのパンチ
113,Pt / HS,れいとうパンチ
113,Pt / HS,いびき
113,Pt / HS,てだすけ
113,Pt / HS,がむしゃら
113,Pt / HS,しねんのずつき
113,Pt / HS,とっておき
113,HS,じゅうりょく
113,HS,いやしのすず
113,HS,ずつき
114,HS,パワースワップ
114,Pt / HS,いびき
114,Pt / HS,げんしのちから
114,Pt / HS,こうごうせい
114,Pt / HS,タネばくだん
114,Pt / HS,はたきおとす
114,HS,いたみわけ
114,HS,なやみのタネ
114,HS,ずつき
115,Pt / HS,どろかけ
115,Pt / HS,れんぞくぎり
115,Pt / HS,こごえるかぜ
115,Pt / HS,かみなりパンチ
115,Pt / HS,ほのおのパンチ
115,Pt / HS,れいとうパンチ
115,Pt / HS,アクアテール
115,Pt / HS,いびき
115,Pt / HS,うらみ
115,Pt / HS,てだすけ
115,Pt / HS,がむしゃら
115,Pt / HS,げきりん
115,Pt / HS,ふいうち
115,Pt / HS,さわぐ
115,HS,けたぐり
115,HS,ずつき
116,HS,かまいたち
116,HS,だくりゅう
116,Pt / HS,ダイビング
116,Pt / HS,こごえるかぜ
116,Pt / HS,いびき
116,Pt / HS,げきりん
116,Pt / HS,シグナルビーム
116,Pt / HS,たつまき
116,Pt / HS,とびはねる
116,Pt / HS,スピードスター
116,HS,ずつき
117,Pt / HS,ダイビング
117,Pt / HS,こごえるかぜ
117,Pt / HS,いびき
117,Pt / HS,げきりん
117,Pt / HS,シグナルビーム
117,Pt / HS,たつまき
117,Pt / HS,とびはねる
117,Pt / HS,スピードスター
117,HS,ずつき
118,HS,のしかかり
118,Pt / HS,ダイビング
118,Pt / HS,どろかけ
118,Pt / HS,れんぞくぎり
118,Pt / HS,こごえるかぜ
118,Pt / HS,アクアテール
118,Pt / HS,いびき
118,Pt / HS,とびはねる
118,Pt / HS,はたきおとす
118,Pt / HS,スピードスター
119,Pt / HS,ダイビング
119,Pt / HS,どろかけ
119,Pt / HS,れんぞくぎり
119,Pt / HS,こごえるかぜ
119,Pt / HS,アクアテール
119,Pt / HS,いびき
119,Pt / HS,とびはねる
119,Pt / HS,はたきおとす
119,Pt / HS,スピードスター
120,Pt / HS,ダイビング
120,Pt / HS,こごえるかぜ
120,Pt / HS,ころがる
120,Pt / HS,いびき
120,Pt / HS,シグナルビーム
120,Pt / HS,たつまき
120,Pt / HS,スピードスター
120,HS,いたみわけ
120,HS,じゅうりょく
120,HS,マジックコート
121,Pt / HS,ダイビング
121,Pt / HS,こごえるかぜ
121,Pt / HS,ころがる
121,Pt / HS,いびき
121,Pt / HS,シグナルビーム
121,Pt / HS,たつまき
121,Pt / HS,トリック
121,Pt / HS,スピードスター
121,HS,いたみわけ
121,HS,じゅうりょく
121,HS,マジックコート
122,HS,わるだくみ
122,Pt / HS,どろかけ
122,Pt / HS,かみなりパンチ
122,Pt / HS,ほのおのパンチ
122,Pt / HS,れいとうパンチ
122,Pt / HS,いびき
122,Pt / HS,てだすけ
122,Pt / HS,シグナルビーム
122,Pt / HS,しねんのずつき
122,Pt / HS,てっぺき
122,Pt / HS,トリック
122,HS,マジックコート
122,HS,なりきり
122,HS,ずつき
123,Pt / HS,れんぞくぎり
123,Pt / HS,あやしいかぜ
123,Pt / HS,いびき
123,Pt / HS,はたきおとす
123,Pt / HS,スピードスター
123,HS,おいかぜ
123,HS,むしくい
123,HS,ずつき
124,Pt / HS,どろかけ
124,Pt / HS,こごえるかぜ
124,Pt / HS,れいとうパンチ
124,Pt / HS,いびき
124,Pt / HS,てだすけ
124,Pt / HS,シグナルビーム
124,Pt / HS,しねんのずつき
124,Pt / HS,トリック
124,HS,マジックコート
124,HS,なりきり
124,HS,いやしのすず
124,HS,ずつき
125,Pt / HS,どろかけ
125,Pt / HS,かみなりパンチ
125,Pt / HS,ほのおのパンチ
125,Pt / HS,れいとうパンチ
125,Pt / HS,いびき
125,Pt / HS,てだすけ
125,Pt / HS,シグナルビーム
125,Pt / HS,でんじふゆう
125,Pt / HS,スピードスター
125,HS,けたぐり
125,HS,ずつき
126,Pt / HS,どろかけ
126,Pt / HS,かみなりパンチ
126,Pt / HS,ほのおのパンチ
126,Pt / HS,いびき
126,Pt / HS,てだすけ
126,Pt / HS,ねっぷう
126,HS,けたぐり
126,HS,ずつき
127,Pt / HS,れんぞくぎり
127,Pt / HS,ばかぢから
127,Pt / HS,いびき
127,Pt / HS,てっぺき
127,Pt / HS,はたきおとす
127,HS,いとをはく
127,HS,ずつき
128,Pt / HS,こごえるかぜ
128,Pt / HS,アイアンヘッド
128,Pt / HS,いびき
128,Pt / HS,うらみ
128,Pt / HS,てだすけ
128,Pt / HS,がむしゃら
128,Pt / HS,げきりん
128,Pt / HS,しねんのずつき
128,Pt / HS,さわぐ
128,HS,なりきり
128,HS,ずつき
129,Pt / HS,とびはねる
130,Pt / HS,ダイビング
130,Pt / HS,こごえるかぜ
130,Pt / HS,アイアンヘッド
130,Pt / HS,アクアテール
130,Pt / HS,いびき
130,Pt / HS,うらみ
130,Pt / HS,げきりん
130,Pt / HS,たつまき
130,Pt / HS,とびはねる
130,Pt / HS,さわぐ
130,HS,ずつき
131,Pt / HS,ダイビング
131,Pt / HS,こごえるかぜ
131,Pt / HS,アイアンヘッド
131,Pt / HS,アクアテール
131,Pt / HS,いびき
131,Pt / HS,げきりん
131,Pt / HS,げんしのちから
131,Pt / HS,シグナルビーム
131,Pt / HS,しねんのずつき
131,HS,いやしのすず
131,HS,とおせんぼう
131,HS,ずつき
133,HS,みきり
133,Pt / HS,どろかけ
133,Pt / HS,いびき
133,Pt / HS,てだすけ
133,Pt / HS,とっておき
133,Pt / HS,スピードスター
133,HS,いやしのすず
133,HS,ずつき
134,Pt / HS,ダイビング
134,Pt / HS,どろかけ
134,Pt / HS,こごえるかぜ
134,Pt / HS,アクアテール
134,Pt / HS,いびき
134,Pt / HS,てだすけ
134,Pt / HS,シグナルビーム
134,Pt / HS,とっておき
134,Pt / HS,スピードスター
134,HS,いやしのすず
134,HS,ずつき
135,Pt / HS,どろかけ
135,Pt / HS,いびき
135,Pt / HS,てだすけ
135,Pt / HS,シグナルビーム
135,Pt / HS,でんじふゆう
135,Pt / HS,とっておき
135,Pt / HS,スピードスター
135,HS,いやしのすず
135,HS,ずつき
136,Pt / HS,どろかけ
136,Pt / HS,ばかぢから
136,Pt / HS,いびき
136,Pt / HS,てだすけ
136,Pt / HS,とっておき
136,Pt / HS,ねっぷう
136,Pt / HS,スピードスター
136,HS,いやしのすず
136,HS,ずつき
137,Pt / HS,こごえるかぜ
137,Pt / HS,いびき
137,Pt / HS,シグナルビーム
137,Pt / HS,しねんのずつき
137,Pt / HS,とっておき
137,Pt / HS,トリック
137,Pt / HS,スピードスター
137,HS,いたみわけ
137,HS,じゅうりょく
137,HS,マジックコート
138,HS,だくりゅう
138,Pt / HS,ダイビング
138,Pt / HS,こごえるかぜ
138,Pt / HS,ころがる
138,Pt / HS,いびき
138,Pt / HS,げんしのちから
138,Pt / HS,だいちのちから
138,Pt / HS,てっぺき
138,Pt / HS,はたきおとす
138,HS,ずつき
139,Pt / HS,ダイビング
139,Pt / HS,こごえるかぜ
139,Pt / HS,ころがる
139,Pt / HS,いびき
139,Pt / HS,げんしのちから
139,Pt / HS,だいちのちから
139,Pt / HS,てっぺき
139,Pt / HS,はたきおとす
139,HS,ずつき
140,Pt / HS,どろかけ
140,Pt / HS,こごえるかぜ
140,Pt / HS,ころがる
140,Pt / HS,いびき
140,Pt / HS,げんしのちから
140,Pt / HS,だいちのちから
140,Pt / HS,てっぺき
140,Pt / HS,はたきおとす
141,Pt / HS,ダイビング
141,Pt / HS,どろかけ
141,Pt / HS,れんぞくぎり
141,Pt / HS,こごえるかぜ
141,Pt / HS,ころがる
141,Pt / HS,ばかぢから
141,Pt / HS,アクアテール
141,Pt / HS,いびき
141,Pt / HS,げんしのちから
141,Pt / HS,だいちのちから
141,Pt / HS,てっぺき
141,Pt / HS,はたきおとす
141,HS,けたぐり
141,HS,ずつき
142,Pt / HS,アイアンヘッド
142,Pt / HS,アクアテール
142,Pt / HS,あやしいかぜ
142,Pt / HS,いびき
142,Pt / HS,エアカッター
142,Pt / HS,げんしのちから
142,Pt / HS,だいちのちから
142,Pt / HS,たつまき
142,Pt / HS,ねっぷう
142,Pt / HS,スピードスター
142,HS,おいかぜ
142,HS,ゴッドバード
142,HS,ずつき
143,Pt / HS,どろかけ
143,Pt / HS,こごえるかぜ
143,Pt / HS,ころがる
143,Pt / HS,かみなりパンチ
143,Pt / HS,ほのおのパンチ
143,Pt / HS,ばかぢから
143,Pt / HS,れいとうパンチ
143,Pt / HS,アイアンヘッド
143,Pt / HS,いびき
143,Pt / HS,げきりん
143,Pt / HS,しねんのずつき
143,Pt / HS,ダストシュート
143,Pt / HS,タネばくだん
143,Pt / HS,とっておき
143,HS,とおせんぼう
143,HS,ずつき
144,Pt / HS,どろかけ
144,Pt / HS,こごえるかぜ
144,Pt / HS,あやしいかぜ
144,Pt / HS,いびき
144,Pt / HS,エアカッター
144,Pt / HS,げんしのちから
144,Pt / HS,シグナルビーム
144,Pt / HS,たつまき
144,Pt / HS,スピードスター
144,HS,おいかぜ
144,HS,ゴッドバード
145,Pt / HS,どろかけ
145,Pt / HS,あやしいかぜ
145,Pt / HS,いびき
145,Pt / HS,エアカッター
145,Pt / HS,げんしのちから
145,Pt / HS,シグナルビーム
145,Pt / HS,たつまき
145,Pt / HS,ねっぷう
145,Pt / HS,スピードスター
145,HS,おいかぜ
145,HS,ゴッドバード
146,Pt / HS,どろかけ
146,Pt / HS,あやしいかぜ
146,Pt / HS,いびき
146,Pt / HS,エアカッター
146,Pt / HS,げんしのちから
146,Pt / HS,たつまき
146,Pt / HS,ねっぷう
146,Pt / HS,スピードスター
146,HS,おいかぜ
146,HS,ゴッドバード
147,HS,しんそく
147,Pt / HS,こごえるかぜ
147,Pt / HS,アクアテール
147,Pt / HS,いびき
147,Pt / HS,げきりん
147,Pt / HS,たつまき
147,Pt / HS,スピードスター
147,HS,ずつき
148,Pt / HS,こごえるかぜ
148,Pt / HS,アクアテール
148,Pt / HS,いびき
148,Pt / HS,げきりん
148,Pt / HS,たつまき
148,Pt / HS,スピードスター
148,HS,ずつき
149,Pt / HS,ダイビング
149,Pt / HS,どろかけ
149,Pt / HS,れんぞくぎり
149,Pt / HS,こごえるかぜ
149,Pt / HS,かみなりパンチ
149,Pt / HS,ほのおのパンチ
149,Pt / HS,ばかぢから
149,Pt / HS,れいとうパンチ
149,Pt / HS,アイアンヘッド
149,Pt / HS,アクアテール
149,Pt / HS,あやしいかぜ
149,Pt / HS,いびき
149,Pt / HS,エアカッター
149,Pt / HS,げきりん
149,Pt / HS,たつまき
149,Pt / HS,ねっぷう
149,Pt / HS,スピードスター
149,HS,おいかぜ
149,HS,ずつき
150,Pt / HS,どろかけ
150,Pt / HS,こごえるかぜ
150,Pt / HS,かみなりパンチ
150,Pt / HS,ほのおのパンチ
150,Pt / HS,れいとうパンチ
150,Pt / HS,アクアテール
150,Pt / HS,いびき
150,Pt / HS,シグナルビーム
150,Pt / HS,しねんのずつき
150,Pt / HS,トリック
150,Pt / HS,スピードスター
150,HS,じゅうりょく
150,HS,マジックコート
150,HS,なりきり
150,HS,けたぐり
150,HS,ずつき
151,Pt / HS,ダイビング
151,Pt / HS,どろかけ
151,Pt / HS,れんぞくぎり
151,Pt / HS,こごえるかぜ
151,Pt / HS,ころがる
151,Pt / HS,かみなりパンチ
151,Pt / HS,ほのおのパンチ
151,Pt / HS,ばかぢから
151,Pt / HS,れいとうパンチ
151,Pt / HS,アイアンヘッド
151,Pt / HS,アクアテール
151,Pt / HS,あやしいかぜ
151,Pt / HS,いえき
151,Pt / HS,いびき
151,Pt / HS,うらみ
151,Pt / HS,エアカッター
151,Pt / HS,てだすけ
151,Pt / HS,がむしゃら
151,Pt / HS,げきりん
151,Pt / HS,げんしのちから
151,Pt / HS,こうごうせい
151,Pt / HS,シグナルビーム
151,Pt / HS,しねんのずつき
151,Pt / HS,しんくうは
151,Pt / HS,だいちのちから
151,Pt / HS,ダストシュート
151,Pt / HS,たつまき
151,Pt / HS,タネばくだん
151,Pt / HS,てっぺき
151,Pt / HS,でんじふゆう
151,Pt / HS,とっておき
151,Pt / HS,とびはねる
151,Pt / HS,トリック
151,Pt / HS,ねっぷう
151,Pt / HS,はたきおとす
151,Pt / HS,ふいうち
151,Pt / HS,スピードスター
151,Pt / HS,さわぐ
151,HS,いかりのまえば
151,HS,いたみわけ
151,HS,いとをはく
151,HS,おいかぜ
151,HS,じゅうりょく
151,HS,なやみのタネ
151,HS,マジックコート
151,HS,なりきり
151,HS,いやしのすず
151,HS,けたぐり
151,HS,ゴッドバード
151,HS,とおせんぼう
151,HS,むしくい
151,HS,ずつき
152,HS,のしかかり
152,Pt / HS,どろかけ
152,Pt / HS,れんぞくぎり
152,Pt / HS,いびき
152,Pt / HS,げんしのちから
152,Pt / HS,こうごうせい
152,Pt / HS,タネばくだん
152,HS,なやみのタネ
152,HS,マジックコート
152,HS,ずつき
153,Pt / HS,どろかけ
153,Pt / HS,れんぞくぎり
153,Pt / HS,いびき
153,Pt / HS,げんしのちから
153,Pt / HS,こうごうせい
153,Pt / HS,タネばくだん
153,HS,なやみのタネ
153,HS,マジックコート
153,HS,ずつき
154,Pt / HS,どろかけ
154,Pt / HS,れんぞくぎり
154,Pt / HS,いびき
154,Pt / HS,げきりん
154,Pt / HS,げんしのちから
154,Pt / HS,こうごうせい
154,Pt / HS,タネばくだん
154,HS,なやみのタネ
154,HS,マジックコート
154,HS,ずつき
155,HS,じんつうりき
155,Pt / HS,どろかけ
155,Pt / HS,ころがる
155,Pt / HS,いびき
155,Pt / HS,ねっぷう
155,Pt / HS,スピードスター
155,HS,ずつき
156,Pt / HS,どろかけ
156,Pt / HS,れんぞくぎり
156,Pt / HS,ころがる
156,Pt / HS,いびき
156,Pt / HS,ねっぷう
156,Pt / HS,スピードスター
156,HS,ずつき
157,Pt / HS,どろかけ
157,Pt / HS,れんぞくぎり
157,Pt / HS,ころがる
157,Pt / HS,かみなりパンチ
157,Pt / HS,ほのおのパンチ
157,Pt / HS,いびき
157,Pt / HS,ねっぷう
157,Pt / HS,スピードスター
157,HS,けたぐり
157,HS,ずつき
158,HS,アクアジェット
158,Pt / HS,ダイビング
158,Pt / HS,どろかけ
158,Pt / HS,こごえるかぜ
158,Pt / HS,ばかぢから
158,Pt / HS,れいとうパンチ
158,Pt / HS,アクアテール
158,Pt / HS,いびき
158,Pt / HS,うらみ
158,Pt / HS,げんしのちから
158,Pt / HS,さわぐ
158,HS,けたぐり
158,HS,ずつき
159,Pt / HS,ダイビング
159,Pt / HS,どろかけ
159,Pt / HS,れんぞくぎり
159,Pt / HS,こごえるかぜ
159,Pt / HS,ばかぢから
159,Pt / HS,れいとうパンチ
159,Pt / HS,いびき
159,Pt / HS,うらみ
159,Pt / HS,げんしのちから
159,Pt / HS,さわぐ
159,HS,けたぐり
159,HS,ずつき
160,Pt / HS,ダイビング
160,Pt / HS,どろかけ
160,Pt / HS,れんぞくぎり
160,Pt / HS,こごえるかぜ
160,Pt / HS,ばかぢから
160,Pt / HS,れいとうパンチ
160,Pt / HS,アクアテール
160,Pt / HS,いびき
160,Pt / HS,うらみ
160,Pt / HS,げきりん
160,Pt / HS,げんしのちから
160,Pt / HS,さわぐ
160,HS,けたぐり
160,HS,ずつき
161,Pt / HS,どろかけ
161,Pt / HS,れんぞくぎり
161,Pt / HS,ころがる
161,Pt / HS,かみなりパンチ
161,Pt / HS,ほのおのパンチ
161,Pt / HS,れいとうパンチ
161,Pt / HS,アクアテール
161,Pt / HS,いびき
161,Pt / HS,てだすけ
161,Pt / HS,とっておき
161,Pt / HS,はたきおとす
161,Pt / HS,ふいうち
161,Pt / HS,スピードスター
161,Pt / HS,さわぐ
161,HS,いかりのまえば
161,HS,ずつき
162,Pt / HS,どろかけ
162,Pt / HS,れんぞくぎり
162,Pt / HS,ころがる
162,Pt / HS,かみなりパンチ
162,Pt / HS,ほのおのパンチ
162,Pt / HS,れいとうパンチ
162,Pt / HS,アクアテール
162,Pt / HS,いびき
162,Pt / HS,てだすけ
162,Pt / HS,とっておき
162,Pt / HS,はたきおとす
162,Pt / HS,ふいうち
162,Pt / HS,スピードスター
162,Pt / HS,さわぐ
162,HS,いかりのまえば
162,HS,ずつき
163,Pt / HS,どろかけ
163,Pt / HS,あやしいかぜ
163,Pt / HS,エアカッター
163,Pt / HS,しねんのずつき
163,Pt / HS,たつまき
163,Pt / HS,ねっぷう
163,Pt / HS,スピードスター
163,Pt / HS,さわぐ
163,HS,おいかぜ
163,HS,マジックコート
164,Pt / HS,どろかけ
164,Pt / HS,あやしいかぜ
164,Pt / HS,エアカッター
164,Pt / HS,しねんのずつき
164,Pt / HS,たつまき
164,Pt / HS,ねっぷう
164,Pt / HS,スピードスター
164,Pt / HS,さわぐ
164,HS,おいかぜ
164,HS,マジックコート
164,HS,ゴッドバード
165,Pt / HS,ころがる
165,Pt / HS,かみなりパンチ
165,Pt / HS,れいとうパンチ
165,Pt / HS,あやしいかぜ
165,Pt / HS,いびき
165,Pt / HS,エアカッター
165,Pt / HS,はたきおとす
165,Pt / HS,スピードスター
165,Pt / HS,さわぐ
165,HS,いとをはく
165,HS,おいかぜ
165,HS,むしくい
165,HS,ずつき
166,Pt / HS,ころがる
166,Pt / HS,かみなりパンチ
166,Pt / HS,れいとうパンチ
166,Pt / HS,あやしいかぜ
166,Pt / HS,いびき
166,Pt / HS,エアカッター
166,Pt / HS,はたきおとす
166,Pt / HS,スピードスター
166,Pt / HS,さわぐ
166,HS,いとをはく
166,HS,おいかぜ
166,HS,むしくい
166,HS,ずつき
167,Pt / HS,シグナルビーム
167,Pt / HS,とびはねる
167,Pt / HS,ふいうち
167,HS,いとをはく
167,HS,むしくい
168,Pt / HS,シグナルビーム
168,Pt / HS,とびはねる
168,Pt / HS,ふいうち
168,HS,いとをはく
168,HS,むしくい
169,Pt / HS,あやしいかぜ
169,Pt / HS,いびき
169,Pt / HS,エアカッター
169,Pt / HS,しねんのずつき
169,Pt / HS,たつまき
169,Pt / HS,ねっぷう
169,Pt / HS,スピードスター
169,Pt / HS,さわぐ
169,HS,いかりのまえば
169,HS,おいかぜ
169,HS,ゴッドバード
170,Pt / HS,ダイビング
170,Pt / HS,こごえるかぜ
170,Pt / HS,いびき
170,Pt / HS,シグナルビーム
170,Pt / HS,とびはねる
170,Pt / HS,ふいうち
170,HS,いやしのすず
171,Pt / HS,ダイビング
171,Pt / HS,こごえるかぜ
171,Pt / HS,アクアテール
171,Pt / HS,いびき
171,Pt / HS,シグナルビーム
171,Pt / HS,とびはねる
171,Pt / HS,ふいうち
171,HS,いやしのすず
172,HS,じたばた
172,Pt / HS,どろかけ
172,Pt / HS,ころがる
172,Pt / HS,いびき
172,Pt / HS,てだすけ
172,Pt / HS,シグナルビーム
172,Pt / HS,でんじふゆう
172,Pt / HS,スピードスター
172,Pt / HS,さわぐ
172,HS,ずつき
173,HS,アロマセラピー
173,Pt / HS,どろかけ
173,Pt / HS,こごえるかぜ
173,Pt / HS,ころがる
173,Pt / HS,いびき
173,Pt / HS,てだすけ
173,Pt / HS,がむしゃら
173,Pt / HS,シグナルビーム
173,Pt / HS,しねんのずつき
173,Pt / HS,とっておき
173,Pt / HS,トリック
173,Pt / HS,さわぐ
173,HS,じゅうりょく
173,HS,マジックコート
173,HS,なりきり
173,HS,ずつき
174,Pt / HS,どろかけ
174,Pt / HS,こごえるかぜ
174,Pt / HS,ころがる
174,Pt / HS,いびき
174,Pt / HS,てだすけ
174,Pt / HS,がむしゃら
174,Pt / HS,とっておき
174,Pt / HS,とびはねる
174,Pt / HS,さわぐ
174,HS,いたみわけ
174,HS,じゅうりょく
174,HS,マジックコート
174,HS,なりきり
174,HS,いやしのすず
174,HS,ずつき
175,HS,じんつうりき
175,Pt / HS,どろかけ
175,Pt / HS,ころがる
175,Pt / HS,いびき
175,Pt / HS,がむしゃら
175,Pt / HS,げんしのちから
175,Pt / HS,シグナルビーム
175,Pt / HS,しねんのずつき
175,Pt / HS,とっておき
175,Pt / HS,トリック
175,Pt / HS,スピードスター
175,Pt / HS,さわぐ
175,HS,マジックコート
175,HS,いやしのすず
175,HS,ずつき
176,Pt / HS,どろかけ
176,Pt / HS,ころがる
176,Pt / HS,あやしいかぜ
176,Pt / HS,いびき
176,Pt / HS,エアカッター
176,Pt / HS,がむしゃら
176,Pt / HS,げんしのちから
176,Pt / HS,シグナルビーム
176,Pt / HS,しねんのずつき
176,Pt / HS,たつまき
176,Pt / HS,とっておき
176,Pt / HS,トリック
176,Pt / HS,ねっぷう
176,Pt / HS,スピードスター
176,HS,おいかぜ
176,HS,マジックコート
176,HS,いやしのすず
176,HS,ずつき
177,Pt / HS,あやしいかぜ
177,Pt / HS,いびき
177,Pt / HS,エアカッター
177,Pt / HS,シグナルビーム
177,Pt / HS,しねんのずつき
177,Pt / HS,たつまき
177,Pt / HS,トリック
177,Pt / HS,ねっぷう
177,Pt / HS,ふいうち
177,Pt / HS,スピードスター
177,HS,いたみわけ
177,HS,おいかぜ
177,HS,マジックコート
178,Pt / HS,あやしいかぜ
178,Pt / HS,いびき
178,Pt / HS,エアカッター
178,Pt / HS,シグナルビーム
178,Pt / HS,しねんのずつき
178,Pt / HS,たつまき
178,Pt / HS,トリック
178,Pt / HS,ねっぷう
178,Pt / HS,ふいうち
178,Pt / HS,スピードスター
178,HS,いたみわけ
178,HS,おいかぜ
178,HS,マジックコート
178,HS,ゴッドバード
179,Pt / HS,いびき
179,Pt / HS,シグナルビーム
179,Pt / HS,でんじふゆう
179,Pt / HS,スピードスター
179,HS,いやしのすず
179,HS,ずつき
180,Pt / HS,かみなりパンチ
180,Pt / HS,ほのおのパンチ
180,Pt / HS,いびき
180,Pt / HS,シグナルビーム
180,Pt / HS,でんじふゆう
180,Pt / HS,スピードスター
180,HS,いやしのすず
180,HS,ずつき
181,Pt / HS,かみなりパンチ
181,Pt / HS,ほのおのパンチ
181,Pt / HS,いびき
181,Pt / HS,げきりん
181,Pt / HS,シグナルビーム
181,Pt / HS,でんじふゆう
181,Pt / HS,スピードスター
181,HS,いやしのすず
181,HS,ずつき
182,Pt / HS,いえき
182,Pt / HS,いびき
182,Pt / HS,こうごうせい
182,Pt / HS,タネばくだん
182,Pt / HS,さわぐ
182,HS,なやみのタネ
183,HS,のしかかり
183,Pt / HS,ダイビング
183,Pt / HS,どろかけ
183,Pt / HS,こごえるかぜ
183,Pt / HS,ころがる
183,Pt / HS,ばかぢから
183,Pt / HS,れいとうパンチ
183,Pt / HS,アクアテール
183,Pt / HS,いびき
183,Pt / HS,てだすけ
183,Pt / HS,はたきおとす
183,Pt / HS,スピードスター
183,HS,ずつき
184,Pt / HS,ダイビング
184,Pt / HS,どろかけ
184,Pt / HS,こごえるかぜ
184,Pt / HS,ころがる
184,Pt / HS,ばかぢから
184,Pt / HS,れいとうパンチ
184,Pt / HS,アクアテール
184,Pt / HS,いびき
184,Pt / HS,てだすけ
184,Pt / HS,はたきおとす
184,Pt / HS,スピードスター
184,HS,ずつき
185,Pt / HS,どろかけ
185,Pt / HS,ころがる
185,Pt / HS,かみなりパンチ
185,Pt / HS,ほのおのパンチ
185,Pt / HS,れいとうパンチ
185,Pt / HS,いびき
185,Pt / HS,てだすけ
185,Pt / HS,だいちのちから
185,Pt / HS,ふいうち
185,HS,なりきり
185,HS,けたぐり
185,HS,とおせんぼう
185,HS,ずつき
186,Pt / HS,ダイビング
186,Pt / HS,どろかけ
186,Pt / HS,こごえるかぜ
186,Pt / HS,いびき
186,Pt / HS,てだすけ
186,Pt / HS,とびはねる
186,HS,ずつき
187,Pt / HS,いびき
187,Pt / HS,てだすけ
187,Pt / HS,こうごうせい
187,Pt / HS,タネばくだん
187,Pt / HS,とびはねる
187,HS,なやみのタネ
187,HS,ずつき
188,Pt / HS,いびき
188,Pt / HS,てだすけ
188,Pt / HS,こうごうせい
188,Pt / HS,タネばくだん
188,Pt / HS,とびはねる
188,HS,なやみのタネ
188,HS,ずつき
189,Pt / HS,いびき
189,Pt / HS,てだすけ
189,Pt / HS,こうごうせい
189,Pt / HS,タネばくだん
189,Pt / HS,とびはねる
189,HS,なやみのタネ
189,HS,ずつき
190,Pt / HS,どろかけ
190,Pt / HS,れんぞくぎり
190,Pt / HS,かみなりパンチ
190,Pt / HS,ほのおのパンチ
190,Pt / HS,れいとうパンチ
190,Pt / HS,いびき
190,Pt / HS,うらみ
190,Pt / HS,ダストシュート
190,Pt / HS,タネばくだん
190,Pt / HS,とっておき
190,Pt / HS,とびはねる
190,Pt / HS,はたきおとす
190,Pt / HS,スピードスター
190,Pt / HS,さわぐ
190,HS,なりきり
190,HS,けたぐり
190,HS,ずつき
191,Pt / HS,いびき
191,Pt / HS,てだすけ
191,Pt / HS,がむしゃら
191,Pt / HS,こうごうせい
191,HS,だいちのちから
191,Pt / HS,タネばくだん
191,Pt / HS,さわぐ
191,HS,なやみのタネ
192,Pt / HS,いびき
192,Pt / HS,てだすけ
192,Pt / HS,がむしゃら
192,Pt / HS,こうごうせい
192,HS,だいちのちから
192,Pt / HS,タネばくだん
192,Pt / HS,さわぐ
192,HS,なやみのタネ
193,Pt / HS,あやしいかぜ
193,Pt / HS,いびき
193,Pt / HS,エアカッター
193,Pt / HS,げんしのちから
193,Pt / HS,シグナルビーム
193,Pt / HS,スピードスター
193,Pt / HS,さわぐ
193,HS,いとをはく
193,HS,おいかぜ
193,HS,むしくい
193,HS,ずつき
194,HS,じこさいせい
194,Pt / HS,ダイビング
194,Pt / HS,どろかけ
194,Pt / HS,こごえるかぜ
194,Pt / HS,ころがる
194,Pt / HS,れいとうパンチ
194,Pt / HS,アクアテール
194,Pt / HS,いびき
194,Pt / HS,げんしのちから
194,Pt / HS,だいちのちから
194,HS,ずつき
195,Pt / HS,ダイビング
195,Pt / HS,どろかけ
195,Pt / HS,こごえるかぜ
195,Pt / HS,ころがる
195,Pt / HS,れいとうパンチ
195,Pt / HS,アクアテール
195,Pt / HS,いびき
195,Pt / HS,げんしのちから
195,Pt / HS,だいちのちから
195,HS,ずつき
196,Pt / HS,どろかけ
196,Pt / HS,いびき
196,Pt / HS,てだすけ
196,Pt / HS,シグナルビーム
196,Pt / HS,しねんのずつき
196,Pt / HS,とっておき
196,Pt / HS,トリック
196,Pt / HS,スピードスター
196,HS,マジックコート
196,HS,いやしのすず
196,HS,ずつき
197,Pt / HS,どろかけ
197,Pt / HS,いびき
197,Pt / HS,うらみ
197,Pt / HS,てだすけ
197,Pt / HS,とっておき
197,Pt / HS,ふいうち
197,Pt / HS,スピードスター
197,HS,いやしのすず
197,HS,ずつき
198,HS,ブレイブバード
198,Pt / HS,どろかけ
198,Pt / HS,こごえるかぜ
198,Pt / HS,あやしいかぜ
198,Pt / HS,うらみ
198,Pt / HS,エアカッター
198,Pt / HS,たつまき
198,Pt / HS,ねっぷう
198,Pt / HS,ふいうち
198,Pt / HS,スピードスター
198,Pt / HS,さわぐ
198,HS,おいかぜ
199,Pt / HS,ダイビング
199,Pt / HS,どろかけ
199,Pt / HS,れんぞくぎり
199,Pt / HS,こごえるかぜ
199,Pt / HS,れいとうパンチ
199,Pt / HS,アクアテール
199,Pt / HS,いびき
199,Pt / HS,シグナルビーム
199,Pt / HS,しねんのずつき
199,Pt / HS,てっぺき
199,Pt / HS,トリック
199,Pt / HS,スピードスター
199,HS,マジックコート
199,HS,とおせんぼう
199,HS,ずつき
200,HS,わるだくみ
200,Pt / HS,こごえるかぜ
200,Pt / HS,あやしいかぜ
200,Pt / HS,いびき
200,Pt / HS,うらみ
200,Pt / HS,トリック
200,Pt / HS,ふいうち
200,Pt / HS,スピードスター
200,Pt / HS,さわぐ
200,HS,いたみわけ
200,HS,マジックコート
200,HS,いやしのすず
200,HS,ずつき
203,HS,かまいたち
203,Pt / HS,どろかけ
203,Pt / HS,いびき
203,Pt / HS,シグナルビーム
203,Pt / HS,しねんのずつき
203,Pt / HS,トリック
203,Pt / HS,ふいうち
203,Pt / HS,スピードスター
203,Pt / HS,さわぐ
203,HS,じゅうりょく
203,HS,マジックコート
203,HS,ずつき
204,HS,パワートリック
204,Pt / HS,ころがる
204,Pt / HS,いびき
204,Pt / HS,てっぺき
204,HS,いたみわけ
204,HS,いとをはく
204,HS,じゅうりょく
204,HS,むしくい
204,HS,ずつき
205,Pt / HS,ころがる
205,Pt / HS,いびき
205,Pt / HS,シグナルビーム
205,Pt / HS,てっぺき
205,Pt / HS,でんじふゆう
205,HS,いたみわけ
205,HS,いとをはく
205,HS,じゅうりょく
205,HS,とおせんぼう
205,HS,むしくい
205,HS,ずつき
206,HS,こうそくいどう
206,Pt / HS,どろかけ
206,Pt / HS,ころがる
206,Pt / HS,アクアテール
206,Pt / HS,いびき
206,Pt / HS,うらみ
206,Pt / HS,がむしゃら
206,Pt / HS,げんしのちから
206,Pt / HS,しねんのずつき
206,Pt / HS,とっておき
206,HS,いたみわけ
206,HS,マジックコート
206,HS,ずつき
207,HS,パワートリック
207,Pt / HS,れんぞくぎり
207,Pt / HS,アクアテール
207,Pt / HS,いびき
207,Pt / HS,だいちのちから
207,Pt / HS,はたきおとす
207,Pt / HS,スピードスター
207,HS,おいかぜ
207,HS,ずつき
208,Pt / HS,どろかけ
208,Pt / HS,ころがる
208,Pt / HS,アイアンヘッド
208,Pt / HS,アクアテール
208,Pt / HS,いびき
208,Pt / HS,げんしのちから
208,Pt / HS,だいちのちから
208,Pt / HS,たつまき
208,Pt / HS,でんじふゆう
208,HS,とおせんぼう
208,HS,ずつき
209,Pt / HS,どろかけ
209,Pt / HS,かみなりパンチ
209,Pt / HS,ほのおのパンチ
209,Pt / HS,ばかぢから
209,Pt / HS,れいとうパンチ
209,Pt / HS,いびき
209,Pt / HS,とっておき
209,HS,いかりのまえば
209,HS,いやしのすず
209,HS,けたぐり
209,HS,ずつき
210,Pt / HS,どろかけ
210,Pt / HS,かみなりパンチ
210,Pt / HS,ほのおのパンチ
210,Pt / HS,ばかぢから
210,Pt / HS,れいとうパンチ
210,Pt / HS,いびき
210,Pt / HS,とっておき
210,HS,いかりのまえば
210,HS,いやしのすず
210,HS,けたぐり
210,HS,ずつき
211,HS,アクアジェット
211,Pt / HS,ダイビング
211,Pt / HS,こごえるかぜ
211,Pt / HS,ころがる
211,Pt / HS,アクアテール
211,Pt / HS,いびき
211,Pt / HS,シグナルビーム
211,Pt / HS,とびはねる
211,Pt / HS,スピードスター
211,HS,いたみわけ
211,HS,ずつき
212,Pt / HS,れんぞくぎり
212,Pt / HS,ばかぢから
212,Pt / HS,アイアンヘッド
212,Pt / HS,あやしいかぜ
212,Pt / HS,いびき
212,Pt / HS,てっぺき
212,Pt / HS,はたきおとす
212,Pt / HS,スピードスター
212,HS,おいかぜ
212,HS,むしくい
212,HS,ずつき
213,Pt / HS,どろかけ
213,Pt / HS,ころがる
213,Pt / HS,いえき
213,Pt / HS,いびき
213,Pt / HS,てだすけ
213,Pt / HS,げんしのちから
213,Pt / HS,だいちのちから
213,HS,いとをはく
213,HS,むしくい
213,HS,ずつき
214,Pt / HS,れんぞくぎり
214,Pt / HS,いびき
214,Pt / HS,てだすけ
214,Pt / HS,しんくうは
214,Pt / HS,てっぺき
214,Pt / HS,はたきおとす
214,HS,けたぐり
214,HS,むしくい
214,HS,ずつき
215,HS,ねこのて
215,Pt / HS,どろかけ
215,Pt / HS,れんぞくぎり
215,Pt / HS,こごえるかぜ
215,Pt / HS,れいとうパンチ
215,Pt / HS,いびき
215,Pt / HS,うらみ
215,Pt / HS,はたきおとす
215,Pt / HS,スピードスター
215,HS,けたぐり
215,HS,ずつき
216,HS,はらだいこ
216,Pt / HS,どろかけ
216,Pt / HS,れんぞくぎり
216,Pt / HS,ころがる
216,Pt / HS,かみなりパンチ
216,Pt / HS,ほのおのパンチ
216,Pt / HS,ばかぢから
216,Pt / HS,れいとうパンチ
216,Pt / HS,いびき
216,Pt / HS,ダストシュート
216,Pt / HS,タネばくだん
216,Pt / HS,とっておき
216,Pt / HS,スピードスター
216,HS,ずつき
217,Pt / HS,どろかけ
217,Pt / HS,れんぞくぎり
217,Pt / HS,ころがる
217,Pt / HS,かみなりパンチ
217,Pt / HS,ほのおのパンチ
217,Pt / HS,ばかぢから
217,Pt / HS,れいとうパンチ
217,Pt / HS,いびき
217,Pt / HS,ダストシュート
217,Pt / HS,タネばくだん
217,Pt / HS,とっておき
217,Pt / HS,スピードスター
217,Pt / HS,さわぐ
217,HS,けたぐり
217,HS,ずつき
218,Pt / HS,どろかけ
218,Pt / HS,ころがる
218,Pt / HS,いびき
218,Pt / HS,げんしのちから
218,Pt / HS,だいちのちから
218,Pt / HS,てっぺき
218,Pt / HS,ねっぷう
218,HS,いたみわけ
219,Pt / HS,どろかけ
219,Pt / HS,ころがる
219,Pt / HS,いびき
219,Pt / HS,げんしのちから
219,Pt / HS,だいちのちから
219,Pt / HS,てっぺき
219,Pt / HS,ねっぷう
219,HS,いたみわけ
220,HS,マッドショット
220,Pt / HS,どろかけ
220,Pt / HS,こごえるかぜ
220,Pt / HS,ばかぢから
220,Pt / HS,いびき
220,Pt / HS,がむしゃら
220,Pt / HS,げんしのちから
220,Pt / HS,だいちのちから
220,HS,ずつき
221,Pt / HS,どろかけ
221,Pt / HS,こごえるかぜ
221,Pt / HS,ばかぢから
221,Pt / HS,いびき
221,Pt / HS,がむしゃら
221,Pt / HS,げんしのちから
221,Pt / HS,だいちのちから
221,HS,ずつき
222,HS,のろい
222,Pt / HS,どろかけ
222,Pt / HS,こごえるかぜ
222,Pt / HS,ころがる
222,Pt / HS,いびき
222,Pt / HS,がむしゃら
222,Pt / HS,げんしのちから
222,Pt / HS,だいちのちから
222,Pt / HS,ふいうち
222,HS,マジックコート
222,HS,ずつき
223,Pt / HS,ダイビング
223,Pt / HS,どろかけ
223,Pt / HS,こごえるかぜ
223,Pt / HS,いびき
223,Pt / HS,シグナルビーム
223,Pt / HS,ダストシュート
223,Pt / HS,タネばくだん
223,Pt / HS,とびはねる
223,Pt / HS,スピードスター
223,HS,いとをはく
224,Pt / HS,ダイビング
224,Pt / HS,どろかけ
224,Pt / HS,こごえるかぜ
224,Pt / HS,いびき
224,Pt / HS,シグナルビーム
224,Pt / HS,ダストシュート
224,Pt / HS,タネばくだん
224,Pt / HS,とびはねる
224,Pt / HS,スピードスター
224,HS,いとをはく
225,HS,ねこだまし
225,Pt / HS,どろかけ
225,Pt / HS,こごえるかぜ
225,Pt / HS,ころがる
225,Pt / HS,シグナルビーム
225,Pt / HS,ダストシュート
225,Pt / HS,タネばくだん
225,Pt / HS,とびはねる
225,Pt / HS,スピードスター
225,HS,ゴッドバード
225,HS,ずつき
226,Pt / HS,ダイビング
226,Pt / HS,どろかけ
226,Pt / HS,こごえるかぜ
226,Pt / HS,アイアンヘッド
226,Pt / HS,アクアテール
226,Pt / HS,いびき
226,Pt / HS,エアカッター
226,Pt / HS,てだすけ
226,Pt / HS,シグナルビーム
226,Pt / HS,ダストシュート
226,Pt / HS,タネばくだん
226,Pt / HS,とびはねる
226,Pt / HS,スピードスター
226,HS,いとをはく
226,HS,おいかぜ
226,HS,ずつき
227,HS,ガードスワップ
227,Pt / HS,どろかけ
227,Pt / HS,れんぞくぎり
227,Pt / HS,こごえるかぜ
227,Pt / HS,あやしいかぜ
227,Pt / HS,いびき
227,Pt / HS,エアカッター
227,Pt / HS,たつまき
227,Pt / HS,てっぺき
227,Pt / HS,スピードスター
227,HS,おいかぜ
227,HS,ゴッドバード
228,HS,フェイント
228,Pt / HS,どろかけ
228,Pt / HS,いびき
228,Pt / HS,うらみ
228,Pt / HS,ねっぷう
228,Pt / HS,ふいうち
228,Pt / HS,スピードスター
228,Pt / HS,さわぐ
228,HS,いかりのまえば
228,HS,なりきり
228,HS,ずつき
229,Pt / HS,どろかけ
229,Pt / HS,いびき
229,Pt / HS,うらみ
229,Pt / HS,ねっぷう
229,Pt / HS,ふいうち
229,Pt / HS,スピードスター
229,Pt / HS,さわぐ
229,HS,いかりのまえば
229,HS,なりきり
229,HS,ずつき
230,Pt / HS,ダイビング
230,Pt / HS,こごえるかぜ
230,Pt / HS,アイアンヘッド
230,Pt / HS,いびき
230,Pt / HS,げきりん
230,Pt / HS,シグナルビーム
230,Pt / HS,たつまき
230,Pt / HS,とびはねる
230,Pt / HS,スピードスター
230,HS,ずつき
231,HS,もろはのずつき
231,Pt / HS,どろかけ
231,Pt / HS,ころがる
231,Pt / HS,ばかぢから
231,Pt / HS,いびき
231,Pt / HS,がむしゃら
231,Pt / HS,げんしのちから
231,Pt / HS,だいちのちから
231,Pt / HS,ダストシュート
231,Pt / HS,タネばくだん
231,Pt / HS,はたきおとす
231,HS,ずつき
232,Pt / HS,どろかけ
232,Pt / HS,ころがる
232,Pt / HS,ばかぢから
232,Pt / HS,いびき
232,Pt / HS,がむしゃら
232,Pt / HS,げんしのちから
232,Pt / HS,だいちのちから
232,Pt / HS,ダストシュート
232,Pt / HS,タネばくだん
232,Pt / HS,てっぺき
232,Pt / HS,とびはねる
232,Pt / HS,はたきおとす
232,HS,とおせんぼう
232,HS,ずつき
233,Pt / HS,こごえるかぜ
233,Pt / HS,いびき
233,Pt / HS,シグナルビーム
233,Pt / HS,しねんのずつき
233,Pt / HS,とっておき
233,Pt / HS,トリック
233,Pt / HS,スピードスター
233,HS,いたみわけ
233,HS,じゅうりょく
233,HS,マジックコート
234,HS,メガホーン
234,Pt / HS,どろかけ
234,Pt / HS,いびき
234,Pt / HS,うらみ
234,Pt / HS,シグナルビーム
234,Pt / HS,しねんのずつき
234,Pt / HS,とっておき
234,Pt / HS,とびはねる
234,Pt / HS,ふいうち
234,Pt / HS,スピードスター
234,Pt / HS,さわぐ
234,HS,じゅうりょく
234,HS,なりきり
234,HS,ずつき
236,Pt / HS,どろかけ
236,Pt / HS,いびき
236,Pt / HS,てだすけ
236,Pt / HS,しんくうは
236,Pt / HS,スピードスター
236,Pt / HS,さわぐ
236,HS,なりきり
236,HS,けたぐり
236,HS,ずつき
237,Pt / HS,どろかけ
237,Pt / HS,ころがる
237,Pt / HS,いびき
237,Pt / HS,てだすけ
237,Pt / HS,がむしゃら
237,Pt / HS,しんくうは
237,Pt / HS,たつまき
237,Pt / HS,ふいうち
237,Pt / HS,スピードスター
237,HS,なりきり
237,HS,けたぐり
237,HS,ずつき
238,HS,わるだくみ
238,Pt / HS,どろかけ
238,Pt / HS,こごえるかぜ
238,Pt / HS,れいとうパンチ
238,Pt / HS,いびき
238,Pt / HS,てだすけ
238,Pt / HS,シグナルビーム
238,Pt / HS,しねんのずつき
238,Pt / HS,トリック
238,Pt / HS,さわぐ
238,HS,マジックコート
238,HS,なりきり
238,HS,いやしのすず
239,HS,フェイント
239,Pt / HS,どろかけ
239,Pt / HS,かみなりパンチ
239,Pt / HS,ほのおのパンチ
239,Pt / HS,れいとうパンチ
239,Pt / HS,いびき
239,Pt / HS,てだすけ
239,Pt / HS,シグナルビーム
239,Pt / HS,でんじふゆう
239,Pt / HS,スピードスター
239,Pt / HS,さわぐ
239,HS,けたぐり
239,HS,ずつき
240,HS,はらだいこ
240,Pt / HS,どろかけ
240,Pt / HS,かみなりパンチ
240,Pt / HS,ほのおのパンチ
240,Pt / HS,いびき
240,Pt / HS,てだすけ
240,Pt / HS,ねっぷう
240,Pt / HS,さわぐ
240,HS,ずつき
241,Pt / HS,どろかけ
241,Pt / HS,こごえるかぜ
241,Pt / HS,ころがる
241,Pt / HS,かみなりパンチ
241,Pt / HS,ほのおのパンチ
241,Pt / HS,れいとうパンチ
241,Pt / HS,アイアンヘッド
241,Pt / HS,いびき
241,Pt / HS,てだすけ
241,Pt / HS,しねんのずつき
241,HS,いやしのすず
241,HS,とおせんぼう
241,HS,ずつき
242,Pt / HS,どろかけ
242,Pt / HS,こごえるかぜ
242,Pt / HS,ころがる
242,Pt / HS,かみなりパンチ
242,Pt / HS,ほのおのパンチ
242,Pt / HS,れいとうパンチ
242,Pt / HS,いびき
242,Pt / HS,てだすけ
242,Pt / HS,がむしゃら
242,Pt / HS,しねんのずつき
242,Pt / HS,とっておき
242,HS,じゅうりょく
242,HS,いやしのすず
242,HS,とおせんぼう
242,HS,ずつき
243,Pt / HS,どろかけ
243,Pt / HS,アイアンヘッド
243,Pt / HS,いびき
243,Pt / HS,シグナルビーム
243,Pt / HS,でんじふゆう
243,Pt / HS,スピードスター
243,HS,ずつき
244,Pt / HS,どろかけ
244,Pt / HS,アイアンヘッド
244,Pt / HS,いびき
244,Pt / HS,ねっぷう
244,Pt / HS,スピードスター
244,HS,ずつき
245,Pt / HS,ダイビング
245,Pt / HS,どろかけ
245,Pt / HS,こごえるかぜ
245,Pt / HS,アイアンヘッド
245,Pt / HS,あやしいかぜ
245,Pt / HS,いびき
245,Pt / HS,シグナルビーム
245,Pt / HS,スピードスター
245,HS,おいかぜ
245,HS,ずつき
246,Pt / HS,どろかけ
246,Pt / HS,ばかぢから
246,Pt / HS,アイアンヘッド
246,Pt / HS,いびき
246,Pt / HS,うらみ
246,Pt / HS,げんしのちから
246,Pt / HS,だいちのちから
246,Pt / HS,さわぐ
246,HS,ずつき
247,Pt / HS,どろかけ
247,Pt / HS,ばかぢから
247,Pt / HS,アイアンヘッド
247,Pt / HS,いびき
247,Pt / HS,うらみ
247,Pt / HS,げんしのちから
247,Pt / HS,だいちのちから
247,Pt / HS,てっぺき
247,Pt / HS,さわぐ
247,HS,ずつき
248,Pt / HS,どろかけ
248,Pt / HS,れんぞくぎり
248,Pt / HS,かみなりパンチ
248,Pt / HS,ほのおのパンチ
248,Pt / HS,ばかぢから
248,Pt / HS,れいとうパンチ
248,Pt / HS,アイアンヘッド
248,Pt / HS,アクアテール
248,Pt / HS,いびき
248,Pt / HS,うらみ
248,Pt / HS,げきりん
248,Pt / HS,げんしのちから
248,Pt / HS,だいちのちから
248,Pt / HS,さわぐ
248,HS,けたぐり
248,HS,とおせんぼう
248,HS,ずつき
249,Pt / HS,ダイビング
249,Pt / HS,どろかけ
249,Pt / HS,こごえるかぜ
249,Pt / HS,アイアンヘッド
249,Pt / HS,アクアテール
249,Pt / HS,あやしいかぜ
249,Pt / HS,いびき
249,Pt / HS,エアカッター
249,Pt / HS,げんしのちから
249,Pt / HS,シグナルビーム
249,Pt / HS,しねんのずつき
249,Pt / HS,だいちのちから
249,Pt / HS,たつまき
249,Pt / HS,トリック
249,Pt / HS,スピードスター
249,HS,おいかぜ
249,HS,ゴッドバード
249,HS,ずつき
250,Pt / HS,どろかけ
250,Pt / HS,アイアンヘッド
250,Pt / HS,あやしいかぜ
250,Pt / HS,いびき
250,Pt / HS,エアカッター
250,Pt / HS,げんしのちから
250,Pt / HS,シグナルビーム
250,Pt / HS,しねんのずつき
250,Pt / HS,だいちのちから
250,Pt / HS,たつまき
250,Pt / HS,ねっぷう
250,Pt / HS,スピードスター
250,HS,おいかぜ
250,HS,ゴッドバード
251,Pt / HS,どろかけ
251,Pt / HS,いびき
251,Pt / HS,てだすけ
251,Pt / HS,げんしのちから
251,Pt / HS,こうごうせい
251,Pt / HS,シグナルビーム
251,Pt / HS,しねんのずつき
251,Pt / HS,だいちのちから
251,Pt / HS,タネばくだん
251,Pt / HS,とっておき
251,Pt / HS,トリック
251,Pt / HS,ふいうち
251,Pt / HS,スピードスター
251,Pt / HS,さわぐ
251,HS,なやみのタネ
251,HS,マジックコート
251,HS,いやしのすず
252,HS,かまいたち
252,Pt / HS,どろかけ
252,Pt / HS,れんぞくぎり
252,Pt / HS,かみなりパンチ
252,Pt / HS,いびき
252,Pt / HS,がむしゃら
252,Pt / HS,こうごうせい
252,Pt / HS,タネばくだん
252,Pt / HS,スピードスター
252,HS,なやみのタネ
252,HS,けたぐり
252,HS,ずつき
253,Pt / HS,どろかけ
253,Pt / HS,れんぞくぎり
253,Pt / HS,かみなりパンチ
253,Pt / HS,いびき
253,Pt / HS,がむしゃら
253,Pt / HS,こうごうせい
253,Pt / HS,タネばくだん
253,Pt / HS,スピードスター
253,HS,なやみのタネ
253,HS,けたぐり
253,HS,ずつき
254,Pt / HS,どろかけ
254,Pt / HS,れんぞくぎり
254,Pt / HS,かみなりパンチ
254,Pt / HS,いびき
254,Pt / HS,がむしゃら
254,Pt / HS,げきりん
254,Pt / HS,こうごうせい
254,Pt / HS,タネばくだん
254,Pt / HS,スピードスター
254,HS,なやみのタネ
254,HS,けたぐり
254,HS,ずつき
255,HS,フェザーダンス
255,Pt / HS,どろかけ
255,Pt / HS,いびき
255,Pt / HS,てだすけ
255,Pt / HS,とっておき
255,Pt / HS,とびはねる
255,Pt / HS,ねっぷう
255,Pt / HS,スピードスター
255,HS,ずつき
256,Pt / HS,どろかけ
256,Pt / HS,れんぞくぎり
256,Pt / HS,かみなりパンチ
256,Pt / HS,ほのおのパンチ
256,Pt / HS,いびき
256,Pt / HS,てだすけ
256,Pt / HS,しんくうは
256,Pt / HS,とっておき
256,Pt / HS,とびはねる
256,Pt / HS,ねっぷう
256,Pt / HS,スピードスター
256,HS,けたぐり
256,HS,ずつき
257,Pt / HS,どろかけ
257,Pt / HS,れんぞくぎり
257,Pt / HS,かみなりパンチ
257,Pt / HS,ほのおのパンチ
257,Pt / HS,ばかぢから
257,Pt / HS,いびき
257,Pt / HS,てだすけ
257,Pt / HS,しんくうは
257,Pt / HS,とっておき
257,Pt / HS,とびはねる
257,Pt / HS,ねっぷう
257,Pt / HS,はたきおとす
257,Pt / HS,スピードスター
257,HS,なりきり
257,HS,けたぐり
257,HS,ずつき
258,HS,あくび
258,Pt / HS,ダイビング
258,Pt / HS,どろかけ
258,Pt / HS,こごえるかぜ
258,Pt / HS,ころがる
258,Pt / HS,ばかぢから
258,Pt / HS,アクアテール
258,Pt / HS,いびき
258,Pt / HS,がむしゃら
258,Pt / HS,げんしのちから
258,Pt / HS,だいちのちから
258,HS,けたぐり
258,HS,ずつき
259,Pt / HS,ダイビング
259,Pt / HS,どろかけ
259,Pt / HS,こごえるかぜ
259,Pt / HS,ころがる
259,Pt / HS,ばかぢから
259,Pt / HS,れいとうパンチ
259,Pt / HS,アクアテール
259,Pt / HS,いびき
259,Pt / HS,がむしゃら
259,Pt / HS,げんしのちから
259,Pt / HS,だいちのちから
259,HS,けたぐり
259,HS,ずつき
260,Pt / HS,ダイビング
260,Pt / HS,どろかけ
260,Pt / HS,こごえるかぜ
260,Pt / HS,ころがる
260,Pt / HS,ばかぢから
260,Pt / HS,れいとうパンチ
260,Pt / HS,アクアテール
260,Pt / HS,いびき
260,Pt / HS,がむしゃら
260,Pt / HS,げきりん
260,Pt / HS,げんしのちから
260,Pt / HS,だいちのちから
260,HS,けたぐり
260,HS,ずつき
261,Pt / HS,どろかけ
261,Pt / HS,いびき
261,Pt / HS,うらみ
261,Pt / HS,ふいうち
261,Pt / HS,さわぐ
261,HS,いかりのまえば
261,HS,ずつき
262,Pt / HS,どろかけ
262,Pt / HS,いびき
262,Pt / HS,うらみ
262,Pt / HS,ふいうち
262,Pt / HS,さわぐ
262,HS,いかりのまえば
262,HS,ずつき
263,Pt / HS,どろかけ
263,Pt / HS,れんぞくぎり
263,Pt / HS,こごえるかぜ
263,Pt / HS,ころがる
263,Pt / HS,いびき
263,Pt / HS,てだすけ
263,Pt / HS,ダストシュート
263,Pt / HS,タネばくだん
263,Pt / HS,とっておき
263,Pt / HS,トリック
263,Pt / HS,スピードスター
263,HS,いかりのまえば
263,HS,ずつき
264,Pt / HS,どろかけ
264,Pt / HS,れんぞくぎり
264,Pt / HS,こごえるかぜ
264,Pt / HS,ころがる
264,Pt / HS,いびき
264,Pt / HS,てだすけ
264,Pt / HS,ダストシュート
264,Pt / HS,タネばくだん
264,Pt / HS,とっておき
264,Pt / HS,トリック
264,Pt / HS,スピードスター
264,HS,いかりのまえば
264,HS,ずつき
265,Pt / HS,いびき
265,HS,いとをはく
265,HS,むしくい
266,Pt / HS,てっぺき
266,HS,いとをはく
266,HS,むしくい
267,Pt / HS,あやしいかぜ
267,Pt / HS,いびき
267,Pt / HS,エアカッター
267,Pt / HS,シグナルビーム
267,Pt / HS,たつまき
267,Pt / HS,スピードスター
267,HS,いとをはく
267,HS,おいかぜ
267,HS,むしくい
268,Pt / HS,てっぺき
268,HS,いとをはく
268,HS,むしくい
269,Pt / HS,あやしいかぜ
269,Pt / HS,いびき
269,Pt / HS,エアカッター
269,Pt / HS,シグナルビーム
269,Pt / HS,たつまき
269,Pt / HS,スピードスター
269,HS,いとをはく
269,HS,おいかぜ
269,HS,むしくい
270,Pt / HS,こごえるかぜ
270,Pt / HS,いびき
270,Pt / HS,こうごうせい
270,Pt / HS,しねんのずつき
270,Pt / HS,タネばくだん
270,Pt / HS,さわぐ
270,HS,ずつき
271,Pt / HS,ダイビング
271,Pt / HS,どろかけ
271,Pt / HS,こごえるかぜ
271,Pt / HS,かみなりパンチ
271,Pt / HS,ほのおのパンチ
271,Pt / HS,れいとうパンチ
271,Pt / HS,いびき
271,Pt / HS,こうごうせい
271,Pt / HS,しねんのずつき
271,Pt / HS,タネばくだん
271,Pt / HS,さわぐ
271,HS,ずつき
272,Pt / HS,ダイビング
272,Pt / HS,どろかけ
272,Pt / HS,こごえるかぜ
272,Pt / HS,かみなりパンチ
272,Pt / HS,ほのおのパンチ
272,Pt / HS,れいとうパンチ
272,Pt / HS,いびき
272,Pt / HS,こうごうせい
272,Pt / HS,しねんのずつき
272,Pt / HS,タネばくだん
272,Pt / HS,さわぐ
272,HS,ずつき
273,HS,パワースワップ
273,Pt / HS,ころがる
273,Pt / HS,いびき
273,Pt / HS,うらみ
273,Pt / HS,こうごうせい
273,Pt / HS,タネばくだん
273,HS,なやみのタネ
273,HS,ずつき
274,Pt / HS,どろかけ
274,Pt / HS,れんぞくぎり
274,Pt / HS,ころがる
274,Pt / HS,いびき
274,Pt / HS,うらみ
274,Pt / HS,こうごうせい
274,Pt / HS,タネばくだん
274,Pt / HS,スピードスター
274,HS,なやみのタネ
274,HS,けたぐり
274,HS,ずつき
275,Pt / HS,どろかけ
275,Pt / HS,れんぞくぎり
275,Pt / HS,こごえるかぜ
275,Pt / HS,ころがる
275,Pt / HS,あやしいかぜ
275,Pt / HS,いびき
275,Pt / HS,うらみ
275,Pt / HS,エアカッター
275,Pt / HS,こうごうせい
275,Pt / HS,たつまき
275,Pt / HS,タネばくだん
275,Pt / HS,とびはねる
275,Pt / HS,はたきおとす
275,Pt / HS,ふいうち
275,Pt / HS,スピードスター
275,HS,おいかぜ
275,HS,なやみのタネ
275,HS,けたぐり
275,HS,ずつき
276,Pt / HS,どろかけ
276,Pt / HS,あやしいかぜ
276,Pt / HS,いびき
276,Pt / HS,エアカッター
276,Pt / HS,がむしゃら
276,Pt / HS,たつまき
276,Pt / HS,ねっぷう
276,Pt / HS,スピードスター
276,HS,おいかぜ
277,Pt / HS,どろかけ
277,Pt / HS,あやしいかぜ
277,Pt / HS,いびき
277,Pt / HS,エアカッター
277,Pt / HS,がむしゃら
277,Pt / HS,たつまき
277,Pt / HS,ねっぷう
277,Pt / HS,スピードスター
277,HS,おいかぜ
277,HS,ゴッドバード
278,Pt / HS,どろかけ
278,Pt / HS,こごえるかぜ
278,Pt / HS,あやしいかぜ
278,Pt / HS,いびき
278,Pt / HS,エアカッター
278,Pt / HS,たつまき
278,Pt / HS,はたきおとす
278,Pt / HS,スピードスター
278,Pt / HS,さわぐ
278,HS,おいかぜ
279,Pt / HS,どろかけ
279,Pt / HS,こごえるかぜ
279,Pt / HS,あやしいかぜ
279,Pt / HS,いびき
279,Pt / HS,エアカッター
279,Pt / HS,ダストシュート
279,Pt / HS,たつまき
279,Pt / HS,タネばくだん
279,Pt / HS,はたきおとす
279,Pt / HS,スピードスター
279,Pt / HS,さわぐ
279,HS,おいかぜ
279,HS,ゴッドバード
280,HS,アンコール
280,Pt / HS,どろかけ
280,Pt / HS,こごえるかぜ
280,Pt / HS,かみなりパンチ
280,Pt / HS,ほのおのパンチ
280,Pt / HS,れいとうパンチ
280,Pt / HS,いびき
280,Pt / HS,てだすけ
280,Pt / HS,シグナルビーム
280,Pt / HS,しねんのずつき
280,Pt / HS,トリック
280,Pt / HS,スピードスター
280,HS,いたみわけ
280,HS,マジックコート
280,HS,ずつき
281,Pt / HS,どろかけ
281,Pt / HS,こごえるかぜ
281,Pt / HS,かみなりパンチ
281,Pt / HS,ほのおのパンチ
281,Pt / HS,れいとうパンチ
281,Pt / HS,いびき
281,Pt / HS,てだすけ
281,Pt / HS,シグナルビーム
281,Pt / HS,しねんのずつき
281,Pt / HS,トリック
281,Pt / HS,スピードスター
281,HS,いたみわけ
281,HS,マジックコート
281,HS,ずつき
282,Pt / HS,どろかけ
282,Pt / HS,こごえるかぜ
282,Pt / HS,かみなりパンチ
282,Pt / HS,ほのおのパンチ
282,Pt / HS,れいとうパンチ
282,Pt / HS,いびき
282,Pt / HS,てだすけ
282,Pt / HS,シグナルビーム
282,Pt / HS,しねんのずつき
282,Pt / HS,トリック
282,Pt / HS,スピードスター
282,HS,いたみわけ
282,HS,マジックコート
282,HS,いやしのすず
282,HS,ずつき
283,Pt / HS,どろかけ
283,Pt / HS,こごえるかぜ
283,Pt / HS,いびき
283,Pt / HS,シグナルビーム
283,Pt / HS,スピードスター
283,HS,いとをはく
283,HS,むしくい
284,Pt / HS,どろかけ
284,Pt / HS,こごえるかぜ
284,Pt / HS,あやしいかぜ
284,Pt / HS,いびき
284,Pt / HS,エアカッター
284,Pt / HS,シグナルビーム
284,Pt / HS,たつまき
284,Pt / HS,スピードスター
284,HS,いとをはく
284,HS,おいかぜ
284,HS,むしくい
285,Pt / HS,いびき
285,Pt / HS,てだすけ
285,Pt / HS,こうごうせい
285,Pt / HS,タネばくだん
285,HS,なやみのタネ
285,HS,ずつき
286,Pt / HS,どろかけ
286,Pt / HS,れんぞくぎり
286,Pt / HS,かみなりパンチ
286,Pt / HS,ばかぢから
286,Pt / HS,いびき
286,Pt / HS,てだすけ
286,Pt / HS,こうごうせい
286,Pt / HS,しんくうは
286,Pt / HS,タネばくだん
286,HS,なやみのタネ
286,HS,ずつき
287,Pt / HS,どろかけ
287,Pt / HS,れんぞくぎり
287,Pt / HS,こごえるかぜ
287,Pt / HS,かみなりパンチ
287,Pt / HS,ほのおのパンチ
287,Pt / HS,れいとうパンチ
287,Pt / HS,いびき
287,Pt / HS,ダストシュート
287,Pt / HS,ふいうち
287,HS,ずつき
288,Pt / HS,どろかけ
288,Pt / HS,れんぞくぎり
288,Pt / HS,こごえるかぜ
288,Pt / HS,かみなりパンチ
288,Pt / HS,ほのおのパンチ
288,Pt / HS,れいとうパンチ
288,Pt / HS,ダストシュート
288,Pt / HS,ふいうち
288,Pt / HS,さわぐ
288,HS,けたぐり
288,HS,ずつき
289,Pt / HS,どろかけ
289,Pt / HS,れんぞくぎり
289,Pt / HS,こごえるかぜ
289,Pt / HS,かみなりパンチ
289,Pt / HS,ほのおのパンチ
289,Pt / HS,れいとうパンチ
289,Pt / HS,いびき
289,Pt / HS,ダストシュート
289,Pt / HS,ふいうち
289,HS,けたぐり
289,HS,とおせんぼう
289,HS,ずつき
290,Pt / HS,どろかけ
290,Pt / HS,れんぞくぎり
290,Pt / HS,いびき
290,Pt / HS,うらみ
290,HS,いとをはく
290,HS,むしくい
291,Pt / HS,どろかけ
291,Pt / HS,れんぞくぎり
291,Pt / HS,あやしいかぜ
291,Pt / HS,いびき
291,Pt / HS,うらみ
291,Pt / HS,エアカッター
291,Pt / HS,スピードスター
291,Pt / HS,さわぐ
291,HS,いとをはく
291,HS,むしくい
292,Pt / HS,どろかけ
292,Pt / HS,れんぞくぎり
292,Pt / HS,いびき
292,Pt / HS,うらみ
292,Pt / HS,トリック
292,Pt / HS,ふいうち
292,HS,いとをはく
292,HS,むしくい
293,HS,アームハンマー
293,Pt / HS,どろかけ
293,Pt / HS,こごえるかぜ
293,Pt / HS,ころがる
293,Pt / HS,かみなりパンチ
293,Pt / HS,ほのおのパンチ
293,Pt / HS,れいとうパンチ
293,Pt / HS,いびき
293,Pt / HS,しねんのずつき
293,Pt / HS,さわぐ
293,HS,ずつき
294,Pt / HS,どろかけ
294,Pt / HS,こごえるかぜ
294,Pt / HS,ころがる
294,Pt / HS,かみなりパンチ
294,Pt / HS,ほのおのパンチ
294,Pt / HS,れいとうパンチ
294,Pt / HS,いびき
294,Pt / HS,しねんのずつき
294,Pt / HS,さわぐ
294,HS,けたぐり
294,HS,ずつき
295,Pt / HS,どろかけ
295,Pt / HS,こごえるかぜ
295,Pt / HS,ころがる
295,Pt / HS,かみなりパンチ
295,Pt / HS,ほのおのパンチ
295,Pt / HS,れいとうパンチ
295,Pt / HS,いびき
295,Pt / HS,げきりん
295,Pt / HS,しねんのずつき
295,Pt / HS,さわぐ
295,HS,けたぐり
295,HS,ずつき
296,HS,フェイント
296,Pt / HS,どろかけ
296,Pt / HS,かみなりパンチ
296,Pt / HS,ほのおのパンチ
296,Pt / HS,ばかぢから
296,Pt / HS,れいとうパンチ
296,Pt / HS,いびき
296,Pt / HS,てだすけ
296,Pt / HS,しんくうは
296,Pt / HS,はたきおとす
296,HS,なりきり
296,HS,けたぐり
296,HS,ずつき
297,Pt / HS,どろかけ
297,Pt / HS,かみなりパンチ
297,Pt / HS,ほのおのパンチ
297,Pt / HS,ばかぢから
297,Pt / HS,れいとうパンチ
297,Pt / HS,アイアンヘッド
297,Pt / HS,いびき
297,Pt / HS,てだすけ
297,Pt / HS,しんくうは
297,Pt / HS,はたきおとす
297,HS,なりきり
297,HS,けたぐり
297,HS,ずつき
298,HS,のしかかり
298,Pt / HS,どろかけ
298,Pt / HS,こごえるかぜ
298,Pt / HS,ころがる
298,Pt / HS,いびき
298,Pt / HS,てだすけ
298,Pt / HS,はたきおとす
298,Pt / HS,スピードスター
298,Pt / HS,さわぐ
298,HS,ずつき
299,HS,もろはのずつき
299,Pt / HS,どろかけ
299,Pt / HS,ころがる
299,Pt / HS,かみなりパンチ
299,Pt / HS,ほのおのパンチ
299,Pt / HS,れいとうパンチ
299,Pt / HS,いびき
299,Pt / HS,げんしのちから
299,Pt / HS,だいちのちから
299,Pt / HS,てっぺき
299,Pt / HS,でんじふゆう
299,HS,いたみわけ
299,HS,じゅうりょく
299,HS,マジックコート
299,HS,とおせんぼう
299,HS,ずつき
300,HS,どろばくだん
300,Pt / HS,どろかけ
300,Pt / HS,こごえるかぜ
300,Pt / HS,ころがる
300,Pt / HS,いびき
300,Pt / HS,てだすけ
300,Pt / HS,しねんのずつき
300,Pt / HS,とっておき
300,Pt / HS,ふいうち
300,Pt / HS,スピードスター
300,HS,いやしのすず
300,HS,ずつき
301,Pt / HS,どろかけ
301,Pt / HS,こごえるかぜ
301,Pt / HS,ころがる
301,Pt / HS,いびき
301,Pt / HS,てだすけ
301,Pt / HS,しねんのずつき
301,Pt / HS,とっておき
301,Pt / HS,ふいうち
301,Pt / HS,スピードスター
301,HS,いやしのすず
301,HS,ずつき
302,HS,フェイント
302,Pt / HS,どろかけ
302,Pt / HS,れんぞくぎり
302,Pt / HS,こごえるかぜ
302,Pt / HS,かみなりパンチ
302,Pt / HS,ほのおのパンチ
302,Pt / HS,れいとうパンチ
302,Pt / HS,あやしいかぜ
302,Pt / HS,いびき
302,Pt / HS,うらみ
302,Pt / HS,シグナルビーム
302,Pt / HS,しねんのずつき
302,Pt / HS,トリック
302,Pt / HS,はたきおとす
302,Pt / HS,ふいうち
302,HS,いたみわけ
302,HS,じゅうりょく
302,HS,マジックコート
302,HS,なりきり
302,HS,けたぐり
302,HS,ずつき
303,HS,ガードスワップ
303,Pt / HS,どろかけ
303,Pt / HS,こごえるかぜ
303,Pt / HS,かみなりパンチ
303,Pt / HS,れいとうパンチ
303,Pt / HS,アイアンヘッド
303,Pt / HS,いびき
303,Pt / HS,げんしのちから
303,Pt / HS,てっぺき
303,Pt / HS,でんじふゆう
303,Pt / HS,はたきおとす
303,Pt / HS,ふいうち
303,HS,いかりのまえば
303,HS,いたみわけ
303,HS,ずつき
304,HS,もろはのずつき
304,Pt / HS,どろかけ
304,Pt / HS,れんぞくぎり
304,Pt / HS,ころがる
304,Pt / HS,ばかぢから
304,Pt / HS,アイアンヘッド
304,Pt / HS,いびき
304,Pt / HS,うらみ
304,Pt / HS,がむしゃら
304,Pt / HS,げんしのちから
304,Pt / HS,だいちのちから
304,Pt / HS,てっぺき
304,Pt / HS,でんじふゆう
304,Pt / HS,さわぐ
304,HS,ずつき
305,Pt / HS,どろかけ
305,Pt / HS,れんぞくぎり
305,Pt / HS,ころがる
305,Pt / HS,ばかぢから
305,Pt / HS,アイアンヘッド
305,Pt / HS,いびき
305,Pt / HS,うらみ
305,Pt / HS,がむしゃら
305,Pt / HS,げんしのちから
305,Pt / HS,だいちのちから
305,Pt / HS,てっぺき
305,Pt / HS,でんじふゆう
305,Pt / HS,さわぐ
305,HS,ずつき
306,Pt / HS,どろかけ
306,Pt / HS,れんぞくぎり
306,Pt / HS,こごえるかぜ
306,Pt / HS,ころがる
306,Pt / HS,かみなりパンチ
306,Pt / HS,ほのおのパンチ
306,Pt / HS,ばかぢから
306,Pt / HS,れいとうパンチ
306,Pt / HS,アイアンヘッド
306,Pt / HS,アクアテール
306,Pt / HS,いびき
306,Pt / HS,うらみ
306,Pt / HS,がむしゃら
306,Pt / HS,げきりん
306,Pt / HS,げんしのちから
306,Pt / HS,だいちのちから
306,Pt / HS,てっぺき
306,Pt / HS,でんじふゆう
306,Pt / HS,さわぐ
306,HS,けたぐり
306,HS,とおせんぼう
306,HS,ずつき
307,Pt / HS,どろかけ
307,Pt / HS,かみなりパンチ
307,Pt / HS,ほのおのパンチ
307,Pt / HS,れいとうパンチ
307,Pt / HS,いびき
307,Pt / HS,てだすけ
307,Pt / HS,シグナルビーム
307,Pt / HS,しねんのずつき
307,Pt / HS,しんくうは
307,Pt / HS,トリック
307,Pt / HS,スピードスター
307,HS,いたみわけ
307,HS,じゅうりょく
307,HS,マジックコート
307,HS,なりきり
307,HS,けたぐり
307,HS,ずつき
308,Pt / HS,どろかけ
308,Pt / HS,かみなりパンチ
308,Pt / HS,ほのおのパンチ
308,Pt / HS,れいとうパンチ
308,Pt / HS,いびき
308,Pt / HS,てだすけ
308,Pt / HS,シグナルビーム
308,Pt / HS,しねんのずつき
308,Pt / HS,しんくうは
308,Pt / HS,トリック
308,Pt / HS,スピードスター
308,HS,いたみわけ
308,HS,じゅうりょく
308,HS,マジックコート
308,HS,なりきり
308,HS,けたぐり
308,HS,ずつき
309,HS,すりかえ
309,Pt / HS,どろかけ
309,Pt / HS,いびき
309,Pt / HS,シグナルビーム
309,Pt / HS,でんじふゆう
309,Pt / HS,スピードスター
309,HS,ずつき
310,Pt / HS,どろかけ
310,Pt / HS,いびき
310,Pt / HS,シグナルビーム
310,Pt / HS,でんじふゆう
310,Pt / HS,スピードスター
310,HS,ずつき
311,HS,ほうでん
311,Pt / HS,どろかけ
311,Pt / HS,ころがる
311,Pt / HS,かみなりパンチ
311,Pt / HS,いびき
311,Pt / HS,てだすけ
311,Pt / HS,シグナルビーム
311,Pt / HS,でんじふゆう
311,Pt / HS,とっておき
311,Pt / HS,スピードスター
311,Pt / HS,さわぐ
311,HS,ずつき
312,HS,ほうでん
312,Pt / HS,どろかけ
312,Pt / HS,ころがる
312,Pt / HS,かみなりパンチ
312,Pt / HS,いびき
312,Pt / HS,てだすけ
312,Pt / HS,シグナルビーム
312,Pt / HS,でんじふゆう
312,Pt / HS,とっておき
312,Pt / HS,スピードスター
312,Pt / HS,さわぐ
312,HS,ずつき
313,Pt / HS,どろかけ
313,Pt / HS,かみなりパンチ
313,Pt / HS,れいとうパンチ
313,Pt / HS,あやしいかぜ
313,Pt / HS,いびき
313,Pt / HS,エアカッター
313,Pt / HS,てだすけ
313,Pt / HS,シグナルビーム
313,Pt / HS,しねんのずつき
313,Pt / HS,スピードスター
313,HS,いとをはく
313,HS,おいかぜ
313,HS,むしくい
314,Pt / HS,どろかけ
314,Pt / HS,かみなりパンチ
314,Pt / HS,れいとうパンチ
314,Pt / HS,あやしいかぜ
314,Pt / HS,いびき
314,Pt / HS,エアカッター
314,Pt / HS,てだすけ
314,Pt / HS,しねんのずつき
314,Pt / HS,スピードスター
314,HS,いとをはく
314,HS,おいかぜ
314,HS,むしくい
315,Pt / HS,どろかけ
315,Pt / HS,れんぞくぎり
315,Pt / HS,いびき
315,Pt / HS,こうごうせい
315,Pt / HS,タネばくだん
315,Pt / HS,スピードスター
315,HS,なやみのタネ
316,Pt / HS,どろかけ
316,Pt / HS,ころがる
316,Pt / HS,かみなりパンチ
316,Pt / HS,ほのおのパンチ
316,Pt / HS,れいとうパンチ
316,Pt / HS,いえき
316,Pt / HS,いびき
316,Pt / HS,ダストシュート
316,Pt / HS,タネばくだん
316,HS,いたみわけ
316,HS,ずつき
317,Pt / HS,どろかけ
317,Pt / HS,ころがる
317,Pt / HS,かみなりパンチ
317,Pt / HS,ほのおのパンチ
317,Pt / HS,れいとうパンチ
317,Pt / HS,いえき
317,Pt / HS,いびき
317,Pt / HS,ダストシュート
317,Pt / HS,タネばくだん
317,HS,いたみわけ
317,HS,とおせんぼう
317,HS,ずつき
318,Pt / HS,ダイビング
318,Pt / HS,どろかけ
318,Pt / HS,れんぞくぎり
318,Pt / HS,こごえるかぜ
318,Pt / HS,いびき
318,Pt / HS,うらみ
318,Pt / HS,げんしのちから
318,Pt / HS,しねんのずつき
318,Pt / HS,とびはねる
318,Pt / HS,スピードスター
318,Pt / HS,さわぐ
318,HS,いかりのまえば
319,Pt / HS,ダイビング
319,Pt / HS,どろかけ
319,Pt / HS,れんぞくぎり
319,Pt / HS,こごえるかぜ
319,Pt / HS,いびき
319,Pt / HS,うらみ
319,Pt / HS,げんしのちから
319,Pt / HS,しねんのずつき
319,Pt / HS,とびはねる
319,Pt / HS,スピードスター
319,Pt / HS,さわぐ
319,HS,いかりのまえば
320,HS,アクアリング
320,Pt / HS,ダイビング
320,Pt / HS,こごえるかぜ
320,Pt / HS,ころがる
320,Pt / HS,いびき
320,Pt / HS,とびはねる
320,HS,ずつき
321,Pt / HS,ダイビング
321,Pt / HS,こごえるかぜ
321,Pt / HS,ころがる
321,Pt / HS,アイアンヘッド
321,Pt / HS,いびき
321,Pt / HS,とびはねる
321,HS,とおせんぼう
321,HS,ずつき
322,HS,たくわえる
322,HS,のみこむ
322,HS,はきだす
322,Pt / HS,どろかけ
322,Pt / HS,ころがる
322,Pt / HS,いびき
322,Pt / HS,だいちのちから
322,Pt / HS,ねっぷう
322,HS,ずつき
323,Pt / HS,どろかけ
323,Pt / HS,ころがる
323,Pt / HS,アイアンヘッド
323,Pt / HS,いびき
323,Pt / HS,だいちのちから
323,Pt / HS,ねっぷう
323,HS,ずつき
324,HS,ロケットずつき
324,Pt / HS,どろかけ
324,Pt / HS,ころがる
324,Pt / HS,いびき
324,Pt / HS,だいちのちから
324,Pt / HS,てっぺき
324,Pt / HS,ねっぷう
324,HS,ずつき
325,Pt / HS,こごえるかぜ
325,Pt / HS,いびき
325,Pt / HS,シグナルビーム
325,Pt / HS,しねんのずつき
325,Pt / HS,とびはねる
325,Pt / HS,トリック
325,Pt / HS,スピードスター
325,HS,マジックコート
325,HS,なりきり
325,HS,いやしのすず
325,HS,ずつき
326,Pt / HS,どろかけ
326,Pt / HS,こごえるかぜ
326,Pt / HS,かみなりパンチ
326,Pt / HS,ほのおのパンチ
326,Pt / HS,れいとうパンチ
326,Pt / HS,いびき
326,Pt / HS,シグナルビーム
326,Pt / HS,しねんのずつき
326,Pt / HS,とびはねる
326,Pt / HS,トリック
326,Pt / HS,スピードスター
326,HS,マジックコート
326,HS,なりきり
326,HS,いやしのすず
326,HS,ずつき
327,Pt / HS,どろかけ
327,Pt / HS,こごえるかぜ
327,Pt / HS,ころがる
327,Pt / HS,かみなりパンチ
327,Pt / HS,ほのおのパンチ
327,Pt / HS,れいとうパンチ
327,Pt / HS,いびき
327,Pt / HS,てだすけ
327,Pt / HS,しねんのずつき
327,Pt / HS,とっておき
327,Pt / HS,ふいうち
327,Pt / HS,スピードスター
327,Pt / HS,さわぐ
327,HS,なりきり
327,HS,けたぐり
327,HS,ずつき
328,HS,マッドショット
328,Pt / HS,どろかけ
328,Pt / HS,れんぞくぎり
328,Pt / HS,いびき
328,Pt / HS,だいちのちから
328,HS,むしくい
328,HS,ずつき
329,Pt / HS,どろかけ
329,Pt / HS,れんぞくぎり
329,Pt / HS,あやしいかぜ
329,Pt / HS,いびき
329,Pt / HS,エアカッター
329,Pt / HS,げきりん
329,Pt / HS,だいちのちから
329,Pt / HS,たつまき
329,Pt / HS,ねっぷう
329,Pt / HS,スピードスター
329,HS,おいかぜ
329,HS,むしくい
329,HS,ずつき
330,Pt / HS,どろかけ
330,Pt / HS,れんぞくぎり
330,Pt / HS,かみなりパンチ
330,Pt / HS,ほのおのパンチ
330,Pt / HS,あやしいかぜ
330,Pt / HS,いびき
330,Pt / HS,エアカッター
330,Pt / HS,げきりん
330,Pt / HS,だいちのちから
330,Pt / HS,たつまき
330,Pt / HS,ねっぷう
330,Pt / HS,スピードスター
330,HS,おいかぜ
330,HS,むしくい
330,HS,ずつき
331,HS,わるだくみ
331,Pt / HS,どろかけ
331,Pt / HS,れんぞくぎり
331,Pt / HS,かみなりパンチ
331,Pt / HS,いびき
331,Pt / HS,うらみ
331,Pt / HS,こうごうせい
331,Pt / HS,タネばくだん
331,Pt / HS,ふいうち
331,HS,なやみのタネ
331,HS,なりきり
331,HS,けたぐり
331,HS,ずつき
332,Pt / HS,どろかけ
332,Pt / HS,れんぞくぎり
332,Pt / HS,かみなりパンチ
332,Pt / HS,ばかぢから
332,Pt / HS,いびき
332,Pt / HS,うらみ
332,Pt / HS,こうごうせい
332,Pt / HS,タネばくだん
332,Pt / HS,ふいうち
332,HS,なやみのタネ
332,HS,なりきり
332,HS,けたぐり
332,HS,ずつき
333,HS,パワースワップ
333,Pt / HS,どろかけ
333,Pt / HS,あやしいかぜ
333,Pt / HS,いびき
333,Pt / HS,エアカッター
333,Pt / HS,げきりん
333,Pt / HS,たつまき
333,Pt / HS,ねっぷう
333,Pt / HS,スピードスター
333,Pt / HS,さわぐ
333,HS,おいかぜ
333,HS,いやしのすず
334,Pt / HS,どろかけ
334,Pt / HS,あやしいかぜ
334,Pt / HS,いびき
334,Pt / HS,エアカッター
334,Pt / HS,げきりん
334,Pt / HS,たつまき
334,Pt / HS,ねっぷう
334,Pt / HS,スピードスター
334,Pt / HS,さわぐ
334,HS,おいかぜ
334,HS,いやしのすず
334,HS,ゴッドバード
335,HS,かなしばり
335,Pt / HS,どろかけ
335,Pt / HS,れんぞくぎり
335,Pt / HS,こごえるかぜ
335,Pt / HS,ころがる
335,Pt / HS,かみなりパンチ
335,Pt / HS,ほのおのパンチ
335,Pt / HS,れいとうパンチ
335,Pt / HS,いびき
335,Pt / HS,がむしゃら
335,Pt / HS,とっておき
335,Pt / HS,はたきおとす
335,Pt / HS,スピードスター
335,HS,けたぐり
335,HS,ずつき
336,HS,すりかえ
336,Pt / HS,どろかけ
336,Pt / HS,れんぞくぎり
336,Pt / HS,アクアテール
336,Pt / HS,いびき
336,Pt / HS,はたきおとす
336,Pt / HS,ふいうち
336,Pt / HS,スピードスター
336,HS,ずつき
337,Pt / HS,ころがる
337,Pt / HS,アイアンヘッド
337,Pt / HS,いびき
337,Pt / HS,てだすけ
337,Pt / HS,げんしのちから
337,Pt / HS,シグナルビーム
337,Pt / HS,しねんのずつき
337,Pt / HS,だいちのちから
337,Pt / HS,スピードスター
337,HS,いたみわけ
337,HS,じゅうりょく
337,HS,マジックコート
338,Pt / HS,ころがる
338,Pt / HS,アイアンヘッド
338,Pt / HS,いびき
338,Pt / HS,てだすけ
338,Pt / HS,げんしのちから
338,Pt / HS,シグナルビーム
338,Pt / HS,しねんのずつき
338,Pt / HS,だいちのちから
338,Pt / HS,てっぺき
338,Pt / HS,スピードスター
338,HS,いたみわけ
338,HS,じゅうりょく
338,HS,マジックコート
339,HS,りゅうのまい
339,Pt / HS,ダイビング
339,Pt / HS,どろかけ
339,Pt / HS,こごえるかぜ
339,Pt / HS,アクアテール
339,Pt / HS,いびき
339,Pt / HS,だいちのちから
339,Pt / HS,とびはねる
339,HS,ずつき
340,Pt / HS,ダイビング
340,Pt / HS,どろかけ
340,Pt / HS,こごえるかぜ
340,Pt / HS,アクアテール
340,Pt / HS,いびき
340,Pt / HS,しねんのずつき
340,Pt / HS,だいちのちから
340,Pt / HS,とびはねる
340,HS,ずつき
341,HS,りゅうのまい
341,Pt / HS,どろかけ
341,Pt / HS,れんぞくぎり
341,Pt / HS,こごえるかぜ
341,Pt / HS,ばかぢから
341,Pt / HS,いびき
341,Pt / HS,うらみ
341,Pt / HS,がむしゃら
341,Pt / HS,げんしのちから
341,Pt / HS,てっぺき
341,Pt / HS,はたきおとす
342,Pt / HS,ダイビング
342,Pt / HS,どろかけ
342,Pt / HS,れんぞくぎり
342,Pt / HS,こごえるかぜ
342,Pt / HS,ばかぢから
342,Pt / HS,いびき
342,Pt / HS,うらみ
342,Pt / HS,がむしゃら
342,Pt / HS,げんしのちから
342,Pt / HS,てっぺき
342,Pt / HS,はたきおとす
342,Pt / HS,スピードスター
343,Pt / HS,どろかけ
343,Pt / HS,いびき
343,Pt / HS,げんしのちから
343,Pt / HS,シグナルビーム
343,Pt / HS,しねんのずつき
343,Pt / HS,だいちのちから
343,Pt / HS,トリック
343,HS,じゅうりょく
343,HS,マジックコート
343,HS,ずつき
344,Pt / HS,どろかけ
344,Pt / HS,いびき
344,Pt / HS,げんしのちから
344,Pt / HS,シグナルビーム
344,Pt / HS,しねんのずつき
344,Pt / HS,だいちのちから
344,Pt / HS,トリック
344,HS,じゅうりょく
344,HS,マジックコート
344,HS,ずつき
345,HS,のろい
345,Pt / HS,どろかけ
345,Pt / HS,いえき
345,Pt / HS,いびき
345,Pt / HS,げんしのちから
345,Pt / HS,こうごうせい
345,Pt / HS,だいちのちから
345,Pt / HS,タネばくだん
345,HS,いたみわけ
345,HS,いとをはく
345,HS,なやみのタネ
346,Pt / HS,どろかけ
346,Pt / HS,いえき
346,Pt / HS,いびき
346,Pt / HS,げんしのちから
346,Pt / HS,こうごうせい
346,Pt / HS,だいちのちから
346,Pt / HS,タネばくだん
346,HS,いたみわけ
346,HS,いとをはく
346,HS,なやみのタネ
346,HS,とおせんぼう
346,HS,ずつき
347,HS,のろい
347,Pt / HS,どろかけ
347,Pt / HS,れんぞくぎり
347,Pt / HS,いびき
347,Pt / HS,げんしのちから
347,Pt / HS,だいちのちから
347,Pt / HS,てっぺき
347,Pt / HS,はたきおとす
347,HS,いとをはく
347,HS,ずつき
348,Pt / HS,どろかけ
348,Pt / HS,れんぞくぎり
348,Pt / HS,ばかぢから
348,Pt / HS,アクアテール
348,Pt / HS,いびき
348,Pt / HS,げんしのちから
348,Pt / HS,だいちのちから
348,Pt / HS,てっぺき
348,Pt / HS,はたきおとす
348,HS,いとをはく
348,HS,けたぐり
348,HS,とおせんぼう
348,HS,ずつき
349,Pt / HS,ダイビング
349,Pt / HS,こごえるかぜ
349,Pt / HS,いびき
349,Pt / HS,スピードスター
350,Pt / HS,ダイビング
350,Pt / HS,どろかけ
350,Pt / HS,こごえるかぜ
350,Pt / HS,アイアンヘッド
350,Pt / HS,アクアテール
350,Pt / HS,いびき
350,Pt / HS,たつまき
350,Pt / HS,スピードスター
350,HS,マジックコート
351,Pt / HS,こごえるかぜ
351,Pt / HS,あやしいかぜ
351,Pt / HS,いびき
351,Pt / HS,とっておき
351,Pt / HS,スピードスター
351,HS,おいかぜ
352,HS,じこさいせい
352,Pt / HS,どろかけ
352,Pt / HS,れんぞくぎり
352,Pt / HS,こごえるかぜ
352,Pt / HS,ころがる
352,Pt / HS,かみなりパンチ
352,Pt / HS,ほのおのパンチ
352,Pt / HS,れいとうパンチ
352,Pt / HS,アクアテール
352,Pt / HS,いびき
352,Pt / HS,げんしのちから
352,Pt / HS,とっておき
352,Pt / HS,トリック
352,Pt / HS,はたきおとす
352,Pt / HS,ふいうち
352,Pt / HS,スピードスター
352,HS,マジックコート
352,HS,なりきり
352,HS,けたぐり
352,HS,ずつき
353,Pt / HS,こごえるかぜ
353,Pt / HS,あやしいかぜ
353,Pt / HS,うらみ
353,Pt / HS,トリック
353,Pt / HS,はたきおとす
353,Pt / HS,ふいうち
353,HS,いたみわけ
353,HS,マジックコート
353,HS,なりきり
353,HS,ずつき
354,Pt / HS,どろかけ
354,Pt / HS,こごえるかぜ
354,Pt / HS,あやしいかぜ
354,Pt / HS,うらみ
354,Pt / HS,トリック
354,Pt / HS,はたきおとす
354,Pt / HS,ふいうち
354,HS,いたみわけ
354,HS,マジックコート
354,HS,なりきり
354,HS,ずつき
355,Pt / HS,こごえるかぜ
355,Pt / HS,あやしいかぜ
355,Pt / HS,いびき
355,Pt / HS,うらみ
355,Pt / HS,トリック
355,Pt / HS,ふいうち
355,HS,いたみわけ
355,HS,じゅうりょく
355,HS,ずつき
356,Pt / HS,どろかけ
356,Pt / HS,こごえるかぜ
356,Pt / HS,かみなりパンチ
356,Pt / HS,ほのおのパンチ
356,Pt / HS,れいとうパンチ
356,Pt / HS,あやしいかぜ
356,Pt / HS,いびき
356,Pt / HS,うらみ
356,Pt / HS,トリック
356,Pt / HS,ふいうち
356,HS,いたみわけ
356,HS,じゅうりょく
356,HS,ずつき
357,HS,りゅうのまい
357,Pt / HS,どろかけ
357,Pt / HS,れんぞくぎり
357,Pt / HS,あやしいかぜ
357,Pt / HS,いびき
357,Pt / HS,エアカッター
357,Pt / HS,げきりん
357,Pt / HS,こうごうせい
357,Pt / HS,たつまき
357,HS,おいかぜ
357,HS,なやみのタネ
357,HS,ずつき
358,Pt / HS,こごえるかぜ
358,Pt / HS,ころがる
358,Pt / HS,いびき
358,Pt / HS,てだすけ
358,Pt / HS,シグナルビーム
358,Pt / HS,しねんのずつき
358,Pt / HS,とっておき
358,Pt / HS,トリック
358,Pt / HS,はたきおとす
358,Pt / HS,さわぐ
358,HS,じゅうりょく
358,HS,マジックコート
358,HS,いやしのすず
359,HS,メガホーン
359,Pt / HS,どろかけ
359,Pt / HS,れんぞくぎり
359,Pt / HS,こごえるかぜ
359,Pt / HS,ばかぢから
359,Pt / HS,いびき
359,Pt / HS,うらみ
359,Pt / HS,しねんのずつき
359,Pt / HS,とびはねる
359,Pt / HS,はたきおとす
359,Pt / HS,ふいうち
359,Pt / HS,スピードスター
359,HS,マジックコート
359,HS,なりきり
359,HS,ずつき
361,HS,ウェザーボール
361,Pt / HS,こごえるかぜ
361,Pt / HS,ころがる
361,Pt / HS,いびき
361,Pt / HS,うらみ
361,HS,とおせんぼう
361,HS,ずつき
362,Pt / HS,こごえるかぜ
362,Pt / HS,ころがる
362,Pt / HS,アイアンヘッド
362,Pt / HS,いびき
362,Pt / HS,うらみ
362,Pt / HS,シグナルビーム
362,HS,いかりのまえば
362,HS,とおせんぼう
362,HS,ずつき
363,HS,アクアリング
363,Pt / HS,ダイビング
363,Pt / HS,どろかけ
363,Pt / HS,こごえるかぜ
363,Pt / HS,ころがる
363,Pt / HS,アクアテール
363,Pt / HS,いびき
363,Pt / HS,シグナルビーム
363,HS,いかりのまえば
363,HS,ずつき
364,Pt / HS,ダイビング
364,Pt / HS,どろかけ
364,Pt / HS,こごえるかぜ
364,Pt / HS,ころがる
364,Pt / HS,アクアテール
364,Pt / HS,いびき
364,Pt / HS,シグナルビーム
364,HS,いかりのまえば
364,HS,ずつき
365,Pt / HS,ダイビング
365,Pt / HS,どろかけ
365,Pt / HS,れんぞくぎり
365,Pt / HS,こごえるかぜ
365,Pt / HS,ころがる
365,Pt / HS,アイアンヘッド
365,Pt / HS,アクアテール
365,Pt / HS,いびき
365,Pt / HS,シグナルビーム
365,HS,いかりのまえば
365,HS,とおせんぼう
365,HS,ずつき
366,HS,だくりゅう
366,Pt / HS,ダイビング
366,Pt / HS,こごえるかぜ
366,Pt / HS,いびき
366,Pt / HS,てっぺき
367,Pt / HS,ダイビング
367,Pt / HS,どろかけ
367,Pt / HS,こごえるかぜ
367,Pt / HS,アクアテール
367,Pt / HS,いびき
367,Pt / HS,とびはねる
367,Pt / HS,ふいうち
367,Pt / HS,スピードスター
367,HS,いかりのまえば
368,Pt / HS,ダイビング
368,Pt / HS,どろかけ
368,Pt / HS,こごえるかぜ
368,Pt / HS,アクアテール
368,Pt / HS,いびき
368,Pt / HS,シグナルビーム
368,Pt / HS,とびはねる
368,Pt / HS,スピードスター
369,HS,だくりゅう
369,Pt / HS,ダイビング
369,Pt / HS,どろかけ
369,Pt / HS,こごえるかぜ
369,Pt / HS,アクアテール
369,Pt / HS,いびき
369,Pt / HS,げんしのちから
369,Pt / HS,だいちのちから
369,Pt / HS,とびはねる
369,HS,ずつき
370,HS,アクアジェット
370,Pt / HS,ダイビング
370,Pt / HS,こごえるかぜ
370,Pt / HS,いびき
370,Pt / HS,とびはねる
370,Pt / HS,スピードスター
371,Pt / HS,どろかけ
371,Pt / HS,れんぞくぎり
371,Pt / HS,いびき
371,Pt / HS,げきりん
371,Pt / HS,しねんのずつき
371,Pt / HS,たつまき
371,HS,ずつき
372,Pt / HS,どろかけ
372,Pt / HS,れんぞくぎり
372,Pt / HS,ころがる
372,Pt / HS,いびき
372,Pt / HS,げきりん
372,Pt / HS,しねんのずつき
372,Pt / HS,たつまき
372,Pt / HS,てっぺき
372,HS,ずつき
373,Pt / HS,どろかけ
373,Pt / HS,れんぞくぎり
373,Pt / HS,ころがる
373,Pt / HS,アクアテール
373,Pt / HS,あやしいかぜ
373,Pt / HS,いびき
373,Pt / HS,エアカッター
373,Pt / HS,げきりん
373,Pt / HS,しねんのずつき
373,Pt / HS,たつまき
373,Pt / HS,ねっぷう
373,Pt / HS,スピードスター
373,HS,おいかぜ
373,HS,ずつき
374,Pt / HS,アイアンヘッド
374,Pt / HS,しねんのずつき
374,Pt / HS,てっぺき
374,HS,ずつき
375,Pt / HS,どろかけ
375,Pt / HS,れんぞくぎり
375,Pt / HS,こごえるかぜ
375,Pt / HS,ころがる
375,Pt / HS,かみなりパンチ
375,Pt / HS,れいとうパンチ
375,Pt / HS,アイアンヘッド
375,Pt / HS,いびき
375,Pt / HS,シグナルビーム
375,Pt / HS,しねんのずつき
375,Pt / HS,てっぺき
375,Pt / HS,でんじふゆう
375,Pt / HS,トリック
375,Pt / HS,スピードスター
375,HS,じゅうりょく
375,HS,ずつき
376,Pt / HS,どろかけ
376,Pt / HS,れんぞくぎり
376,Pt / HS,こごえるかぜ
376,Pt / HS,ころがる
376,Pt / HS,かみなりパンチ
376,Pt / HS,れいとうパンチ
376,Pt / HS,アイアンヘッド
376,Pt / HS,いびき
376,Pt / HS,シグナルビーム
376,Pt / HS,しねんのずつき
376,Pt / HS,てっぺき
376,Pt / HS,でんじふゆう
376,Pt / HS,トリック
376,Pt / HS,スピードスター
376,HS,じゅうりょく
376,HS,とおせんぼう
376,HS,ずつき
377,Pt / HS,どろかけ
377,Pt / HS,ころがる
377,Pt / HS,かみなりパンチ
377,Pt / HS,ほのおのパンチ
377,Pt / HS,ばかぢから
377,Pt / HS,れいとうパンチ
377,Pt / HS,アイアンヘッド
377,Pt / HS,いびき
377,Pt / HS,げんしのちから
377,Pt / HS,だいちのちから
377,HS,じゅうりょく
377,HS,とおせんぼう
377,HS,ずつき
378,Pt / HS,どろかけ
378,Pt / HS,こごえるかぜ
378,Pt / HS,ころがる
378,Pt / HS,かみなりパンチ
378,Pt / HS,ばかぢから
378,Pt / HS,れいとうパンチ
378,Pt / HS,アイアンヘッド
378,Pt / HS,いびき
378,Pt / HS,げんしのちから
378,Pt / HS,シグナルビーム
378,HS,じゅうりょく
378,HS,とおせんぼう
378,HS,ずつき
379,Pt / HS,どろかけ
379,Pt / HS,ころがる
379,Pt / HS,かみなりパンチ
379,Pt / HS,ばかぢから
379,Pt / HS,れいとうパンチ
379,Pt / HS,アイアンヘッド
379,Pt / HS,いびき
379,Pt / HS,げんしのちから
379,Pt / HS,てっぺき
379,Pt / HS,でんじふゆう
379,HS,じゅうりょく
379,HS,とおせんぼう
379,HS,ずつき
380,Pt / HS,ダイビング
380,Pt / HS,どろかけ
380,Pt / HS,れんぞくぎり
380,Pt / HS,こごえるかぜ
380,Pt / HS,いびき
380,Pt / HS,てだすけ
380,Pt / HS,げきりん
380,Pt / HS,しねんのずつき
380,Pt / HS,たつまき
380,Pt / HS,とっておき
380,Pt / HS,トリック
380,Pt / HS,ふいうち
380,Pt / HS,スピードスター
380,HS,おいかぜ
380,HS,マジックコート
380,HS,なりきり
381,Pt / HS,ダイビング
381,Pt / HS,どろかけ
381,Pt / HS,れんぞくぎり
381,Pt / HS,こごえるかぜ
381,Pt / HS,いびき
381,Pt / HS,てだすけ
381,Pt / HS,げきりん
381,Pt / HS,しねんのずつき
381,Pt / HS,たつまき
381,Pt / HS,とっておき
381,Pt / HS,トリック
381,Pt / HS,スピードスター
381,HS,おいかぜ
381,HS,マジックコート
382,Pt / HS,ダイビング
382,Pt / HS,どろかけ
382,Pt / HS,こごえるかぜ
382,Pt / HS,アイアンヘッド
382,Pt / HS,アクアテール
382,Pt / HS,いびき
382,Pt / HS,げんしのちから
382,Pt / HS,シグナルビーム
382,Pt / HS,スピードスター
382,Pt / HS,さわぐ
382,HS,とおせんぼう
382,HS,ずつき
383,Pt / HS,どろかけ
383,Pt / HS,れんぞくぎり
383,Pt / HS,ころがる
383,Pt / HS,かみなりパンチ
383,Pt / HS,ほのおのパンチ
383,Pt / HS,アイアンヘッド
383,Pt / HS,いびき
383,Pt / HS,げんしのちから
383,Pt / HS,だいちのちから
383,Pt / HS,スピードスター
383,Pt / HS,さわぐ
383,HS,とおせんぼう
383,HS,ずつき
384,Pt / HS,ダイビング
384,Pt / HS,どろかけ
384,Pt / HS,れんぞくぎり
384,Pt / HS,こごえるかぜ
384,Pt / HS,アイアンヘッド
384,Pt / HS,アクアテール
384,Pt / HS,いびき
384,Pt / HS,げきりん
384,Pt / HS,げんしのちから
384,Pt / HS,だいちのちから
384,Pt / HS,たつまき
384,Pt / HS,スピードスター
384,Pt / HS,さわぐ
384,HS,おいかぜ
384,HS,ずつき
385,Pt / HS,どろかけ
385,Pt / HS,こごえるかぜ
385,Pt / HS,かみなりパンチ
385,Pt / HS,ほのおのパンチ
385,Pt / HS,れいとうパンチ
385,Pt / HS,アイアンヘッド
385,Pt / HS,いびき
385,Pt / HS,てだすけ
385,Pt / HS,げんしのちから
385,Pt / HS,シグナルビーム
385,Pt / HS,しねんのずつき
385,Pt / HS,てっぺき
385,Pt / HS,とっておき
385,Pt / HS,トリック
385,Pt / HS,スピードスター
385,Pt / HS,さわぐ
385,HS,じゅうりょく
385,HS,マジックコート
385,HS,ずつき
386,Pt / HS,どろかけ
386,Pt / HS,こごえるかぜ
386,Pt / HS,かみなりパンチ
386,Pt / HS,ほのおのパンチ
386,Pt / HS,れいとうパンチ
386,Pt / HS,いびき
386,Pt / HS,シグナルビーム
386,Pt / HS,しねんのずつき
386,Pt / HS,トリック
386,Pt / HS,はたきおとす
386,Pt / HS,スピードスター
386,HS,じゅうりょく
386,HS,マジックコート
386,HS,なりきり
386,HS,けたぐり
386,HS,ずつき
387,HS,たくわえる
387,HS,のみこむ
387,HS,はきだす
387,Pt / HS,どろかけ
387,Pt / HS,ばかぢから
387,Pt / HS,いびき
387,Pt / HS,こうごうせい
387,Pt / HS,だいちのちから
387,Pt / HS,タネばくだん
387,HS,なやみのタネ
387,HS,ずつき
388,Pt / HS,どろかけ
388,Pt / HS,ばかぢから
388,Pt / HS,いびき
388,Pt / HS,こうごうせい
388,Pt / HS,だいちのちから
388,Pt / HS,タネばくだん
388,HS,なやみのタネ
388,HS,ずつき
389,Pt / HS,どろかけ
389,Pt / HS,ばかぢから
389,Pt / HS,アイアンヘッド
389,Pt / HS,いびき
389,Pt / HS,げきりん
389,Pt / HS,こうごうせい
389,Pt / HS,だいちのちから
389,Pt / HS,タネばくだん
389,HS,なやみのタネ
389,HS,とおせんぼう
389,HS,ずつき
390,HS,ねこのて
390,Pt / HS,どろかけ
390,Pt / HS,ころがる
390,Pt / HS,かみなりパンチ
390,Pt / HS,ほのおのパンチ
390,Pt / HS,いびき
390,Pt / HS,てだすけ
390,Pt / HS,がむしゃら
390,Pt / HS,しんくうは
390,Pt / HS,ダストシュート
390,Pt / HS,ねっぷう
390,Pt / HS,スピードスター
390,Pt / HS,さわぐ
390,HS,なりきり
390,HS,けたぐり
390,HS,ずつき
391,Pt / HS,どろかけ
391,Pt / HS,ころがる
391,Pt / HS,かみなりパンチ
391,Pt / HS,ほのおのパンチ
391,Pt / HS,いびき
391,Pt / HS,てだすけ
391,Pt / HS,がむしゃら
391,Pt / HS,しんくうは
391,Pt / HS,ダストシュート
391,Pt / HS,ねっぷう
391,Pt / HS,スピードスター
391,HS,なりきり
391,HS,けたぐり
391,HS,ずつき
392,Pt / HS,どろかけ
392,Pt / HS,ころがる
392,Pt / HS,かみなりパンチ
392,Pt / HS,ほのおのパンチ
392,Pt / HS,いびき
392,Pt / HS,てだすけ
392,Pt / HS,がむしゃら
392,Pt / HS,しんくうは
392,Pt / HS,ダストシュート
392,Pt / HS,ねっぷう
392,Pt / HS,スピードスター
392,HS,なりきり
392,HS,けたぐり
392,HS,ずつき
393,HS,フェザーダンス
393,Pt / HS,ダイビング
393,Pt / HS,どろかけ
393,Pt / HS,こごえるかぜ
393,Pt / HS,いびき
393,Pt / HS,シグナルビーム
393,HS,ずつき
394,Pt / HS,ダイビング
394,Pt / HS,どろかけ
394,Pt / HS,こごえるかぜ
394,Pt / HS,いびき
394,Pt / HS,シグナルビーム
394,HS,ずつき
395,Pt / HS,ダイビング
395,Pt / HS,どろかけ
395,Pt / HS,れんぞくぎり
395,Pt / HS,こごえるかぜ
395,Pt / HS,いびき
395,Pt / HS,シグナルビーム
395,Pt / HS,てっぺき
395,Pt / HS,はたきおとす
395,HS,ずつき
396,Pt / HS,どろかけ
396,Pt / HS,あやしいかぜ
396,Pt / HS,いびき
396,Pt / HS,エアカッター
396,Pt / HS,がむしゃら
396,Pt / HS,たつまき
396,Pt / HS,ねっぷう
396,Pt / HS,スピードスター
396,HS,おいかぜ
397,Pt / HS,どろかけ
397,Pt / HS,あやしいかぜ
397,Pt / HS,いびき
397,Pt / HS,エアカッター
397,Pt / HS,がむしゃら
397,Pt / HS,たつまき
397,Pt / HS,ねっぷう
397,Pt / HS,スピードスター
397,HS,おいかぜ
398,Pt / HS,どろかけ
398,Pt / HS,あやしいかぜ
398,Pt / HS,いびき
398,Pt / HS,エアカッター
398,Pt / HS,がむしゃら
398,Pt / HS,たつまき
398,Pt / HS,ねっぷう
398,Pt / HS,スピードスター
398,HS,おいかぜ
398,HS,ゴッドバード
399,Pt / HS,どろかけ
399,Pt / HS,れんぞくぎり
399,Pt / HS,こごえるかぜ
399,Pt / HS,ころがる
399,Pt / HS,ばかぢから
399,Pt / HS,アクアテール
399,Pt / HS,いびき
399,Pt / HS,とっておき
399,Pt / HS,スピードスター
399,HS,いかりのまえば
399,HS,ずつき
400,Pt / HS,ダイビング
400,Pt / HS,どろかけ
400,Pt / HS,れんぞくぎり
400,Pt / HS,こごえるかぜ
400,Pt / HS,ころがる
400,Pt / HS,ばかぢから
400,Pt / HS,アクアテール
400,Pt / HS,いびき
400,Pt / HS,とっておき
400,Pt / HS,スピードスター
400,HS,いかりのまえば
400,HS,ずつき
401,Pt / HS,どろかけ
401,Pt / HS,いびき
401,Pt / HS,がむしゃら
401,Pt / HS,さわぐ
401,HS,いとをはく
401,HS,むしくい
402,Pt / HS,どろかけ
402,Pt / HS,れんぞくぎり
402,Pt / HS,いびき
402,Pt / HS,がむしゃら
402,Pt / HS,はたきおとす
402,Pt / HS,さわぐ
402,HS,いとをはく
402,HS,むしくい
403,HS,つじぎり
403,Pt / HS,どろかけ
403,Pt / HS,れんぞくぎり
403,Pt / HS,いびき
403,Pt / HS,シグナルビーム
403,Pt / HS,でんじふゆう
403,Pt / HS,スピードスター
403,HS,ずつき
404,Pt / HS,どろかけ
404,Pt / HS,れんぞくぎり
404,Pt / HS,いびき
404,Pt / HS,シグナルビーム
404,Pt / HS,でんじふゆう
404,Pt / HS,スピードスター
404,HS,ずつき
405,Pt / HS,どろかけ
405,Pt / HS,れんぞくぎり
405,Pt / HS,ばかぢから
405,Pt / HS,いびき
405,Pt / HS,シグナルビーム
405,Pt / HS,でんじふゆう
405,Pt / HS,スピードスター
405,HS,ずつき
406,Pt / HS,どろかけ
406,Pt / HS,いびき
406,Pt / HS,こうごうせい
406,Pt / HS,タネばくだん
406,Pt / HS,スピードスター
406,Pt / HS,さわぐ
406,HS,なやみのタネ
407,Pt / HS,どろかけ
407,Pt / HS,れんぞくぎり
407,Pt / HS,いびき
407,Pt / HS,こうごうせい
407,Pt / HS,タネばくだん
407,Pt / HS,スピードスター
407,HS,なやみのタネ
408,HS,のろい
408,Pt / HS,どろかけ
408,Pt / HS,かみなりパンチ
408,Pt / HS,ほのおのパンチ
408,Pt / HS,ばかぢから
408,Pt / HS,アイアンヘッド
408,Pt / HS,いびき
408,Pt / HS,うらみ
408,Pt / HS,がむしゃら
408,Pt / HS,げんしのちから
408,Pt / HS,しねんのずつき
408,Pt / HS,だいちのちから
408,Pt / HS,さわぐ
408,HS,ずつき
409,Pt / HS,どろかけ
409,Pt / HS,かみなりパンチ
409,Pt / HS,ほのおのパンチ
409,Pt / HS,ばかぢから
409,Pt / HS,アイアンヘッド
409,Pt / HS,いびき
409,Pt / HS,うらみ
409,Pt / HS,がむしゃら
409,Pt / HS,げきりん
409,Pt / HS,げんしのちから
409,Pt / HS,しねんのずつき
409,Pt / HS,だいちのちから
409,Pt / HS,さわぐ
409,HS,いたみわけ
409,HS,ずつき
410,Pt / HS,どろかけ
410,Pt / HS,アイアンヘッド
410,Pt / HS,いびき
410,Pt / HS,げんしのちから
410,Pt / HS,だいちのちから
410,Pt / HS,てっぺき
410,Pt / HS,でんじふゆう
410,HS,ずつき
411,Pt / HS,どろかけ
411,Pt / HS,アイアンヘッド
411,Pt / HS,いびき
411,Pt / HS,げきりん
411,Pt / HS,げんしのちから
411,Pt / HS,だいちのちから
411,Pt / HS,てっぺき
411,Pt / HS,でんじふゆう
411,HS,マジックコート
411,HS,とおせんぼう
411,HS,ずつき
412,Pt / HS,いびき
412,HS,いとをはく
412,HS,むしくい
413,Pt / HS,いびき
413,Pt / HS,がむしゃら
413,Pt / HS,こうごうせい
413,Pt / HS,シグナルビーム
413,Pt / HS,タネばくだん
413,Pt / HS,ふいうち
413,Pt / HS,さわぐ
413,HS,いとをはく
413,HS,なやみのタネ
413,HS,むしくい
414,Pt / HS,どろかけ
414,Pt / HS,あやしいかぜ
414,Pt / HS,いびき
414,Pt / HS,エアカッター
414,Pt / HS,シグナルビーム
414,Pt / HS,たつまき
414,Pt / HS,スピードスター
414,HS,いとをはく
414,HS,おいかぜ
414,HS,むしくい
415,Pt / HS,どろかけ
415,Pt / HS,あやしいかぜ
415,Pt / HS,いびき
415,Pt / HS,エアカッター
415,Pt / HS,がむしゃら
415,Pt / HS,スピードスター
415,HS,いとをはく
415,HS,おいかぜ
415,HS,むしくい
416,Pt / HS,どろかけ
416,Pt / HS,れんぞくぎり
416,Pt / HS,あやしいかぜ
416,Pt / HS,いびき
416,Pt / HS,エアカッター
416,Pt / HS,がむしゃら
416,Pt / HS,シグナルビーム
416,Pt / HS,スピードスター
416,HS,いとをはく
416,HS,おいかぜ
416,HS,むしくい
417,Pt / HS,どろかけ
417,Pt / HS,ころがる
417,Pt / HS,かみなりパンチ
417,Pt / HS,いびき
417,Pt / HS,てだすけ
417,Pt / HS,ダストシュート
417,Pt / HS,タネばくだん
417,Pt / HS,でんじふゆう
417,Pt / HS,とっておき
417,Pt / HS,スピードスター
417,Pt / HS,さわぐ
417,HS,いかりのまえば
417,HS,ずつき
418,Pt / HS,ダイビング
418,Pt / HS,どろかけ
418,Pt / HS,こごえるかぜ
418,Pt / HS,れいとうパンチ
418,Pt / HS,いびき
418,Pt / HS,スピードスター
418,HS,ずつき
419,Pt / HS,ダイビング
419,Pt / HS,どろかけ
419,Pt / HS,こごえるかぜ
419,Pt / HS,れいとうパンチ
419,Pt / HS,アクアテール
419,Pt / HS,いびき
419,Pt / HS,スピードスター
419,HS,けたぐり
419,HS,ずつき
420,HS,ウェザーボール
420,Pt / HS,ころがる
420,Pt / HS,いびき
420,Pt / HS,てだすけ
420,Pt / HS,こうごうせい
420,Pt / HS,タネばくだん
420,HS,なやみのタネ
421,Pt / HS,ころがる
421,Pt / HS,いびき
421,Pt / HS,てだすけ
421,Pt / HS,こうごうせい
421,Pt / HS,タネばくだん
421,HS,なやみのタネ
422,HS,きりふだ
422,Pt / HS,ダイビング
422,Pt / HS,どろかけ
422,Pt / HS,こごえるかぜ
422,Pt / HS,いびき
422,Pt / HS,げんしのちから
422,Pt / HS,だいちのちから
422,HS,いたみわけ
422,HS,いとをはく
422,HS,ずつき
423,Pt / HS,ダイビング
423,Pt / HS,どろかけ
423,Pt / HS,こごえるかぜ
423,Pt / HS,いびき
423,Pt / HS,げんしのちから
423,Pt / HS,だいちのちから
423,HS,いたみわけ
423,HS,いとをはく
423,HS,とおせんぼう
423,HS,ずつき
424,Pt / HS,どろかけ
424,Pt / HS,れんぞくぎり
424,Pt / HS,かみなりパンチ
424,Pt / HS,ほのおのパンチ
424,Pt / HS,れいとうパンチ
424,Pt / HS,いびき
424,Pt / HS,うらみ
424,Pt / HS,ダストシュート
424,Pt / HS,タネばくだん
424,Pt / HS,とっておき
424,Pt / HS,とびはねる
424,Pt / HS,はたきおとす
424,Pt / HS,スピードスター
424,Pt / HS,さわぐ
424,HS,なりきり
424,HS,けたぐり
424,HS,ずつき
425,HS,ウェザーボール
425,Pt / HS,どろかけ
425,Pt / HS,こごえるかぜ
425,Pt / HS,ころがる
425,Pt / HS,あやしいかぜ
425,Pt / HS,いびき
425,Pt / HS,うらみ
425,Pt / HS,エアカッター
425,Pt / HS,トリック
425,Pt / HS,はたきおとす
425,Pt / HS,ふいうち
425,Pt / HS,スピードスター
425,HS,いたみわけ
425,HS,おいかぜ
425,HS,マジックコート
426,Pt / HS,どろかけ
426,Pt / HS,こごえるかぜ
426,Pt / HS,ころがる
426,Pt / HS,あやしいかぜ
426,Pt / HS,いびき
426,Pt / HS,うらみ
426,Pt / HS,エアカッター
426,Pt / HS,トリック
426,Pt / HS,はたきおとす
426,Pt / HS,ふいうち
426,Pt / HS,スピードスター
426,HS,いたみわけ
426,HS,おいかぜ
426,HS,マジックコート
427,HS,じたばた
427,Pt / HS,どろかけ
427,Pt / HS,いびき
427,Pt / HS,てだすけ
427,Pt / HS,がむしゃら
427,Pt / HS,とっておき
427,Pt / HS,とびはねる
427,Pt / HS,スピードスター
427,Pt / HS,さわぐ
427,HS,マジックコート
427,HS,いやしのすず
427,HS,けたぐり
427,HS,ずつき
428,Pt / HS,どろかけ
428,Pt / HS,れんぞくぎり
428,Pt / HS,かみなりパンチ
428,Pt / HS,ほのおのパンチ
428,Pt / HS,れいとうパンチ
428,Pt / HS,いびき
428,Pt / HS,てだすけ
428,Pt / HS,がむしゃら
428,Pt / HS,とっておき
428,Pt / HS,とびはねる
428,Pt / HS,スピードスター
428,Pt / HS,さわぐ
428,HS,マジックコート
428,HS,いやしのすず
428,HS,けたぐり
428,HS,ずつき
429,Pt / HS,こごえるかぜ
429,Pt / HS,あやしいかぜ
429,Pt / HS,いびき
429,Pt / HS,うらみ
429,Pt / HS,トリック
429,Pt / HS,ふいうち
429,Pt / HS,スピードスター
429,Pt / HS,さわぐ
429,HS,いたみわけ
429,HS,マジックコート
429,HS,いやしのすず
429,HS,ずつき
430,Pt / HS,どろかけ
430,Pt / HS,ばかぢから
430,Pt / HS,あやしいかぜ
430,Pt / HS,うらみ
430,Pt / HS,エアカッター
430,Pt / HS,たつまき
430,Pt / HS,ねっぷう
430,Pt / HS,ふいうち
430,Pt / HS,スピードスター
430,Pt / HS,さわぐ
430,HS,おいかぜ
430,HS,ゴッドバード
431,HS,じたばた
431,Pt / HS,どろかけ
431,Pt / HS,れんぞくぎり
431,Pt / HS,いびき
431,Pt / HS,とっておき
431,Pt / HS,はたきおとす
431,Pt / HS,ふいうち
431,Pt / HS,スピードスター
431,HS,いかりのまえば
431,HS,ずつき
432,Pt / HS,どろかけ
432,Pt / HS,れんぞくぎり
432,Pt / HS,ころがる
432,Pt / HS,いびき
432,Pt / HS,とっておき
432,Pt / HS,はたきおとす
432,Pt / HS,ふいうち
432,Pt / HS,スピードスター
432,HS,いかりのまえば
432,HS,ずつき
433,Pt / HS,こごえるかぜ
433,Pt / HS,ころがる
433,Pt / HS,いびき
433,Pt / HS,てだすけ
433,Pt / HS,シグナルビーム
433,Pt / HS,しねんのずつき
433,Pt / HS,とっておき
433,Pt / HS,トリック
433,Pt / HS,はたきおとす
433,Pt / HS,スピードスター
433,Pt / HS,さわぐ
433,HS,じゅうりょく
433,HS,マジックコート
433,HS,いやしのすず
434,HS,くろいきり
434,Pt / HS,どろかけ
434,Pt / HS,れんぞくぎり
434,Pt / HS,いびき
434,Pt / HS,ふいうち
434,Pt / HS,スピードスター
434,HS,ずつき
435,Pt / HS,どろかけ
435,Pt / HS,れんぞくぎり
435,Pt / HS,いびき
435,Pt / HS,ふいうち
435,Pt / HS,スピードスター
435,HS,ずつき
436,Pt / HS,ころがる
436,Pt / HS,いびき
436,Pt / HS,げんしのちから
436,Pt / HS,シグナルビーム
436,Pt / HS,トリック
436,HS,じゅうりょく
437,Pt / HS,ころがる
437,Pt / HS,アイアンヘッド
437,Pt / HS,いびき
437,Pt / HS,げんしのちから
437,Pt / HS,シグナルビーム
437,Pt / HS,しねんのずつき
437,Pt / HS,トリック
437,HS,じゅうりょく
437,HS,とおせんぼう
438,Pt / HS,ころがる
438,Pt / HS,いびき
438,Pt / HS,てだすけ
438,Pt / HS,だいちのちから
438,Pt / HS,ふいうち
438,Pt / HS,さわぐ
438,HS,なりきり
438,HS,けたぐり
438,HS,とおせんぼう
438,HS,ずつき
439,HS,わるだくみ
439,Pt / HS,どろかけ
439,Pt / HS,いびき
439,Pt / HS,てだすけ
439,Pt / HS,シグナルビーム
439,Pt / HS,トリック
439,Pt / HS,さわぐ
439,HS,マジックコート
439,HS,なりきり
439,HS,ずつき
440,HS,どろばくだん
440,Pt / HS,どろかけ
440,Pt / HS,こごえるかぜ
440,Pt / HS,ころがる
440,Pt / HS,いびき
440,Pt / HS,てだすけ
440,Pt / HS,がむしゃら
440,Pt / HS,しねんのずつき
440,Pt / HS,とっておき
440,Pt / HS,さわぐ
440,HS,じゅうりょく
440,HS,いやしのすず
440,HS,ずつき
441,Pt / HS,どろかけ
441,Pt / HS,あやしいかぜ
441,Pt / HS,いびき
441,Pt / HS,エアカッター
441,Pt / HS,たつまき
441,Pt / HS,ねっぷう
441,Pt / HS,スピードスター
441,Pt / HS,さわぐ
441,HS,おいかぜ
441,HS,なりきり
441,HS,ゴッドバード
442,Pt / HS,こごえるかぜ
442,Pt / HS,あやしいかぜ
442,Pt / HS,いびき
442,Pt / HS,うらみ
442,Pt / HS,トリック
442,Pt / HS,ふいうち
442,Pt / HS,さわぐ
442,HS,いたみわけ
443,HS,マッドショット
443,Pt / HS,どろかけ
443,Pt / HS,れんぞくぎり
443,Pt / HS,アイアンヘッド
443,Pt / HS,いびき
443,Pt / HS,げきりん
443,Pt / HS,だいちのちから
443,Pt / HS,たつまき
443,Pt / HS,スピードスター
443,HS,ずつき
444,Pt / HS,どろかけ
444,Pt / HS,れんぞくぎり
444,Pt / HS,アイアンヘッド
444,Pt / HS,いびき
444,Pt / HS,げきりん
444,Pt / HS,だいちのちから
444,Pt / HS,たつまき
444,Pt / HS,スピードスター
444,HS,ずつき
445,Pt / HS,どろかけ
445,Pt / HS,れんぞくぎり
445,Pt / HS,アイアンヘッド
445,Pt / HS,アクアテール
445,Pt / HS,いびき
445,Pt / HS,げきりん
445,Pt / HS,だいちのちから
445,Pt / HS,たつまき
445,Pt / HS,スピードスター
445,HS,ずつき
446,Pt / HS,どろかけ
446,Pt / HS,こごえるかぜ
446,Pt / HS,ころがる
446,Pt / HS,かみなりパンチ
446,Pt / HS,ほのおのパンチ
446,Pt / HS,ばかぢから
446,Pt / HS,れいとうパンチ
446,Pt / HS,いびき
446,Pt / HS,しねんのずつき
446,Pt / HS,ダストシュート
446,Pt / HS,タネばくだん
446,Pt / HS,とっておき
446,Pt / HS,さわぐ
446,HS,ずつき
447,HS,このゆびとまれ
447,Pt / HS,どろかけ
447,Pt / HS,れんぞくぎり
447,Pt / HS,かみなりパンチ
447,Pt / HS,れいとうパンチ
447,Pt / HS,いびき
447,Pt / HS,てだすけ
447,Pt / HS,しねんのずつき
447,Pt / HS,しんくうは
447,Pt / HS,てっぺき
447,Pt / HS,でんじふゆう
447,Pt / HS,スピードスター
447,HS,なりきり
447,HS,けたぐり
447,HS,ずつき
448,Pt / HS,どろかけ
448,Pt / HS,れんぞくぎり
448,Pt / HS,かみなりパンチ
448,Pt / HS,れいとうパンチ
448,Pt / HS,いびき
448,Pt / HS,てだすけ
448,Pt / HS,しねんのずつき
448,Pt / HS,しんくうは
448,Pt / HS,てっぺき
448,Pt / HS,でんじふゆう
448,Pt / HS,スピードスター
448,HS,なりきり
448,HS,けたぐり
448,HS,ずつき
449,HS,リベンジ
449,Pt / HS,どろかけ
449,Pt / HS,ばかぢから
449,Pt / HS,いびき
449,Pt / HS,だいちのちから
449,HS,ずつき
450,Pt / HS,どろかけ
450,Pt / HS,ばかぢから
450,Pt / HS,アイアンヘッド
450,Pt / HS,いびき
450,Pt / HS,だいちのちから
450,HS,ずつき
451,Pt / HS,どろかけ
451,Pt / HS,れんぞくぎり
451,Pt / HS,アクアテール
451,Pt / HS,いびき
451,Pt / HS,はたきおとす
451,HS,むしくい
451,HS,ずつき
452,Pt / HS,どろかけ
452,Pt / HS,れんぞくぎり
452,Pt / HS,アクアテール
452,Pt / HS,いびき
452,Pt / HS,はたきおとす
452,HS,むしくい
452,HS,ずつき
453,Pt / HS,どろかけ
453,Pt / HS,れんぞくぎり
453,Pt / HS,こごえるかぜ
453,Pt / HS,かみなりパンチ
453,Pt / HS,れいとうパンチ
453,Pt / HS,いびき
453,Pt / HS,うらみ
453,Pt / HS,てだすけ
453,Pt / HS,しんくうは
453,Pt / HS,ダストシュート
453,Pt / HS,とびはねる
453,Pt / HS,はたきおとす
453,Pt / HS,ふいうち
453,HS,いかりのまえば
453,HS,なりきり
453,HS,けたぐり
453,HS,ずつき
454,Pt / HS,どろかけ
454,Pt / HS,れんぞくぎり
454,Pt / HS,こごえるかぜ
454,Pt / HS,かみなりパンチ
454,Pt / HS,れいとうパンチ
454,Pt / HS,いびき
454,Pt / HS,うらみ
454,Pt / HS,てだすけ
454,Pt / HS,しんくうは
454,Pt / HS,ダストシュート
454,Pt / HS,とびはねる
454,Pt / HS,はたきおとす
454,Pt / HS,ふいうち
454,HS,いかりのまえば
454,HS,なりきり
454,HS,けたぐり
454,HS,ずつき
455,Pt / HS,どろかけ
455,Pt / HS,れんぞくぎり
455,Pt / HS,いえき
455,Pt / HS,いびき
455,Pt / HS,こうごうせい
455,Pt / HS,タネばくだん
455,Pt / HS,はたきおとす
455,HS,なやみのタネ
455,HS,むしくい
456,Pt / HS,ダイビング
456,Pt / HS,こごえるかぜ
456,Pt / HS,アクアテール
456,Pt / HS,あやしいかぜ
456,Pt / HS,いびき
456,Pt / HS,エアカッター
456,Pt / HS,たつまき
456,Pt / HS,とびはねる
456,Pt / HS,スピードスター
456,HS,おいかぜ
457,Pt / HS,ダイビング
457,Pt / HS,こごえるかぜ
457,Pt / HS,アクアテール
457,Pt / HS,あやしいかぜ
457,Pt / HS,いびき
457,Pt / HS,エアカッター
457,Pt / HS,たつまき
457,Pt / HS,とびはねる
457,Pt / HS,スピードスター
457,HS,おいかぜ
458,Pt / HS,ダイビング
458,Pt / HS,どろかけ
458,Pt / HS,こごえるかぜ
458,Pt / HS,いびき
458,Pt / HS,エアカッター
458,Pt / HS,てだすけ
458,Pt / HS,とびはねる
458,Pt / HS,スピードスター
458,HS,ずつき
459,HS,ロケットずつき
459,Pt / HS,どろかけ
459,Pt / HS,こごえるかぜ
459,Pt / HS,れいとうパンチ
459,Pt / HS,いびき
459,Pt / HS,こうごうせい
459,Pt / HS,タネばくだん
459,HS,なやみのタネ
459,HS,なりきり
459,HS,ずつき
460,Pt / HS,どろかけ
460,Pt / HS,こごえるかぜ
460,Pt / HS,れいとうパンチ
460,Pt / HS,いびき
460,Pt / HS,げきりん
460,Pt / HS,こうごうせい
460,Pt / HS,タネばくだん
460,HS,なやみのタネ
460,HS,なりきり
460,HS,とおせんぼう
460,HS,ずつき
461,Pt / HS,どろかけ
461,Pt / HS,れんぞくぎり
461,Pt / HS,こごえるかぜ
461,Pt / HS,れいとうパンチ
461,Pt / HS,いびき
461,Pt / HS,うらみ
461,Pt / HS,はたきおとす
461,Pt / HS,スピードスター
461,HS,けたぐり
461,HS,ずつき
462,Pt / HS,ころがる
462,Pt / HS,アイアンヘッド
462,Pt / HS,いびき
462,Pt / HS,シグナルビーム
462,Pt / HS,てっぺき
462,Pt / HS,でんじふゆう
462,Pt / HS,スピードスター
462,HS,じゅうりょく
462,HS,マジックコート
463,Pt / HS,どろかけ
463,Pt / HS,こごえるかぜ
463,Pt / HS,ころがる
463,Pt / HS,かみなりパンチ
463,Pt / HS,ほのおのパンチ
463,Pt / HS,れいとうパンチ
463,Pt / HS,アクアテール
463,Pt / HS,いびき
463,Pt / HS,しねんのずつき
463,Pt / HS,はたきおとす
463,HS,とおせんぼう
463,HS,ずつき
464,Pt / HS,どろかけ
464,Pt / HS,れんぞくぎり
464,Pt / HS,こごえるかぜ
464,Pt / HS,ころがる
464,Pt / HS,かみなりパンチ
464,Pt / HS,ほのおのパンチ
464,Pt / HS,ばかぢから
464,Pt / HS,れいとうパンチ
464,Pt / HS,アイアンヘッド
464,Pt / HS,アクアテール
464,Pt / HS,いびき
464,Pt / HS,うらみ
464,Pt / HS,がむしゃら
464,Pt / HS,げきりん
464,Pt / HS,げんしのちから
464,Pt / HS,だいちのちから
464,Pt / HS,さわぐ
464,HS,とおせんぼう
464,HS,ずつき
465,Pt / HS,どろかけ
465,Pt / HS,いびき
465,Pt / HS,げんしのちから
465,Pt / HS,こうごうせい
465,Pt / HS,タネばくだん
465,Pt / HS,はたきおとす
465,HS,いたみわけ
465,HS,なやみのタネ
465,HS,とおせんぼう
465,HS,ずつき
466,Pt / HS,どろかけ
466,Pt / HS,かみなりパンチ
466,Pt / HS,ほのおのパンチ
466,Pt / HS,れいとうパンチ
466,Pt / HS,いびき
466,Pt / HS,てだすけ
466,Pt / HS,シグナルビーム
466,Pt / HS,でんじふゆう
466,Pt / HS,スピードスター
466,HS,けたぐり
466,HS,ずつき
467,Pt / HS,どろかけ
467,Pt / HS,かみなりパンチ
467,Pt / HS,ほのおのパンチ
467,Pt / HS,いびき
467,Pt / HS,てだすけ
467,Pt / HS,ねっぷう
467,HS,けたぐり
467,HS,ずつき
468,Pt / HS,どろかけ
468,Pt / HS,ころがる
468,Pt / HS,あやしいかぜ
468,Pt / HS,いびき
468,Pt / HS,エアカッター
468,Pt / HS,がむしゃら
468,Pt / HS,げんしのちから
468,Pt / HS,シグナルビーム
468,Pt / HS,しねんのずつき
468,Pt / HS,たつまき
468,Pt / HS,とっておき
468,Pt / HS,トリック
468,Pt / HS,ねっぷう
468,Pt / HS,スピードスター
468,HS,おいかぜ
468,HS,マジックコート
468,HS,いやしのすず
468,HS,ゴッドバード
468,HS,ずつき
469,Pt / HS,どろかけ
469,Pt / HS,あやしいかぜ
469,Pt / HS,いびき
469,Pt / HS,エアカッター
469,Pt / HS,げんしのちから
469,Pt / HS,シグナルビーム
469,Pt / HS,スピードスター
469,Pt / HS,さわぐ
469,HS,いとをはく
469,HS,おいかぜ
469,HS,むしくい
469,HS,ずつき
470,Pt / HS,どろかけ
470,Pt / HS,れんぞくぎり
470,Pt / HS,いびき
470,Pt / HS,てだすけ
470,Pt / HS,こうごうせい
470,Pt / HS,タネばくだん
470,Pt / HS,とっておき
470,Pt / HS,はたきおとす
470,Pt / HS,スピードスター
470,HS,なやみのタネ
470,HS,いやしのすず
470,HS,ずつき
471,Pt / HS,どろかけ
471,Pt / HS,こごえるかぜ
471,Pt / HS,アクアテール
471,Pt / HS,いびき
471,Pt / HS,てだすけ
471,Pt / HS,シグナルビーム
471,Pt / HS,とっておき
471,Pt / HS,スピードスター
471,HS,いやしのすず
471,HS,ずつき
472,Pt / HS,どろかけ
472,Pt / HS,れんぞくぎり
472,Pt / HS,アクアテール
472,Pt / HS,いびき
472,Pt / HS,だいちのちから
472,Pt / HS,はたきおとす
472,Pt / HS,スピードスター
472,HS,おいかぜ
472,HS,ゴッドバード
472,HS,ずつき
473,Pt / HS,どろかけ
473,Pt / HS,れんぞくぎり
473,Pt / HS,こごえるかぜ
473,Pt / HS,ばかぢから
473,Pt / HS,アイアンヘッド
473,Pt / HS,いびき
473,Pt / HS,がむしゃら
473,Pt / HS,げんしのちから
473,Pt / HS,だいちのちから
473,Pt / HS,はたきおとす
473,HS,とおせんぼう
473,HS,ずつき
474,Pt / HS,こごえるかぜ
474,Pt / HS,いびき
474,Pt / HS,シグナルビーム
474,Pt / HS,しねんのずつき
474,Pt / HS,とっておき
474,Pt / HS,トリック
474,Pt / HS,スピードスター
474,Pt / HS,さわぐ
474,HS,いたみわけ
474,HS,じゅうりょく
474,HS,マジックコート
475,Pt / HS,どろかけ
475,Pt / HS,れんぞくぎり
475,Pt / HS,かみなりパンチ
475,Pt / HS,ほのおのパンチ
475,Pt / HS,れいとうパンチ
475,Pt / HS,いびき
475,Pt / HS,てだすけ
475,Pt / HS,シグナルビーム
475,Pt / HS,しねんのずつき
475,Pt / HS,しんくうは
475,Pt / HS,トリック
475,Pt / HS,はたきおとす
475,Pt / HS,スピードスター
475,HS,いたみわけ
475,HS,マジックコート
475,HS,けたぐり
475,HS,ずつき
476,Pt / HS,どろかけ
476,Pt / HS,ころがる
476,Pt / HS,かみなりパンチ
476,Pt / HS,ほのおのパンチ
476,Pt / HS,れいとうパンチ
476,Pt / HS,アイアンヘッド
476,Pt / HS,いびき
476,Pt / HS,げんしのちから
476,Pt / HS,だいちのちから
476,Pt / HS,てっぺき
476,Pt / HS,でんじふゆう
476,HS,いたみわけ
476,HS,じゅうりょく
476,HS,マジックコート
476,HS,とおせんぼう
476,HS,ずつき
477,Pt / HS,どろかけ
477,Pt / HS,こごえるかぜ
477,Pt / HS,かみなりパンチ
477,Pt / HS,ほのおのパンチ
477,Pt / HS,れいとうパンチ
477,Pt / HS,あやしいかぜ
477,Pt / HS,いびき
477,Pt / HS,うらみ
477,Pt / HS,トリック
477,Pt / HS,ふいうち
477,HS,いたみわけ
477,HS,じゅうりょく
477,HS,ずつき
478,Pt / HS,どろかけ
478,Pt / HS,こごえるかぜ
478,Pt / HS,ころがる
478,Pt / HS,れいとうパンチ
478,Pt / HS,あやしいかぜ
478,Pt / HS,いびき
478,Pt / HS,うらみ
478,Pt / HS,シグナルビーム
478,Pt / HS,トリック
478,Pt / HS,ふいうち
478,HS,いたみわけ
478,HS,とおせんぼう
478,HS,ずつき
479,Pt / HS,どろかけ
479,Pt / HS,あやしいかぜ
479,Pt / HS,いびき
479,Pt / HS,うらみ
479,Pt / HS,シグナルビーム
479,Pt / HS,トリック
479,Pt / HS,ふいうち
479,Pt / HS,スピードスター
479,Pt / HS,さわぐ
479,HS,いたみわけ
480,Pt / HS,どろかけ
480,Pt / HS,かみなりパンチ
480,Pt / HS,ほのおのパンチ
480,Pt / HS,れいとうパンチ
480,Pt / HS,いびき
480,Pt / HS,てだすけ
480,Pt / HS,シグナルビーム
480,Pt / HS,しねんのずつき
480,Pt / HS,トリック
480,Pt / HS,はたきおとす
480,Pt / HS,スピードスター
480,HS,マジックコート
480,HS,なりきり
480,HS,いやしのすず
480,HS,ずつき
481,Pt / HS,どろかけ
481,Pt / HS,かみなりパンチ
481,Pt / HS,ほのおのパンチ
481,Pt / HS,れいとうパンチ
481,Pt / HS,いびき
481,Pt / HS,てだすけ
481,Pt / HS,シグナルビーム
481,Pt / HS,しねんのずつき
481,Pt / HS,トリック
481,Pt / HS,はたきおとす
481,Pt / HS,スピードスター
481,HS,マジックコート
481,HS,なりきり
481,HS,ずつき
482,Pt / HS,どろかけ
482,Pt / HS,かみなりパンチ
482,Pt / HS,ほのおのパンチ
482,Pt / HS,れいとうパンチ
482,Pt / HS,いびき
482,Pt / HS,てだすけ
482,Pt / HS,シグナルビーム
482,Pt / HS,しねんのずつき
482,Pt / HS,とっておき
482,Pt / HS,トリック
482,Pt / HS,はたきおとす
482,Pt / HS,スピードスター
482,Pt / HS,さわぐ
482,HS,マジックコート
482,HS,なりきり
482,HS,ずつき
483,Pt / HS,どろかけ
483,Pt / HS,れんぞくぎり
483,Pt / HS,アイアンヘッド
483,Pt / HS,いびき
483,Pt / HS,げきりん
483,Pt / HS,げんしのちから
483,Pt / HS,だいちのちから
483,Pt / HS,たつまき
483,Pt / HS,てっぺき
483,Pt / HS,でんじふゆう
483,Pt / HS,スピードスター
483,HS,じゅうりょく
483,HS,ずつき
484,Pt / HS,ダイビング
484,Pt / HS,どろかけ
484,Pt / HS,れんぞくぎり
484,Pt / HS,アクアテール
484,Pt / HS,いびき
484,Pt / HS,げきりん
484,Pt / HS,げんしのちから
484,Pt / HS,だいちのちから
484,Pt / HS,たつまき
484,Pt / HS,スピードスター
484,HS,じゅうりょく
484,HS,ずつき
485,Pt / HS,どろかけ
485,Pt / HS,アイアンヘッド
485,Pt / HS,いびき
485,Pt / HS,げんしのちから
485,Pt / HS,だいちのちから
485,Pt / HS,てっぺき
485,Pt / HS,ねっぷう
485,Pt / HS,さわぐ
485,HS,むしくい
485,HS,ずつき
486,Pt / HS,どろかけ
486,Pt / HS,こごえるかぜ
486,Pt / HS,かみなりパンチ
486,Pt / HS,ほのおのパンチ
486,Pt / HS,ばかぢから
486,Pt / HS,れいとうパンチ
486,Pt / HS,アイアンヘッド
486,Pt / HS,いびき
486,Pt / HS,げんしのちから
486,Pt / HS,しねんのずつき
486,Pt / HS,だいちのちから
486,HS,じゅうりょく
486,HS,とおせんぼう
486,HS,ずつき
487,Pt / HS,どろかけ
487,Pt / HS,れんぞくぎり
487,Pt / HS,こごえるかぜ
487,Pt / HS,アイアンヘッド
487,Pt / HS,アクアテール
487,Pt / HS,あやしいかぜ
487,Pt / HS,いびき
487,Pt / HS,うらみ
487,Pt / HS,エアカッター
487,Pt / HS,げきりん
487,Pt / HS,げんしのちから
487,Pt / HS,だいちのちから
487,Pt / HS,たつまき
487,Pt / HS,スピードスター
487,HS,いたみわけ
487,HS,じゅうりょく
487,HS,ずつき
488,Pt / HS,どろかけ
488,Pt / HS,れんぞくぎり
488,Pt / HS,こごえるかぜ
488,Pt / HS,いびき
488,Pt / HS,てだすけ
488,Pt / HS,シグナルビーム
488,Pt / HS,しねんのずつき
488,Pt / HS,トリック
488,Pt / HS,スピードスター
488,HS,じゅうりょく
488,HS,マジックコート
489,Pt / HS,ダイビング
489,Pt / HS,どろかけ
489,Pt / HS,こごえるかぜ
489,Pt / HS,いびき
489,Pt / HS,てだすけ
489,Pt / HS,げんしのちから
489,Pt / HS,シグナルビーム
489,Pt / HS,とっておき
489,Pt / HS,とびはねる
489,Pt / HS,はたきおとす
489,Pt / HS,スピードスター
489,Pt / HS,さわぐ
489,HS,いやしのすず
490,Pt / HS,ダイビング
490,Pt / HS,どろかけ
490,Pt / HS,こごえるかぜ
490,Pt / HS,いびき
490,Pt / HS,てだすけ
490,Pt / HS,げんしのちから
490,Pt / HS,シグナルビーム
490,Pt / HS,とっておき
490,Pt / HS,とびはねる
490,Pt / HS,はたきおとす
490,Pt / HS,スピードスター
490,Pt / HS,さわぐ
490,HS,いやしのすず
491,Pt / HS,どろかけ
491,Pt / HS,こごえるかぜ
491,Pt / HS,あやしいかぜ
491,Pt / HS,いびき
491,Pt / HS,うらみ
491,Pt / HS,とっておき
491,Pt / HS,トリック
491,Pt / HS,はたきおとす
491,Pt / HS,ふいうち
491,Pt / HS,スピードスター
491,HS,ずつき
492,Pt / HS,どろかけ
492,Pt / HS,いびき
492,Pt / HS,がむしゃら
492,Pt / HS,こうごうせい
492,Pt / HS,しねんのずつき
492,Pt / HS,だいちのちから
492,Pt / HS,タネばくだん
492,Pt / HS,とっておき
492,Pt / HS,スピードスター
492,HS,なやみのタネ
492,HS,ずつき
493,Pt / HS,ダイビング
493,Pt / HS,どろかけ
493,Pt / HS,れんぞくぎり
493,Pt / HS,こごえるかぜ
493,Pt / HS,アイアンヘッド
493,Pt / HS,アクアテール
493,Pt / HS,あやしいかぜ
493,Pt / HS,いびき
493,Pt / HS,げきりん
493,Pt / HS,げんしのちから
493,Pt / HS,シグナルビーム
493,Pt / HS,しねんのずつき
493,Pt / HS,だいちのちから
493,Pt / HS,たつまき
493,Pt / HS,てっぺき
493,Pt / HS,とっておき
493,Pt / HS,トリック
493,Pt / HS,ねっぷう
493,Pt / HS,スピードスター
494,未登場,他の世代を検索ください
495,未登場,他の世代を検索ください
496,未登場,他の世代を検索ください
497,未登場,他の世代を検索ください
498,未登場,他の世代を検索ください
499,未登場,他の世代を検索ください
500,未登場,他の世代を検索ください
501,未登場,他の世代を検索ください
502,未登場,他の世代を検索ください
503,未登場,他の世代を検索ください
504,未登場,他の世代を検索ください
505,未登場,他の世代を検索ください
506,未登場,他の世代を検索ください
507,未登場,他の世代を検索ください
508,未登場,他の世代を検索ください
509,未登場,他の世代を検索ください
510,未登場,他の世代を検索ください
511,未登場,他の世代を検索ください
512,未登場,他の世代を検索ください
513,未登場,他の世代を検索ください
514,未登場,他の世代を検索ください
515,未登場,他の世代を検索ください
516,未登場,他の世代を検索ください
517,未登場,他の世代を検索ください
518,未登場,他の世代を検索ください
519,未登場,他の世代を検索ください
520,未登場,他の世代を検索ください
521,未登場,他の世代を検索ください
522,未登場,他の世代を検索ください
523,未登場,他の世代を検索ください
524,未登場,他の世代を検索ください
525,未登場,他の世代を検索ください
526,未登場,他の世代を検索ください
527,未登場,他の世代を検索ください
528,未登場,他の世代を検索ください
529,未登場,他の世代を検索ください
530,未登場,他の世代を検索ください
531,未登場,他の世代を検索ください
532,未登場,他の世代を検索ください
533,未登場,他の世代を検索ください
534,未登場,他の世代を検索ください
535,未登場,他の世代を検索ください
536,未登場,他の世代を検索ください
537,未登場,他の世代を検索ください
538,未登場,他の世代を検索ください
539,未登場,他の世代を検索ください
540,未登場,他の世代を検索ください
541,未登場,他の世代を検索ください
542,未登場,他の世代を検索ください
543,未登場,他の世代を検索ください
544,未登場,他の世代を検索ください
545,未登場,他の世代を検索ください
546,未登場,他の世代を検索ください
547,未登場,他の世代を検索ください
548,未登場,他の世代を検索ください
549,未登場,他の世代を検索ください
550,未登場,他の世代を検索ください
551,未登場,他の世代を検索ください
552,未登場,他の世代を検索ください
553,未登場,他の世代を検索ください
554,未登場,他の世代を検索ください
555,未登場,他の世代を検索ください
556,未登場,他の世代を検索ください
557,未登場,他の世代を検索ください
558,未登場,他の世代を検索ください
559,未登場,他の世代を検索ください
560,未登場,他の世代を検索ください
561,未登場,他の世代を検索ください
562,未登場,他の世代を検索ください
563,未登場,他の世代を検索ください
564,未登場,他の世代を検索ください
565,未登場,他の世代を検索ください
566,未登場,他の世代を検索ください
567,未登場,他の世代を検索ください
568,未登場,他の世代を検索ください
569,未登場,他の世代を検索ください
570,未登場,他の世代を検索ください
571,未登場,他の世代を検索ください
572,未登場,他の世代を検索ください
573,未登場,他の世代を検索ください
574,未登場,他の世代を検索ください
575,未登場,他の世代を検索ください
576,未登場,他の世代を検索ください
577,未登場,他の世代を検索ください
578,未登場,他の世代を検索ください
579,未登場,他の世代を検索ください
580,未登場,他の世代を検索ください
581,未登場,他の世代を検索ください
582,未登場,他の世代を検索ください
583,未登場,他の世代を検索ください
584,未登場,他の世代を検索ください
585,未登場,他の世代を検索ください
586,未登場,他の世代を検索ください
587,未登場,他の世代を検索ください
588,未登場,他の世代を検索ください
589,未登場,他の世代を検索ください
590,未登場,他の世代を検索ください
591,未登場,他の世代を検索ください
592,未登場,他の世代を検索ください
593,未登場,他の世代を検索ください
594,未登場,他の世代を検索ください
595,未登場,他の世代を検索ください
596,未登場,他の世代を検索ください
597,未登場,他の世代を検索ください
598,未登場,他の世代を検索ください
599,未登場,他の世代を検索ください
600,未登場,他の世代を検索ください
601,未登場,他の世代を検索ください
602,未登場,他の世代を検索ください
603,未登場,他の世代を検索ください
604,未登場,他の世代を検索ください
605,未登場,他の世代を検索ください
606,未登場,他の世代を検索ください
607,未登場,他の世代を検索ください
608,未登場,他の世代を検索ください
609,未登場,他の世代を検索ください
610,未登場,他の世代を検索ください
611,未登場,他の世代を検索ください
612,未登場,他の世代を検索ください
613,未登場,他の世代を検索ください
614,未登場,他の世代を検索ください
615,未登場,他の世代を検索ください
616,未登場,他の世代を検索ください
617,未登場,他の世代を検索ください
618,未登場,他の世代を検索ください
619,未登場,他の世代を検索ください
620,未登場,他の世代を検索ください
621,未登場,他の世代を検索ください
622,未登場,他の世代を検索ください
623,未登場,他の世代を検索ください
624,未登場,他の世代を検索ください
625,未登場,他の世代を検索ください
626,未登場,他の世代を検索ください
627,未登場,他の世代を検索ください
628,未登場,他の世代を検索ください
629,未登場,他の世代を検索ください
630,未登場,他の世代を検索ください
631,未登場,他の世代を検索ください
632,未登場,他の世代を検索ください
633,未登場,他の世代を検索ください
634,未登場,他の世代を検索ください
635,未登場,他の世代を検索ください
636,未登場,他の世代を検索ください
637,未登場,他の世代を検索ください
638,未登場,他の世代を検索ください
639,未登場,他の世代を検索ください
640,未登場,他の世代を検索ください
641,未登場,他の世代を検索ください
642,未登場,他の世代を検索ください
643,未登場,他の世代を検索ください
644,未登場,他の世代を検索ください
645,未登場,他の世代を検索ください
646,未登場,他の世代を検索ください
647,未登場,他の世代を検索ください
648,未登場,他の世代を検索ください
649,未登場,他の世代を検索ください
650,未登場,他の世代を検索ください
651,未登場,他の世代を検索ください
652,未登場,他の世代を検索ください
653,未登場,他の世代を検索ください
654,未登場,他の世代を検索ください
655,未登場,他の世代を検索ください
656,未登場,他の世代を検索ください
657,未登場,他の世代を検索ください
658,未登場,他の世代を検索ください
659,未登場,他の世代を検索ください
660,未登場,他の世代を検索ください
661,未登場,他の世代を検索ください
662,未登場,他の世代を検索ください
663,未登場,他の世代を検索ください
664,未登場,他の世代を検索ください
665,未登場,他の世代を検索ください
666,未登場,他の世代を検索ください
667,未登場,他の世代を検索ください
668,未登場,他の世代を検索ください
669,未登場,他の世代を検索ください
670,未登場,他の世代を検索ください
671,未登場,他の世代を検索ください
672,未登場,他の世代を検索ください
673,未登場,他の世代を検索ください
674,未登場,他の世代を検索ください
675,未登場,他の世代を検索ください
676,未登場,他の世代を検索ください
677,未登場,他の世代を検索ください
678,未登場,他の世代を検索ください
679,未登場,他の世代を検索ください
680,未登場,他の世代を検索ください
681,未登場,他の世代を検索ください
682,未登場,他の世代を検索ください
683,未登場,他の世代を検索ください
684,未登場,他の世代を検索ください
685,未登場,他の世代を検索ください
686,未登場,他の世代を検索ください
687,未登場,他の世代を検索ください
688,未登場,他の世代を検索ください
689,未登場,他の世代を検索ください
690,未登場,他の世代を検索ください
691,未登場,他の世代を検索ください
692,未登場,他の世代を検索ください
693,未登場,他の世代を検索ください
694,未登場,他の世代を検索ください
695,未登場,他の世代を検索ください
696,未登場,他の世代を検索ください
697,未登場,他の世代を検索ください
698,未登場,他の世代を検索ください
699,未登場,他の世代を検索ください
700,未登場,他の世代を検索ください
701,未登場,他の世代を検索ください
702,未登場,他の世代を検索ください
703,未登場,他の世代を検索ください
704,未登場,他の世代を検索ください
705,未登場,他の世代を検索ください
706,未登場,他の世代を検索ください
707,未登場,他の世代を検索ください
708,未登場,他の世代を検索ください
709,未登場,他の世代を検索ください
710,未登場,他の世代を検索ください
711,未登場,他の世代を検索ください
712,未登場,他の世代を検索ください
713,未登場,他の世代を検索ください
714,未登場,他の世代を検索ください
715,未登場,他の世代を検索ください
716,未登場,他の世代を検索ください
717,未登場,他の世代を検索ください
718,未登場,他の世代を検索ください
719,未登場,他の世代を検索ください
720,未登場,他の世代を検索ください
721,未登場,他の世代を検索ください
