1,フシギダネ,フシギソウ,(Lv16),フシギバナ,(Lv32), , , , , , , , , , , , 
2,フシギダネ,フシギソウ,(Lv16),フシギバナ,(Lv32), , , , , , , , , , , , 
3,フシギダネ,フシギソウ,(Lv16),フシギバナ,(Lv32), , , , , , , , , , , , 
4,ヒトカゲ,リザード,（Lv16）,リザードン,（Lv36）, , , , , , , , , , , , 
5,ヒトカゲ,リザード,（Lv16）,リザードン,（Lv36）, , , , , , , , , , , , 
6,ヒトカゲ,リザード,（Lv16）,リザードン,（Lv36）, , , , , , , , , , , , 
7,ゼニガメ,カメール,（Lv16）,カメックス,（Lv36）, , , , , , , , , , , , 
8,ゼニガメ,カメール,（Lv16）,カメックス,（Lv36）, , , , , , , , , , , , 
9,ゼニガメ,カメール,（Lv16）,カメックス,（Lv36）, , , , , , , , , , , , 
10,キャタピー,トランセル,（Lv7）,バタフリー,（Lv10）, , , , , , , , , , , , 
11,キャタピー,トランセル,（Lv7）,バタフリー,（Lv10）, , , , , , , , , , , , 
12,キャタピー,トランセル,（Lv7）,バタフリー,（Lv10）, , , , , , , , , , , , 
13,ビードル,コクーン,（Lv7）,スピアー,（Lv10）, , , , , , , , , , , , 
14,ビードル,コクーン,（Lv7）,スピアー,（Lv10）, , , , , , , , , , , , 
15,ビードル,コクーン,（Lv7）,スピアー,（Lv10）, , , , , , , , , , , , 
16,ポッポ,ピジョン,（Lv18）,ピジョット,（Lv36）, , , , , , , , , , , , 
17,ポッポ,ピジョン,（Lv18）,ピジョット,（Lv36）, , , , , , , , , , , , 
18,ポッポ,ピジョン,（Lv18）,ピジョット,（Lv36）, , , , , , , , , , , , 
19,コラッタ,ラッタ,（Lv20), , , , , , , , , , , , , , 
20,コラッタ,ラッタ,（Lv20), , , , , , , , , , , , , , 
21,オニスズメ,オニドリル,（Lv20）, , , , , , , , , , , , , , 
22,オニスズメ,オニドリル,（Lv20）, , , , , , , , , , , , , , 
23,アーボ,アーボック,（Lv22）, , , , , , , , , , , , , , 
24,アーボ,アーボック,（Lv22）, , , , , , , , , , , , , , 
25,ピチュー,ピカチュウ,(なつき),ライチュウ,(かみなりのいし）, , , , , , , , , , , , 
26,ピチュー,ピカチュウ,(なつき),ライチュウ,(かみなりのいし）, , , , , , , , , , , , 
27,サンド,サンドパン,(Lv22), , , , , , , , , , , , , , 
28,サンド,サンドパン,(Lv22), , , , , , , , , , , , , , 
29,ニドラン♀,ニドリーナ,(Lv16),ニドクイン,(つきのいし), , , , , , , , , , , , 
30,ニドラン♀,ニドリーナ,(Lv16),ニドクイン,(つきのいし), , , , , , , , , , , , 
31,ニドラン♀,ニドリーナ,(Lv16),ニドクイン,(つきのいし), , , , , , , , , , , , 
32,ニドラン♂,ニドリーノ,(Lv16),ニドキング,(つきのいし), , , , , , , , , , , , 
33,ニドラン♂,ニドリーノ,(Lv16),ニドキング,(つきのいし), , , , , , , , , , , , 
34,ニドラン♂,ニドリーノ,(Lv16),ニドキング,(つきのいし), , , , , , , , , , , , 
35,ピィ,ピッピ,(なつき),ピクシー,(つきのいし), , , , , , , , , , , , 
36,ピィ,ピッピ,(なつき),ピクシー,(つきのいし), , , , , , , , , , , , 
37,ロコン,キュウコン,(ほのおのいし), , , , , , , , , , , , , , 
38,ロコン,キュウコン,(ほのおのいし), , , , , , , , , , , , , , 
39,ププリン,プリン,(なつき),プクリン,(つきのいし), , , , , , , , , , , , 
40,ププリン,プリン,(なつき),プクリン,(つきのいし), , , , , , , , , , , , 
41,ズバット,ゴルバット,(Lv22),クロバット,(なつき), , , , , , , , , , , , 
42,ズバット,ゴルバット,(Lv22),クロバット,(なつき), , , , , , , , , , , , 
43,ナゾノクサ,クサイハナ,(Lv21),ラフレシア,(リーフのいし),キレイハナ,(たいようのいし), , , , , , , , , , 
44,ナゾノクサ,クサイハナ,(Lv21),ラフレシア,(リーフのいし),キレイハナ,(たいようのいし), , , , , , , , , , 
45,ナゾノクサ,クサイハナ,(Lv21),ラフレシア,(リーフのいし),キレイハナ,(たいようのいし), , , , , , , , , , 
46,パラス,パラセクト,(Lv24), , , , , , , , , , , , , , 
47,パラス,パラセクト,(Lv24), , , , , , , , , , , , , , 
48,コンパン,モルフォン,(Lv31), , , , , , , , , , , , , , 
49,コンパン,モルフォン,(Lv31), , , , , , , , , , , , , , 
50,ディグダ,ダグトリオ,(Lv26), , , , , , , , , , , , , , 
51,ディグダ,ダグトリオ,(Lv26), , , , , , , , , , , , , , 
52,ニャース,ペルシアン,(Lv28), , , , , , , , , , , , , , 
53,ニャース,ペルシアン,(Lv28), , , , , , , , , , , , , , 
54,コダック,ゴルダック,(Lv33), , , , , , , , , , , , , , 
55,コダック,ゴルダック,(Lv33), , , , , , , , , , , , , , 
56,マンキー,オコリザル,(Lv28), , , , , , , , , , , , , , 
57,マンキー,オコリザル,(Lv28), , , , , , , , , , , , , , 
58,ガーディ,ウインディ,(ほのおのいし), , , , , , , , , , , , , , 
59,ガーディ,ウインディ,(ほのおのいし), , , , , , , , , , , , , , 
60,ニョロモ,ニョロゾ,(Lv25),ニョロボン,(みずのいし),ニョロトノ,(おうじゃのしるし+通信交換), , , , , , , , , , 
61,ニョロモ,ニョロゾ,(Lv25),ニョロボン,(みずのいし),ニョロトノ,(おうじゃのしるし+通信交換), , , , , , , , , , 
62,ニョロモ,ニョロゾ,(Lv25),ニョロボン,(みずのいし),ニョロトノ,(おうじゃのしるし+通信交換), , , , , , , , , , 
63,ケーシィ,ユンゲラー,(Lv16),フーディン,(通信交換), , , , , , , , , , , , 
64,ケーシィ,ユンゲラー,(Lv16),フーディン,(通信交換), , , , , , , , , , , , 
65,ケーシィ,ユンゲラー,(Lv16),フーディン,(通信交換), , , , , , , , , , , , 
66,ワンリキー,ゴーリキー,(Lv28),カイリキー,(通信交換), , , , , , , , , , , , 
67,ワンリキー,ゴーリキー,(Lv28),カイリキー,(通信交換), , , , , , , , , , , , 
68,ワンリキー,ゴーリキー,(Lv28),カイリキー,(通信交換), , , , , , , , , , , , 
69,マダツボミ,ウツドン,(Lv21),ウツボット,(リーフのいし), , , , , , , , , , , , 
70,マダツボミ,ウツドン,(Lv21),ウツボット,(リーフのいし), , , , , , , , , , , , 
71,マダツボミ,ウツドン,(Lv21),ウツボット,(リーフのいし), , , , , , , , , , , , 
72,メノクラゲ,ドククラゲ,(Lv30), , , , , , , , , , , , , , 
73,メノクラゲ,ドククラゲ,(Lv30), , , , , , , , , , , , , , 
74,イシツブテ,ゴローン,(Lv25),ゴローニャ,(通信交換), , , , , , , , , , , , 
75,イシツブテ,ゴローン,(Lv25),ゴローニャ,(通信交換), , , , , , , , , , , , 
76,イシツブテ,ゴローン,(Lv25),ゴローニャ,(通信交換), , , , , , , , , , , , 
77,ポニータ,ギャロップ,(Lv40), , , , , , , , , , , , , , 
78,ポニータ,ギャロップ,(Lv40), , , , , , , , , , , , , , 
79,ヤドン,ヤドラン,(Lv37),ヤドキング,(おうじゃのしるし+通信交換), , , , , , , , , , , , 
80,ヤドン,ヤドラン,(Lv37),ヤドキング,(おうじゃのしるし+通信交換), , , , , , , , , , , , 
81,コイル,レアコイル,(Lv30),ジバコイル,(テンガンざん、電気石の洞穴でレベルアップ), , , , , , , , , , , , 
82,コイル,レアコイル,(Lv30),ジバコイル,(テンガンざん、電気石の洞穴でレベルアップ), , , , , , , , , , , , 
84,ドードー,ドードリオ,(Lv31), , , , , , , , , , , , , , 
85,ドードー,ドードリオ,(Lv31), , , , , , , , , , , , , , 
86,パウワウ,ジュゴン,(Lv34), , , , , , , , , , , , , , 
87,パウワウ,ジュゴン,(Lv34), , , , , , , , , , , , , , 
88,ベトベター,ベトベトン,(Lv38), , , , , , , , , , , , , , 
89,ベトベター,ベトベトン,(Lv38), , , , , , , , , , , , , , 
90,シェルダー,パルシェン,(みずのいし), , , , , , , , , , , , , , 
91,シェルダー,パルシェン,(みずのいし), , , , , , , , , , , , , , 
92,ゴース,ゴースト,(Lv25),ゲンガー,(通信交換), , , , , , , , , , , , 
93,ゴース,ゴースト,(Lv25),ゲンガー,(通信交換), , , , , , , , , , , , 
94,ゴース,ゴースト,(Lv25),ゲンガー,(通信交換), , , , , , , , , , , , 
95,イワーク,ハガネール,(メタルコート+通信交換), , , , , , , , , , , , , , 
96,スリープ,スリーパー,(Lv26), , , , , , , , , , , , , , 
97,スリープ,スリーパー,(Lv26), , , , , , , , , , , , , , 
98,クラブ,キングラー,(Lv28), , , , , , , , , , , , , , 
99,クラブ,キングラー,(Lv28), , , , , , , , , , , , , , 
100,ビリリダマ,マルマイン,(Lv30), , , , , , , , , , , , , , 
101,ビリリダマ,マルマイン,(Lv30), , , , , , , , , , , , , , 
102,タマタマ,ナッシー,(リーフのいし), , , , , , , , , , , , , , 
103,タマタマ,ナッシー,(リーフのいし), , , , , , , , , , , , , , 
104,カラカラ,ガラガラ,(Lv28), , , , , , , , , , , , , , 
105,カラカラ,ガラガラ,(Lv28), , , , , , , , , , , , , , 
106,バルキー,サワムラー,(Lv20 こうげき＞ぼうぎょ),エビワラー,(Lv20 こうげき＜ぼうぎょ),カポエラー,(Lv20 こうげき＝ぼうぎょ), , , , , , , , , , 
107,バルキー,サワムラー,(Lv20 こうげき＞ぼうぎょ),エビワラー,(Lv20 こうげき＜ぼうぎょ),カポエラー,(Lv20 こうげき＝ぼうぎょ), , , , , , , , , , 
108,ベロリンガ,ベロベルト,(ころがるを覚えた状態でレベルアップ), , , , , , , , , , , , , , 
109,ドガース,マタドガス,(Lv35), , , , , , , , , , , , , , 
110,ドガース,マタドガス,(Lv35), , , , , , , , , , , , , , 
111,サイホーン,サイドン,(Lv42),ドサイドン,(プロテクター+通信交換), , , , , , , , , , , , 
112,サイホーン,サイドン,(Lv42),ドサイドン,(プロテクター+通信交換), , , , , , , , , , , , 
113,ピンプク,ラッキー,(まんまるいしを持たせて昼にレベルアップ),ハピナス,(なつき), , , , , , , , , , , , 
114,モンジャラ,モジャンボ,(げんしのちからを覚えた状態でレベルアップ), , , , , , , , , , , , , , 
116,タッツー,シードラ,(Lv32),キングドラ,(りゅうのウロコ+通信交換), , , , , , , , , , , , 
117,タッツー,シードラ,(Lv32),キングドラ,(りゅうのウロコ+通信交換), , , , , , , , , , , , 
118,トサキント,アズマオウ,(Lv33), , , , , , , , , , , , , , 
119,トサキント,アズマオウ,(Lv33), , , , , , , , , , , , , , 
120,ヒトデマン,スターミー,(みずのいし), , , , , , , , , , , , , , 
121,ヒトデマン,スターミー,(みずのいし), , , , , , , , , , , , , , 
122,マネネ,バリヤード,(ものまね+レベルアップ), , , , , , , , , , , , , , 
123,ストライク,ハッサム,(メタルコート+通信交換), , , , , , , , , , , , , , 
124,ムチュール,ルージュラ,(Lv30), , , , , , , , , , , , , , 
125,エレキッド,エレブー,(Lv30),エレキブル,(エレキブースター+通信交換), , , , , , , , , , , , 
126,ブビィ,ブーバー,(Lv30),ブーバーン,(マグマブースター+通信交換), , , , , , , , , , , , 
129,コイキング,ギャラドス,(Lv20), , , , , , , , , , , , , , 
130,コイキング,ギャラドス,(Lv20), , , , , , , , , , , , , , 
133,イーブイ,シャワーズ,(みずのいし),サンダース,(かみなりのいし),ブースター,(ほのおのいし),エーフィ,(なつき・昼),ブラッキー,(なつき・夜),リーフィア,(迷いの森のこけがついた岩のまわりでレベルアップ),グレイシア,(フロストケイブの氷の岩がある所でレベルアップ),ニンフィア,（ポケパルレで仲良し度3以上にしフェアリータイプの技を覚えさせる）
134,イーブイ,シャワーズ,(みずのいし),サンダース,(かみなりのいし),ブースター,(ほのおのいし),エーフィ,(なつき・昼),ブラッキー,(なつき・夜),リーフィア,(迷いの森のこけがついた岩のまわりでレベルアップ),グレイシア,(フロストケイブの氷の岩がある所でレベルアップ),ニンフィア,（ポケパルレで仲良し度3以上にしフェアリータイプの技を覚えさせる）
135,イーブイ,シャワーズ,(みずのいし),サンダース,(かみなりのいし),ブースター,(ほのおのいし),エーフィ,(なつき・昼),ブラッキー,(なつき・夜),リーフィア,(迷いの森のこけがついた岩のまわりでレベルアップ),グレイシア,(フロストケイブの氷の岩がある所でレベルアップ),ニンフィア,（ポケパルレで仲良し度3以上にしフェアリータイプの技を覚えさせる）
136,イーブイ,シャワーズ,(みずのいし),サンダース,(かみなりのいし),ブースター,(ほのおのいし),エーフィ,(なつき・昼),ブラッキー,(なつき・夜),リーフィア,(迷いの森のこけがついた岩のまわりでレベルアップ),グレイシア,(フロストケイブの氷の岩がある所でレベルアップ),ニンフィア,（ポケパルレで仲良し度3以上にしフェアリータイプの技を覚えさせる）
137,ポリゴン,ポリゴン2,(アップグレード+通信交換),ポリゴンZ,(あやしいパッチ+通信交換), , , , , , , , , , , , 
138,オムナイト,オムスター,(Lv40), , , , , , , , , , , , , , 
139,オムナイト,オムスター,(Lv40), , , , , , , , , , , , , , 
140,カブト,カブトプス,(Lv40), , , , , , , , , , , , , , 
141,カブト,カブトプス,(Lv40), , , , , , , , , , , , , , 
143,ゴンベ,カビゴン,(なつき), , , , , , , , , , , , , , 
147,ミニリュウ,ハクリュー,(Lv30),カイリュー,(Lv55), , , , , , , , , , , , 
148,ミニリュウ,ハクリュー,(Lv30),カイリュー,(Lv55), , , , , , , , , , , , 
149,ミニリュウ,ハクリュー,(Lv30),カイリュー,(Lv55), , , , , , , , , , , , 
152,チコリータ,ベイリーフ,(Lv16),メガニウム,(Lv32), , , , , , , , , , , , 
153,チコリータ,ベイリーフ,(Lv16),メガニウム,(Lv32), , , , , , , , , , , , 
154,チコリータ,ベイリーフ,(Lv16),メガニウム,(Lv32), , , , , , , , , , , , 
155,ヒノアラシ,マグマラシ,(Lv14),バクフーン,(Lv36), , , , , , , , , , , , 
156,ヒノアラシ,マグマラシ,(Lv14),バクフーン,(Lv36), , , , , , , , , , , , 
157,ヒノアラシ,マグマラシ,(Lv14),バクフーン,(Lv36), , , , , , , , , , , , 
158,ワニノコ,アリゲイツ,(Lv18),オーダイル,(Lv30), , , , , , , , , , , , 
159,ワニノコ,アリゲイツ,(Lv18),オーダイル,(Lv30), , , , , , , , , , , , 
160,ワニノコ,アリゲイツ,(Lv18),オーダイル,(Lv30), , , , , , , , , , , , 
161,オタチ,オオタチ,(Lv15), , , , , , , , , , , , , , 
162,オタチ,オオタチ,(Lv15), , , , , , , , , , , , , , 
163,ホーホー,ヨルノズク,(Lv20), , , , , , , , , , , , , , 
164,ホーホー,ヨルノズク,(Lv20), , , , , , , , , , , , , , 
165,レディバ,レディアン,(Lv18), , , , , , , , , , , , , , 
166,レディバ,レディアン,(Lv18), , , , , , , , , , , , , , 
167,イトマル,アリアドス,(Lv22), , , , , , , , , , , , , , 
168,イトマル,アリアドス,(Lv22), , , , , , , , , , , , , , 
169,ズバット,ゴルバット,(Lv22),クロバット,(なつき), , , , , , , , , , , , 
170,チョンチー,ランターン,(Lv27), , , , , , , , , , , , , , 
171,チョンチー,ランターン,(Lv27), , , , , , , , , , , , , , 
172,ピチュー,ピカチュウ,(なつき),ライチュウ,(かみなりのいし), , , , , , , , , , , , 
173,ピィ,ピッピ,(なつき),ピクシー,(つきのいし), , , , , , , , , , , , 
174,ププリン,プリン,(なつき),プクリン,(つきのいし), , , , , , , , , , , , 
175,トゲピー,トゲチック,(なつき),トゲキッス,(ひかりのいし), , , , , , , , , , , , 
176,トゲピー,トゲチック,(なつき),トゲキッス,(ひかりのいし), , , , , , , , , , , , 
177,ネイティ,ネイティオ,(Lv25), , , , , , , , , , , , , , 
178,ネイティ,ネイティオ,(Lv25), , , , , , , , , , , , , , 
179,メリープ,モココ,(Lv15),デンリュウ,(Lv30), , , , , , , , , , , , 
180,メリープ,モココ,(Lv15),デンリュウ,(Lv30), , , , , , , , , , , , 
181,メリープ,モココ,(Lv15),デンリュウ,(Lv30), , , , , , , , , , , , 
182,ナゾノクサ,クサイハナ,(Lv21),ラフレシア,(リーフのいし),キレイハナ,(たいようのいし), , , , , , , , , , 
183,ルリリ,マリル,(なつき),マリルリ,(Lv18), , , , , , , , , , , , 
184,ルリリ,マリル,(なつき),マリルリ,(Lv18), , , , , , , , , , , , 
185,ウソハチ,ウソッキー,(ものまね+レベルアップ), , , , , , , , , , , , , , 
186,ニョロモ,ニョロゾ,(Lv25),ニョロボン,(みずのいし),ニョロトノ,(おうじゃのしるし+通信交換), , , , , , , , , , 
187,ハネッコ,ポポッコ,(Lv18),ワタッコ,(Lv27), , , , , , , , , , , , 
188,ハネッコ,ポポッコ,(Lv18),ワタッコ,(Lv27), , , , , , , , , , , , 
189,ハネッコ,ポポッコ,(Lv18),ワタッコ,(Lv27), , , , , , , , , , , , 
190,エイパム,エテボース,(ダブルアタックを覚えた状態でレベルアップ), , , , , , , , , , , , , , 
191,ヒマナッツ,キマワリ,(たいようのいし), , , , , , , , , , , , , , 
192,ヒマナッツ,キマワリ,(たいようのいし), , , , , , , , , , , , , , 
193,ヤンヤンマ,メガヤンマ,(げんしのちからを覚えた状態でレベルアップ), , , , , , , , , , , , , , 
194,ウパー,ヌオー,(Lv20), , , , , , , , , , , , , , 
195,ウパー,ヌオー,(Lv20), , , , , , , , , , , , , , 
196,イーブイ,シャワーズ,(みずのいし),サンダース,(かみなりのいし),ブースター,(ほのおのいし),エーフィ,(なつき・昼),ブラッキー,(なつき・夜),リーフィア,(迷いの森のこけがついた岩のまわりでレベルアップ),グレイシア,(フロストケイブの氷の岩がある所でレベルアップ),ニンフィア,（ポケパルレで仲良し度3以上にしフェアリータイプの技を覚えさせる）
197,イーブイ,シャワーズ,(みずのいし),サンダース,(かみなりのいし),ブースター,(ほのおのいし),エーフィ,(なつき・昼),ブラッキー,(なつき・夜),リーフィア,(迷いの森のこけがついた岩のまわりでレベルアップ),グレイシア,(フロストケイブの氷の岩がある所でレベルアップ),ニンフィア,（ポケパルレで仲良し度3以上にしフェアリータイプの技を覚えさせる）
198,ヤミカラス,ドンカラス,(やみのいし), , , , , , , , , , , , , , 
199,ヤドン,ヤドラン,(Lv37),ヤドキング,(おうじゃのしるし+通信交換), , , , , , , , , , , , 
200,ムウマ,ムウマージ,(やみのいし), , , , , , , , , , , , , , 
202,ソーナノ,ソーナンス,(Lv15), , , , , , , , , , , , , , 
204,クヌギダマ,フォレトス,(Lv31), , , , , , , , , , , , , , 
205,クヌギダマ,フォレトス,(Lv31), , , , , , , , , , , , , , 
207,グライガー,グライオン,(するどいキバを持たせて夜にレベルアップ), , , , , , , , , , , , , , 
208,イワーク,ハガネール,(メタルコート+通信交換), , , , , , , , , , , , , , 
209,ブルー,グランブル,(Lv23), , , , , , , , , , , , , , 
210,ブルー,グランブル,(Lv23), , , , , , , , , , , , , , 
212,ストライク,ハッサム,(メタルコート+通信交換), , , , , , , , , , , , , , 
215,ニューラ,マニューラ,(するどいツメを持たせて夜にレベルアップ), , , , , , , , , , , , , , 
216,ヒメグマ,リングマ,(Lv30), , , , , , , , , , , , , , 
217,ヒメグマ,リングマ,(Lv30), , , , , , , , , , , , , , 
218,マグマッグ,マグカルゴ,(Lv38), , , , , , , , , , , , , , 
219,マグマッグ,マグカルゴ,(Lv38), , , , , , , , , , , , , , 
220,ウリムー,イノムー,(Lv33),マンムー,(げんしのちからを覚えた状態でレベルアップ), , , , , , , , , , , , 
221,ウリムー,イノムー,(Lv33),マンムー,(げんしのちからを覚えた状態でレベルアップ), , , , , , , , , , , , 
223,テッポウオ,オクタン,(Lv25), , , , , , , , , , , , , , 
224,テッポウオ,オクタン,(Lv25), , , , , , , , , , , , , , 
226,タマンタ,マンタイン,(手持ちにテッポウオ), , , , , , , , , , , , , , 
228,デルビル,ヘルガー,(Lv24), , , , , , , , , , , , , , 
229,デルビル,ヘルガー,(Lv24), , , , , , , , , , , , , , 
230,タッツー,シードラ,(Lv32),キングドラ,(りゅうのウロコ+通信交換), , , , , , , , , , , , 
231,ゴマゾウ,ドンファン,(Lv25), , , , , , , , , , , , , , 
232,ゴマゾウ,ドンファン,(Lv25), , , , , , , , , , , , , , 
233,ポリゴン,ポリゴン2,(アップグレード+通信交換),ポリゴンZ,(あやしいパッチ+通信交換), , , , , , , , , , , , 
236,バルキー,サワムラー,(Lv20 こうげき＞ぼうぎょ),エビワラー,(Lv20 こうげき＜ぼうぎょ),カポエラー,(Lv20 こうげき＝ぼうぎょ), , , , , , , , , , 
237,バルキー,サワムラー,(Lv20 こうげき＞ぼうぎょ),エビワラー,(Lv20 こうげき＜ぼうぎょ),カポエラー,(Lv20 こうげき＝ぼうぎょ), , , , , , , , , , 
238,ムチュール,ルージュラ,(Lv30), , , , , , , , , , , , , , 
239,エレキッド,エレブー,(Lv30),エレキブル,(エレキブースター+通信交換), , , , , , , , , , , , 
240,ブビィ,ブーバー,(Lv30),ブーバーン,(マグマブースター+通信交換), , , , , , , , , , , , 
242,ピンプク,ラッキー,(まんまるいしを持たせて昼にレベルアップ),ハピナス,(なつき), , , , , , , , , , , , 
246,ヨーギラス,サナギラス,(Lv30),バンギラス,(Lv55), , , , , , , , , , , , 
247,ヨーギラス,サナギラス,(Lv30),バンギラス,(Lv55), , , , , , , , , , , , 
248,ヨーギラス,サナギラス,(Lv30),バンギラス,(Lv55), , , , , , , , , , , , 
252,キモリ,ジュプトル,(Lv16),ジュカイン,(Lv36), , , , , , , , , , , , 
253,キモリ,ジュプトル,(Lv16),ジュカイン,(Lv36), , , , , , , , , , , , 
254,キモリ,ジュプトル,(Lv16),ジュカイン,(Lv36), , , , , , , , , , , , 
255,アチャモ,ワカシャモ,(Lv16),バシャーモ,(Lv36), , , , , , , , , , , , 
256,アチャモ,ワカシャモ,(Lv16),バシャーモ,(Lv36), , , , , , , , , , , , 
257,アチャモ,ワカシャモ,(Lv16),バシャーモ,(Lv36), , , , , , , , , , , , 
258,ミズゴロウ,ヌマクロー,(Lv16),ラグラージ,(Lv36), , , , , , , , , , , , 
259,ミズゴロウ,ヌマクロー,(Lv16),ラグラージ,(Lv36), , , , , , , , , , , , 
260,ミズゴロウ,ヌマクロー,(Lv16),ラグラージ,(Lv36), , , , , , , , , , , , 
261,ポチエナ,グラエナ,(Lv18), , , , , , , , , , , , , , 
262,ポチエナ,グラエナ,(Lv18), , , , , , , , , , , , , , 
263,ジグザグマ,マッスグマ,(Lv20), , , , , , , , , , , , , , 
264,ジグザグマ,マッスグマ,(Lv20), , , , , , , , , , , , , , 
265,ケムッソ,カラサリス,(Lv7ランダム),アゲハント,(Lv10),マユルド,(Lv7ランダム),ドクケイル,(Lv10), , , , , , , , 
266,ケムッソ,カラサリス,(Lv7ランダム),アゲハント,(Lv10),マユルド,(Lv7ランダム),ドクケイル,(Lv10), , , , , , , , 
267,ケムッソ,カラサリス,(Lv7ランダム),アゲハント,(Lv10),マユルド,(Lv7ランダム),ドクケイル,(Lv10), , , , , , , , 
268,ケムッソ,カラサリス,(Lv7ランダム),アゲハント,(Lv10),マユルド,(Lv7ランダム),ドクケイル,(Lv10), , , , , , , , 
269,ケムッソ,カラサリス,(Lv7ランダム),アゲハント,(Lv10),マユルド,(Lv7ランダム),ドクケイル,(Lv10), , , , , , , , 
270,ハスボー,ハスブレロ,(Lv14),ルンパッパ,(みずのいし), , , , , , , , , , , , 
271,ハスボー,ハスブレロ,(Lv14),ルンパッパ,(みずのいし), , , , , , , , , , , , 
272,ハスボー,ハスブレロ,(Lv14),ルンパッパ,(みずのいし), , , , , , , , , , , , 
273,タネボー,コノハナ,(Lv14),ダーテング,(リーフのいし), , , , , , , , , , , , 
274,タネボー,コノハナ,(Lv14),ダーテング,(リーフのいし), , , , , , , , , , , , 
275,タネボー,コノハナ,(Lv14),ダーテング,(リーフのいし), , , , , , , , , , , , 
276,スバメ,オオスバメ,(Lv22), , , , , , , , , , , , , , 
277,スバメ,オオスバメ,(Lv22), , , , , , , , , , , , , , 
278,キャモメ,ペリッパー,(Lv25), , , , , , , , , , , , , , 
279,キャモメ,ペリッパー,(Lv25), , , , , , , , , , , , , , 
280,ラルトス,キルリア,(Lv20),サーナイト,(Lv30),エルレイド,(♂のキルリアにめざめいし), , , , , , , , , , 
281,ラルトス,キルリア,(Lv20),サーナイト,(Lv30),エルレイド,(♂のキルリアにめざめいし), , , , , , , , , , 
282,ラルトス,キルリア,(Lv20),サーナイト,(Lv30),エルレイド,(♂のキルリアにめざめいし), , , , , , , , , , 
283,アメタマ,アメモース,(Lv22), , , , , , , , , , , , , , 
284,アメタマ,アメモース,(Lv22), , , , , , , , , , , , , , 
285,キノココ,キノガッサ,(Lv23), , , , , , , , , , , , , , 
286,キノココ,キノガッサ,(Lv23), , , , , , , , , , , , , , 
287,ナマケロ,ヤルキモノ,(Lv18),ケッキング,(Lv36), , , , , , , , , , , , 
288,ナマケロ,ヤルキモノ,(Lv18),ケッキング,(Lv36), , , , , , , , , , , , 
289,ナマケロ,ヤルキモノ,(Lv18),ケッキング,(Lv36), , , , , , , , , , , , 
290,ツチニン,テッカニン,(Lv20),ヌケニン,(Lv20テッカニンに進化した際、手持ちに空きがあれば追加), , , , , , , , , , , , 
291,ツチニン,テッカニン,(Lv20),ヌケニン,(Lv20テッカニンに進化した際、手持ちに空きがあれば追加), , , , , , , , , , , , 
292,ツチニン,テッカニン,(Lv20),ヌケニン,(Lv20テッカニンに進化した際、手持ちに空きがあれば追加), , , , , , , , , , , , 
293,ゴニョニョ,ドゴーム,(Lv20),バクオング,(Lv40), , , , , , , , , , , , 
294,ゴニョニョ,ドゴーム,(Lv20),バクオング,(Lv40), , , , , , , , , , , , 
295,ゴニョニョ,ドゴーム,(Lv20),バクオング,(Lv40), , , , , , , , , , , , 
296,マクノシタ,ハリテヤマ,(Lv24), , , , , , , , , , , , , , 
297,マクノシタ,ハリテヤマ,(Lv24), , , , , , , , , , , , , , 
298,ルリリ,マリル,(なつき),マリルリ,(Lv18), , , , , , , , , , , , 
299,ノズパス,ダイノーズ,(でんきいしのほらあなでレベルアップ), , , , , , , , , , , , , , 
300,エネコ,エネコロロ,(つきのいし), , , , , , , , , , , , , , 
301,エネコ,エネコロロ,(つきのいし), , , , , , , , , , , , , , 
304,ココドラ,コドラ,(Lv32),ボスゴドラ,(Lv42), , , , , , , , , , , , 
305,ココドラ,コドラ,(Lv32),ボスゴドラ,(Lv42), , , , , , , , , , , , 
306,ココドラ,コドラ,(Lv32),ボスゴドラ,(Lv42), , , , , , , , , , , , 
307,アサナン,チャーレム,(Lv37), , , , , , , , , , , , , , 
308,アサナン,チャーレム,(Lv37), , , , , , , , , , , , , , 
309,ラクライ,ライボルト,(Lv26), , , , , , , , , , , , , , 
310,ラクライ,ライボルト,(Lv26), , , , , , , , , , , , , , 
315,スボミー,ロゼリア,(なつき・昼),ロズレイド,(ひかりのいし), , , , , , , , , , , , 
316,ゴクリン,マルノーム,(Lv26), , , , , , , , , , , , , , 
317,ゴクリン,マルノーム,(Lv26), , , , , , , , , , , , , , 
318,キバニア,サメハダー,(Lv30), , , , , , , , , , , , , , 
319,キバニア,サメハダー,(Lv30), , , , , , , , , , , , , , 
320,ホエルコ,ホエルオー,(Lv40), , , , , , , , , , , , , , 
321,ホエルコ,ホエルオー,(Lv40), , , , , , , , , , , , , , 
322,ドンメル,バクーダ,(Lv33), , , , , , , , , , , , , , 
323,ドンメル,バクーダ,(Lv33), , , , , , , , , , , , , , 
325,バネブー,ブーピッグ,(Lv32), , , , , , , , , , , , , , 
326,バネブー,ブーピッグ,(Lv32), , , , , , , , , , , , , , 
328,ナックラー,ビブラーバ,(Lv35),フライゴン,(Lv45), , , , , , , , , , , , 
329,ナックラー,ビブラーバ,(Lv35),フライゴン,(Lv45), , , , , , , , , , , , 
330,ナックラー,ビブラーバ,(Lv35),フライゴン,(Lv45), , , , , , , , , , , , 
331,サボネア,ノクタス,(Lv32), , , , , , , , , , , , , , 
332,サボネア,ノクタス,(Lv32), , , , , , , , , , , , , , 
333,チルット,チルタリス,(Lv35), , , , , , , , , , , , , , 
334,チルット,チルタリス,(Lv35), , , , , , , , , , , , , , 
339,ドジョッチ,ナマズン,(Lv30), , , , , , , , , , , , , , 
340,ドジョッチ,ナマズン,(Lv30), , , , , , , , , , , , , , 
341,ヘイガニ,シザリガー,(Lv30), , , , , , , , , , , , , , 
342,ヘイガニ,シザリガー,(Lv30), , , , , , , , , , , , , , 
343,ヤジロン,ネンドール,(Lv36), , , , , , , , , , , , , , 
344,ヤジロン,ネンドール,(Lv36), , , , , , , , , , , , , , 
345,リリーラ,ユレイドル,(Lv40), , , , , , , , , , , , , , 
346,リリーラ,ユレイドル,(Lv40), , , , , , , , , , , , , , 
347,アノプス,アーマルド,(Lv40), , , , , , , , , , , , , , 
348,アノプス,アーマルド,(Lv40), , , , , , , , , , , , , , 
349,ヒンバス,ミロカロス,(きれいなウロコ+通信交換), , , , , , , , , , , , , , 
350,ヒンバス,ミロカロス,(きれいなウロコ+通信交換), , , , , , , , , , , , , , 
353,カゲボウズ,ジュペッタ,(Lv37), , , , , , , , , , , , , , 
354,カゲボウズ,ジュペッタ,(Lv37), , , , , , , , , , , , , , 
355,ヨマワル,サマヨール,(Lv37),ヨノワール,(れいかいのぬの+通信交換), , , , , , , , , , , , 
356,ヨマワル,サマヨール,(Lv37),ヨノワール,(れいかいのぬの+通信交換), , , , , , , , , , , , 
358,リーシャン,チリーン,(なつき・夜), , , , , , , , , , , , , , 
360,ソーナノ,ソーナンス,(Lv15), , , , , , , , , , , , , , 
361,ユキワラシ,オニゴーリ,(Lv42),ユキメノコ,(♀のユキワラシにめざめいし), , , , , , , , , , , , 
362,ユキワラシ,オニゴーリ,(Lv42),ユキメノコ,(♀のユキワラシにめざめいし), , , , , , , , , , , , 
363,タマザラシ,トドグラー,(Lv32),トドゼルガ,(Lv44), , , , , , , , , , , , 
364,タマザラシ,トドグラー,(Lv32),トドゼルガ,(Lv44), , , , , , , , , , , , 
365,タマザラシ,トドグラー,(Lv32),トドゼルガ,(Lv44), , , , , , , , , , , , 
366,パールル,ハンテール,(しんかいのキバ+通信交換),サクラビス,(しんかいのウロコ+通信交換), , , , , , , , , , , , 
367,パールル,ハンテール,(しんかいのキバ+通信交換),サクラビス,(しんかいのウロコ+通信交換), , , , , , , , , , , , 
368,パールル,ハンテール,(しんかいのキバ+通信交換),サクラビス,(しんかいのウロコ+通信交換), , , , , , , , , , , , 
371,タツベイ,コモルー,(Lv30),ボーマンダ,(Lv50), , , , , , , , , , , , 
372,タツベイ,コモルー,(Lv30),ボーマンダ,(Lv50), , , , , , , , , , , , 
373,タツベイ,コモルー,(Lv30),ボーマンダ,(Lv50), , , , , , , , , , , , 
374,ダンバル,メタング,(Lv20),メタグロス,(Lv45), , , , , , , , , , , , 
375,ダンバル,メタング,(Lv20),メタグロス,(Lv45), , , , , , , , , , , , 
376,ダンバル,メタング,(Lv20),メタグロス,(Lv45), , , , , , , , , , , , 
387,ナエトル,ハヤシガメ,(Lv18),ドダイトス,(Lv32), , , , , , , , , , , , 
388,ナエトル,ハヤシガメ,(Lv18),ドダイトス,(Lv32), , , , , , , , , , , , 
389,ナエトル,ハヤシガメ,(Lv18),ドダイトス,(Lv32), , , , , , , , , , , , 
390,ヒコザル,モウカザル,(Lv14),ゴウカザル,(Lv36), , , , , , , , , , , , 
391,ヒコザル,モウカザル,(Lv14),ゴウカザル,(Lv36), , , , , , , , , , , , 
392,ヒコザル,モウカザル,(Lv14),ゴウカザル,(Lv36), , , , , , , , , , , , 
393,ポッチャマ,ポッタイシ,(Lv16),エンペルト,(Lv36), , , , , , , , , , , , 
394,ポッチャマ,ポッタイシ,(Lv16),エンペルト,(Lv36), , , , , , , , , , , , 
395,ポッチャマ,ポッタイシ,(Lv16),エンペルト,(Lv36), , , , , , , , , , , , 
396,ムックル,ムクバード,(Lv14),ムクホーク,(Lv34), , , , , , , , , , , , 
397,ムックル,ムクバード,(Lv14),ムクホーク,(Lv34), , , , , , , , , , , , 
398,ムックル,ムクバード,(Lv14),ムクホーク,(Lv34), , , , , , , , , , , , 
399,ビッパ,ビーダル,(Lv15), , , , , , , , , , , , , , 
400,ビッパ,ビーダル,(Lv15), , , , , , , , , , , , , , 
401,コロボーシ,コロトック,(Lv10), , , , , , , , , , , , , , 
402,コロボーシ,コロトック,(Lv10), , , , , , , , , , , , , , 
403,コリンク,ルクシオ,(Lv15),レントラー,(Lv30), , , , , , , , , , , , 
404,コリンク,ルクシオ,(Lv15),レントラー,(Lv30), , , , , , , , , , , , 
405,コリンク,ルクシオ,(Lv15),レントラー,(Lv30), , , , , , , , , , , , 
406,スボミー,ロゼリア,(なつき・昼),ロズレイド,(ひかりのいし), , , , , , , , , , , , 
407,スボミー,ロゼリア,(なつき・昼),ロズレイド,(ひかりのいし), , , , , , , , , , , , 
408,ズガイドス,ラムパルド,(Lv30), , , , , , , , , , , , , , 
409,ズガイドス,ラムパルド,(Lv30), , , , , , , , , , , , , , 
410,タテトプス,トリデプス,(Lv30), , , , , , , , , , , , , , 
411,タテトプス,トリデプス,(Lv30), , , , , , , , , , , , , , 
412,ミノムッチ,ミノマダム,(くさきのミノLv20 草むらなど♀のみ),ミノマダム,(すなちのミノ Lv20 砂漠など♀のみ),ミノマダム,(ゴミのミノ Lv20 建物内など ♀のみ),ガーメイル,(Lv20 ♂のみ), , , , , , , , 
413,ミノムッチ,ミノマダム,(くさきのミノLv20 草むらなど♀のみ),ミノマダム,(すなちのミノ Lv20 砂漠など♀のみ),ミノマダム,(ゴミのミノ Lv20 建物内など ♀のみ),ガーメイル,(Lv20 ♂のみ), , , , , , , , 
414,ミノムッチ,ミノマダム,(くさきのミノLv20 草むらなど♀のみ),ミノマダム,(すなちのミノ Lv20 砂漠など♀のみ),ミノマダム,(ゴミのミノ Lv20 建物内など ♀のみ),ガーメイル,(Lv20 ♂のみ), , , , , , , , 
415,ミツハニー,ビークイン,(Lv21♀のみ), , , , , , , , , , , , , , 
416,ミツハニー,ビークイン,(Lv21♀のみ), , , , , , , , , , , , , , 
418,ブイゼル,フローゼル,(Lv26), , , , , , , , , , , , , , 
419,ブイゼル,フローゼル,(Lv26), , , , , , , , , , , , , , 
420,チェリンボ,チェリム,(Lv25), , , , , , , , , , , , , , 
421,チェリンボ,チェリム,(Lv25), , , , , , , , , , , , , , 
422,カラナクシ,トリトドン,(Lv30), , , , , , , , , , , , , , 
423,カラナクシ,トリトドン,(Lv30), , , , , , , , , , , , , , 
424,エイパム,エテボース,(ダブルアタックを覚えた状態でレベルアップ), , , , , , , , , , , , , , 
425,フワンテ,フワライド,(Lv28), , , , , , , , , , , , , , 
426,フワンテ,フワライド,(Lv28), , , , , , , , , , , , , , 
427,ミミロル,ミミロップ,(なつき), , , , , , , , , , , , , , 
428,ミミロル,ミミロップ,(なつき), , , , , , , , , , , , , , 
429,ムウマ,ムウマージ,(やみのいし), , , , , , , , , , , , , , 
430,ヤミカラス,ドンカラス,(やみのいし), , , , , , , , , , , , , , 
431,ニャルマー,ブニャット,(Lv38), , , , , , , , , , , , , , 
432,ニャルマー,ブニャット,(Lv38), , , , , , , , , , , , , , 
433,リーシャン,チリーン,(なつき・夜), , , , , , , , , , , , , , 
434,スカンプー,スカタンク,(Lv34), , , , , , , , , , , , , , 
435,スカンプー,スカタンク,(Lv34), , , , , , , , , , , , , , 
436,ドーミラー,ドータクン,(Lv33), , , , , , , , , , , , , , 
437,ドーミラー,ドータクン,(Lv33), , , , , , , , , , , , , , 
438,ウソハチ,ウソッキー,(ものまね+レベルアップ), , , , , , , , , , , , , , 
439,マネネ,バリヤード,(ものまね+レベルアップ), , , , , , , , , , , , , , 
440,ピンプク,ラッキー,(まんまるいしを持たせて昼にレベルアップ),ハピナス,(なつき), , , , , , , , , , , , 
443,フカマル,ガバイト,(Lv24),ガブリアス,(Lv48), , , , , , , , , , , , 
444,フカマル,ガバイト,(Lv24),ガブリアス,(Lv48), , , , , , , , , , , , 
445,フカマル,ガバイト,(Lv24),ガブリアス,(Lv48), , , , , , , , , , , , 
446,ゴンベ,カビゴン,(なつき), , , , , , , , , , , , , , 
447,リオル,ルカリオ,(なつき・昼), , , , , , , , , , , , , , 
448,リオル,ルカリオ,(なつき・昼), , , , , , , , , , , , , , 
449,ヒポポタス,カバルドン,(Lv34), , , , , , , , , , , , , , 
450,ヒポポタス,カバルドン,(Lv34), , , , , , , , , , , , , , 
451,スコルピ,ドラピオン,(Lv40), , , , , , , , , , , , , , 
452,スコルピ,ドラピオン,(Lv40), , , , , , , , , , , , , , 
453,グレッグル,ドクロッグ,(Lv37), , , , , , , , , , , , , , 
454,グレッグル,ドクロッグ,(Lv37), , , , , , , , , , , , , , 
456,ケイコウオ,ネオラント,(Lv31), , , , , , , , , , , , , , 
457,ケイコウオ,ネオラント,(Lv31), , , , , , , , , , , , , , 
458,タマンタ,マンタイン,(手持ちに,テッポウオ,), , , , , , , , , , , , 
459,ユキカブリ,ユキノオー,(Lv40), , , , , , , , , , , , , , 
460,ユキカブリ,ユキノオー,(Lv40), , , , , , , , , , , , , , 
461,ニューラ,マニューラ,(するどいツメを持たせて夜にレベルアップ), , , , , , , , , , , , , , 
462,コイル,レアコイル,(Lv30),ジバコイル,(テンガンざん、電気石の洞穴でレベルアップ), , , , , , , , , , , , 
463,ベロリンガ,ベロベルト,(ころがるを覚えた状態でレベルアップ), , , , , , , , , , , , , , 
464,サイホーン,サイドン,(Lv42),ドサイドン,(プロテクター+通信交換), , , , , , , , , , , , 
465,モンジャラ,モジャンボ,(げんしのちからを覚えた状態でレベルアップ), , , , , , , , , , , , , , 
466,エレキッド,エレブー,(Lv30),エレキブル,(エレキブースター+通信交換), , , , , , , , , , , , 
467,ブビィ,ブーバー,(Lv30),ブーバーン,(マグマブースター+通信交換), , , , , , , , , , , , 
468,トゲピー,トゲチック,(なつき),トゲキッス,(ひかりのいし), , , , , , , , , , , , 
469,ヤンヤンマ,メガヤンマ,(げんしのちからを覚えた状態でレベルアップ), , , , , , , , , , , , , , 
470,イーブイ,シャワーズ,(みずのいし),サンダース,(かみなりのいし),ブースター,(ほのおのいし),エーフィ,(なつき・昼),ブラッキー,(なつき・夜),リーフィア,(迷いの森のこけがついた岩のまわりでレベルアップ),グレイシア,(フロストケイブの氷の岩がある所でレベルアップ),ニンフィア,（ポケパルレで仲良し度3以上にしフェアリータイプの技を覚えさせる）
471,イーブイ,シャワーズ,(みずのいし),サンダース,(かみなりのいし),ブースター,(ほのおのいし),エーフィ,(なつき・昼),ブラッキー,(なつき・夜),リーフィア,(迷いの森のこけがついた岩のまわりでレベルアップ),グレイシア,(フロストケイブの氷の岩がある所でレベルアップ),ニンフィア,（ポケパルレで仲良し度3以上にしフェアリータイプの技を覚えさせる）
472,グライガー,グライオン,(するどいキバを持たせて夜にレベルアップ), , , , , , , , , , , , , , 
473,イノムー,マンムー,げんしのちからを覚えさせてレベルアップ, , , , , , , , , , , , , , 
474,ポリゴン,ポリゴン2,(アップグレード+通信交換),ポリゴンZ,(あやしいパッチ+通信交換), , , , , , , , , , , , 
475,ラルトス,キルリア,(Lv20),サーナイト,(Lv30),エルレイド,(♂のキルリアにめざめいし), , , , , , , , , , 
476,ノズパス,ダイノーズ,(でんきいしのほらあなでレベルアップ), , , , , , , , , , , , , , 
477,ヨマワル,サマヨール,(Lv37),ヨノワール,(れいかいのぬの+通信交換), , , , , , , , , , , , 
478,ユキワラシ,オニゴーリ,(Lv42),ユキメノコ,(♀のユキワラシにめざめいし), , , , , , , , , , , , 
495,ツタージャ,ジャノビー,(Lv17),ジャローダ,(Lv36), , , , , , , , , , , , 
496,ツタージャ,ジャノビー,(Lv17),ジャローダ,(Lv36), , , , , , , , , , , , 
497,ツタージャ,ジャノビー,(Lv17),ジャローダ,(Lv36), , , , , , , , , , , , 
498,ポカブ,チャオブー,(Lv17),エンブオー,(Lv36), , , , , , , , , , , , 
499,ポカブ,チャオブー,(Lv17),エンブオー,(Lv36), , , , , , , , , , , , 
500,ポカブ,チャオブー,(Lv17),エンブオー,(Lv36), , , , , , , , , , , , 
501,ミジュマル,フタチマル,(Lv17),ダイケンキ,(Lv36), , , , , , , , , , , , 
502,ミジュマル,フタチマル,(Lv17),ダイケンキ,(Lv36), , , , , , , , , , , , 
503,ミジュマル,フタチマル,(Lv17),ダイケンキ,(Lv36), , , , , , , , , , , , 
504,ミネズミ,ミルホッグ,(Lv20), , , , , , , , , , , , , , 
505,ミネズミ,ミルホッグ,(Lv20), , , , , , , , , , , , , , 
506,ヨーテリー,ハーデリア,(Lv16),ムーランド,(Lv32), , , , , , , , , , , , 
507,ヨーテリー,ハーデリア,(Lv16),ムーランド,(Lv32), , , , , , , , , , , , 
508,ヨーテリー,ハーデリア,(Lv16),ムーランド,(Lv32), , , , , , , , , , , , 
509,チョロネコ,レパルダス,(Lv20), , , , , , , , , , , , , , 
510,チョロネコ,レパルダス,(Lv20), , , , , , , , , , , , , , 
511,ヤナップ,ヤナッキー,(リーフのいし), , , , , , , , , , , , , , 
512,ヤナップ,ヤナッキー,(リーフのいし), , , , , , , , , , , , , , 
513,バオップ,バオッキー,(ほのおのいし), , , , , , , , , , , , , , 
514,バオップ,バオッキー,(ほのおのいし), , , , , , , , , , , , , , 
515,ヒヤップ,ヒヤッキー,(みずのいし), , , , , , , , , , , , , , 
516,ヒヤップ,ヒヤッキー,(みずのいし), , , , , , , , , , , , , , 
517,ムンナ,ムシャーナ,(つきのいし), , , , , , , , , , , , , , 
518,ムンナ,ムシャーナ,(つきのいし), , , , , , , , , , , , , , 
519,マメパト,ハトーボー,(Lv21),ケンホロウ,(Lv32), , , , , , , , , , , , 
520,マメパト,ハトーボー,(Lv21),ケンホロウ,(Lv32), , , , , , , , , , , , 
521,マメパト,ハトーボー,(Lv21),ケンホロウ,(Lv32), , , , , , , , , , , , 
522,シママ,ゼブライカ,(Lv27), , , , , , , , , , , , , , 
523,シママ,ゼブライカ,(Lv27), , , , , , , , , , , , , , 
524,ダンゴロ,ガントル,(Lv25),ギガイアス,(通信), , , , , , , , , , , , 
525,ダンゴロ,ガントル,(Lv25),ギガイアス,(通信), , , , , , , , , , , , 
526,ダンゴロ,ガントル,(Lv25),ギガイアス,(通信), , , , , , , , , , , , 
527,コロモリ,ココロモリ,(なつき), , , , , , , , , , , , , , 
528,コロモリ,ココロモリ,(なつき), , , , , , , , , , , , , , 
529,モグリュー,ドリュウズ,(Lv31), , , , , , , , , , , , , , 
530,モグリュー,ドリュウズ,(Lv31), , , , , , , , , , , , , , 
532,ドッコラー,ドテッコツ,(Lv25),ローブシン,(通信), , , , , , , , , , , , 
533,ドッコラー,ドテッコツ,(Lv25),ローブシン,(通信), , , , , , , , , , , , 
534,ドッコラー,ドテッコツ,(Lv25),ローブシン,(通信), , , , , , , , , , , , 
535,オタマロ,ガマガル,(Lv25),ガマゲロゲ,(Lv36), , , , , , , , , , , , 
536,オタマロ,ガマガル,(Lv25),ガマゲロゲ,(Lv36), , , , , , , , , , , , 
537,オタマロ,ガマガル,(Lv25),ガマゲロゲ,(Lv36), , , , , , , , , , , , 
540,クルミル,クルマユ,(LV20),ハハコモリ,(なつき), , , , , , , , , , , , 
541,クルミル,クルマユ,(LV20),ハハコモリ,(なつき), , , , , , , , , , , , 
542,クルミル,クルマユ,(LV20),ハハコモリ,(なつき), , , , , , , , , , , , 
543,フシデ,ホイーガ,(Lv22),ペンドラー,(Lv30), , , , , , , , , , , , 
544,フシデ,ホイーガ,(Lv22),ペンドラー,(Lv30), , , , , , , , , , , , 
545,フシデ,ホイーガ,(Lv22),ペンドラー,(Lv30), , , , , , , , , , , , 
546,モンメン,エルフーン,(たいようのいし), , , , , , , , , , , , , , 
547,モンメン,エルフーン,(たいようのいし), , , , , , , , , , , , , , 
548,チュリネ,ドレディア,(たいようのいし), , , , , , , , , , , , , , 
549,チュリネ,ドレディア,(たいようのいし), , , , , , , , , , , , , , 
551,メグロコ,ワルビル,(Lv29),ワルビアル,(Lv40), , , , , , , , , , , , 
552,メグロコ,ワルビル,(Lv29),ワルビアル,(Lv40), , , , , , , , , , , , 
553,メグロコ,ワルビル,(Lv29),ワルビアル,(Lv40), , , , , , , , , , , , 
554,ダルマッカ,ヒヒダルマ,(Lv35), , , , , , , , , , , , , , 
555,ダルマッカ,ヒヒダルマ,(Lv35), , , , , , , , , , , , , , 
557,イシズマイ,イワパレス,(Lv34), , , , , , , , , , , , , , 
558,イシズマイ,イワパレス,(Lv34), , , , , , , , , , , , , , 
559,ズルッグ,ズルズキン,(Lv39), , , , , , , , , , , , , , 
560,ズルッグ,ズルズキン,(Lv39), , , , , , , , , , , , , , 
562,デスマス,デスカーン,(Lv34), , , , , , , , , , , , , , 
563,デスマス,デスカーン,(Lv34), , , , , , , , , , , , , , 
564,プロトーガ,アバゴーラ,(Lv37), , , , , , , , , , , , , , 
565,プロトーガ,アバゴーラ,(Lv37), , , , , , , , , , , , , , 
566,アーケン,アーケオス,(Lv37), , , , , , , , , , , , , , 
567,アーケン,アーケオス,(Lv37), , , , , , , , , , , , , , 
568,ヤブクロン,ダストダス,(Lv36), , , , , , , , , , , , , , 
569,ヤブクロン,ダストダス,(Lv36), , , , , , , , , , , , , , 
570,ゾロア,ゾロアーク,(Lv30), , , , , , , , , , , , , , 
571,ゾロア,ゾロアーク,(Lv30), , , , , , , , , , , , , , 
572,チラーミィ,チラチーノ,(ひかりのいし), , , , , , , , , , , , , , 
573,チラーミィ,チラチーノ,(ひかりのいし), , , , , , , , , , , , , , 
574,ゴチム,ゴチミル,(Lv32),ゴチルゼル,(Lv41), , , , , , , , , , , , 
575,ゴチム,ゴチミル,(Lv32),ゴチルゼル,(Lv41), , , , , , , , , , , , 
576,ゴチム,ゴチミル,(Lv32),ゴチルゼル,(Lv41), , , , , , , , , , , , 
577,ユニラン,ダブラン,(Lv32),ランクルス,(Lv41), , , , , , , , , , , , 
578,ユニラン,ダブラン,(Lv32),ランクルス,(Lv41), , , , , , , , , , , , 
579,ユニラン,ダブラン,(Lv32),ランクルス,(Lv41), , , , , , , , , , , , 
580,コアルヒー,スワンナ,(Lv35), , , , , , , , , , , , , , 
581,コアルヒー,スワンナ,(Lv35), , , , , , , , , , , , , , 
582,バニプッチ,バニリッチ,(Lv35),バイバニラ,(Lv47), , , , , , , , , , , , 
583,バニプッチ,バニリッチ,(Lv35),バイバニラ,(Lv47), , , , , , , , , , , , 
584,バニプッチ,バニリッチ,(Lv35),バイバニラ,(Lv47), , , , , , , , , , , , 
585,シキジカ,メブキジカ,(Lv34), , , , , , , , , , , , , , 
586,シキジカ,メブキジカ,(Lv34), , , , , , , , , , , , , , 
588,カブルモ,シュバルゴ,(チョボマキと通信交換), , , , , , , , , , , , , , 
589,カブルモ,シュバルゴ,(チョボマキと通信交換), , , , , , , , , , , , , , 
590,タマゲタケ,モロバレル,(Lv39), , , , , , , , , , , , , , 
591,タマゲタケ,モロバレル,(Lv39), , , , , , , , , , , , , , 
592,プルリル,ブルンゲル,(Lv40), , , , , , , , , , , , , , 
593,プルリル,ブルンゲル,(Lv40), , , , , , , , , , , , , , 
595,バチュル,デンチュラ,(Lv36), , , , , , , , , , , , , , 
596,バチュル,デンチュラ,(Lv36), , , , , , , , , , , , , , 
597,テッシード,ナットレイ,(Lv40), , , , , , , , , , , , , , 
598,テッシード,ナットレイ,(Lv40), , , , , , , , , , , , , , 
599,ギアル,ギギアル,(LV38),ギギギアル,(Lv49), , , , , , , , , , , , 
600,ギアル,ギギアル,(LV38),ギギギアル,(Lv49), , , , , , , , , , , , 
601,ギアル,ギギアル,(LV38),ギギギアル,(Lv49), , , , , , , , , , , , 
602,シビシラス,シビビール,(Lv39),シビルドン,(かみなりのいし), , , , , , , , , , , , 
603,シビシラス,シビビール,(Lv39),シビルドン,(かみなりのいし), , , , , , , , , , , , 
604,シビシラス,シビビール,(Lv39),シビルドン,(かみなりのいし), , , , , , , , , , , , 
605,リグレー,オーベム,(Lv42), , , , , , , , , , , , , , 
606,リグレー,オーベム,(Lv42), , , , , , , , , , , , , , 
607,ヒトモシ,ランプラー,(Lv41),シャンデラ,(やみのいし), , , , , , , , , , , , 
608,ヒトモシ,ランプラー,(Lv41),シャンデラ,(やみのいし), , , , , , , , , , , , 
609,ヒトモシ,ランプラー,(Lv41),シャンデラ,(やみのいし), , , , , , , , , , , , 
610,キバゴ,オノンド,(Lv38),オノノクス,(Lv48), , , , , , , , , , , , 
611,キバゴ,オノンド,(Lv38),オノノクス,(Lv48), , , , , , , , , , , , 
612,キバゴ,オノンド,(Lv38),オノノクス,(Lv48), , , , , , , , , , , , 
613,クマシュン,ツンベアー,(Lv37), , , , , , , , , , , , , , 
614,クマシュン,ツンベアー,(Lv37), , , , , , , , , , , , , , 
616,チョボマキ,アギルダー,(カブルモと通信交換), , , , , , , , , , , , , , 
617,チョボマキ,アギルダー,(カブルモと通信交換), , , , , , , , , , , , , , 
619,コジョフー,コジョンド,(Lv50), , , , , , , , , , , , , , 
620,コジョフー,コジョンド,(Lv50), , , , , , , , , , , , , , 
622,ゴビット,ゴルーグ,(Lv43), , , , , , , , , , , , , , 
623,ゴビット,ゴルーグ,(Lv43), , , , , , , , , , , , , , 
624,コマタナ,キリキザン,(Lv52), , , , , , , , , , , , , , 
625,コマタナ,キリキザン,(Lv52), , , , , , , , , , , , , , 
627,ワシボン,ウォーグル,(Lv54), , , , , , , , , , , , , , 
628,ワシボン,ウォーグル,(Lv54), , , , , , , , , , , , , , 
629,バルチャイ,バルジーナ,(Lv54), , , , , , , , , , , , , , 
630,バルチャイ,バルジーナ,(Lv54), , , , , , , , , , , , , , 
633,モノズ,ジヘッド,(Lv50),サザンドラ,(Lv64), , , , , , , , , , , , 
634,モノズ,ジヘッド,(Lv50),サザンドラ,(Lv64), , , , , , , , , , , , 
635,モノズ,ジヘッド,(Lv50),サザンドラ,(Lv64), , , , , , , , , , , , 
636,メラルバ,ウルガモス,(Lv59), , , , , , , , , , , , , , 
637,メラルバ,ウルガモス,(Lv59), , , , , , , , , , , , , , 
650,ハリマロン,ハリボーグ,（Lv.16）,ブリガロン,（Lv.36）, , , , , , , , , , , , 
651,ハリマロン,ハリボーグ,（Lv.16）,ブリガロン,（Lv.36）, , , , , , , , , , , , 
652,ハリマロン,ハリボーグ,（Lv.16）,ブリガロン,（Lv.36）, , , , , , , , , , , , 
653,フォッコ,テールナー,（Lv.16）,マフォクシー,（Lv.36）, , , , , , , , , , , , 
654,フォッコ,テールナー,（Lv.16）,マフォクシー,（Lv.36）, , , , , , , , , , , , 
655,フォッコ,テールナー,（Lv.16）,マフォクシー,（Lv.36）, , , , , , , , , , , , 
656,ケロマツ,ゲコガシラ,（Lv.16）,ゲッコウガ,（Lv.36）, , , , , , , , , , , , 
657,ケロマツ,ゲコガシラ,（Lv.16）,ゲッコウガ,（Lv.36）, , , , , , , , , , , , 
658,ケロマツ,ゲコガシラ,（Lv.16）,ゲッコウガ,（Lv.36）, , , , , , , , , , , , 
659,ホルビー,ホルード,（Lv.20）, , , , , , , , , , , , , , 
660,ホルビー,ホルード,（Lv.20）, , , , , , , , , , , , , , 
661,ヤヤコマ,ヒノヤコマ,（Lv.17）,ファイアロー,（Lv.35）, , , , , , , , , , , , 
662,ヤヤコマ,ヒノヤコマ,（Lv.17）,ファイアロー,（Lv.35）, , , , , , , , , , , , 
663,ヤヤコマ,ヒノヤコマ,（Lv.17）,ファイアロー,（Lv.35）, , , , , , , , , , , , 
664,コフキムシ,コフーライ,（Lv.9）,ビビヨン,（Lv.12）, , , , , , , , , , , , 
665,コフキムシ,コフーライ,（Lv.9）,ビビヨン,（Lv.12）, , , , , , , , , , , , 
666,コフキムシ,コフーライ,（Lv.9）,ビビヨン,（Lv.12）, , , , , , , , , , , , 
667,シシコ,カエンジシ,（Lv.35）, , , , , , , , , , , , , , 
668,シシコ,カエンジシ,（Lv.35）, , , , , , , , , , , , , , 
669,フラベベ,フラエッテ,（Lv.19）,フラージェス,（ひかりのいし）, , , , , , , , , , , , 
670,フラベベ,フラエッテ,（Lv.19）,フラージェス,（ひかりのいし）, , , , , , , , , , , , 
671,フラベベ,フラエッテ,（Lv.19）,フラージェス,（ひかりのいし）, , , , , , , , , , , , 
672,メェークル,ゴーゴート,（Lv.32）, , , , , , , , , , , , , , 
673,メェークル,ゴーゴート,（Lv.32）, , , , , , , , , , , , , , 
674,ヤンチャム,ゴロンダ,（Lv.32以上で手持ちに「あくタイプ」ポケモンがいる）, , , , , , , , , , , , , , 
675,ヤンチャム,ゴロンダ,（Lv.32以上で手持ちに「あくタイプ」ポケモンがいる）, , , , , , , , , , , , , , 
677,ニャスパー,ニャオニクス,（Lv.25）, , , , , , , , , , , , , , 
678,ニャスパー,ニャオニクス,（Lv.25）, , , , , , , , , , , , , , 
679,ヒトツキ,ニダンギル,（Lv.35）,ギルガルド,（やみのいし）, , , , , , , , , , , , 
680,ヒトツキ,ニダンギル,（Lv.35）,ギルガルド,（やみのいし）, , , , , , , , , , , , 
681,ヒトツキ,ニダンギル,（Lv.35）,ギルガルド,（やみのいし）, , , , , , , , , , , , 
682,シュシュプ,フレフワン,（「においぶくろ」を持たせて通信交換）, , , , , , , , , , , , , , 
683,シュシュプ,フレフワン,（「においぶくろ」を持たせて通信交換）, , , , , , , , , , , , , , 
684,ペロッパフ,ペロリーム,（「ホイップポップ」を持たせて通信交換）, , , , , , , , , , , , , , 
685,ペロッパフ,ペロリーム,（「ホイップポップ」を持たせて通信交換）, , , , , , , , , , , , , , 
686,マーイーカ,カラマネロ,（Lv.30以上でレベルアップ時に3DS本機を逆さま）, , , , , , , , , , , , , , 
687,マーイーカ,カラマネロ,（Lv.30以上でレベルアップ時に3DS本機を逆さま）, , , , , , , , , , , , , , 
688,カメテテ,ガメノデス,（Lv.39）, , , , , , , , , , , , , , 
689,カメテテ,ガメノデス,（Lv.39）, , , , , , , , , , , , , , 
690,クズモー,ドラミドロ,（Lv.48）, , , , , , , , , , , , , , 
691,クズモー,ドラミドロ,（Lv.48）, , , , , , , , , , , , , , 
692,ウデッポウ,ブロスター,（Lv.37）, , , , , , , , , , , , , , 
693,ウデッポウ,ブロスター,（Lv.37）, , , , , , , , , , , , , , 
694,エリキテル,エレザード,（たいようのいし）, , , , , , , , , , , , , , 
695,エリキテル,エレザード,（たいようのいし）, , , , , , , , , , , , , , 
696,チゴラス,ガチゴラス,（Lv.39・昼）, , , , , , , , , , , , , , 
697,チゴラス,ガチゴラス,（Lv.39・昼）, , , , , , , , , , , , , , 
698,アマルス,ガチゴラス,（Lv.39・夜）, , , , , , , , , , , , , , 
699,アマルス,ガチゴラス,（Lv.39・夜）, , , , , , , , , , , , , , 
700,イーブイ,シャワーズ,(みずのいし),サンダース,(かみなりのいし),ブースター,(ほのおのいし),エーフィ,(なつき・昼),ブラッキー,(なつき・夜),リーフィア,(迷いの森のこけがついた岩のまわりでレベルアップ),グレイシア,(フロストケイブの氷の岩がある所でレベルアップ),ニンフィア,（ポケパルレで仲良し度3以上にしフェアリータイプの技を覚えさせる）
704,ヌメラ,ヌメイル,（Lv.40）,ヌメルゴン,（Lv.50・雨降り）, , , , , , , , , , , , 
705,ヌメラ,ヌメイル,（Lv.40）,ヌメルゴン,（Lv.50・雨降り）, , , , , , , , , , , , 
706,ヌメラ,ヌメイル,（Lv.40）,ヌメルゴン,（Lv.50・雨降り）, , , , , , , , , , , , 
708,ボクレー,オーロット,（通信交換）, , , , , , , , , , , , , , 
709,ボクレー,オーロット,（通信交換）, , , , , , , , , , , , , , 
710,バケッチャ,パンプジン,（通信交換）, , , , , , , , , , , , , , 
711,バケッチャ,パンプジン,（通信交換）, , , , , , , , , , , , , , 
712,カチコール,クレベース,（Lv.37）, , , , , , , , , , , , , , 
713,カチコール,クレベース,（Lv.37）, , , , , , , , , , , , , , 
714,オンバット,オンバーン,（Lv.48）, , , , , , , , , , , , , , 
715,オンバット,オンバーン,（Lv.48）, , , , , , , , , , , , , , 
