1,1,フシギダネ,45,49,49,65,65,45,318,草,毒,しんりょく, ,ようりょくそ,6.9kg,0.7m, 
2,2,フシギソウ,60,62,63,80,80,60,405,草,毒,しんりょく, ,ようりょくそ,13.0kg,1.0m, 
3,3,フシギバナ,80,82,83,100,100,80,525,草,毒,しんりょく, ,ようりょくそ,100.0kg,2.0m,フシギバナ
4,3,メガフシギバナ,80,100,123,122,120,80,625,草,毒,あついしぼう, , ,155.5kg,2.4m,メガフシギバナ
5,4,ヒトカゲ,39,52,43,60,50,65,309,炎, ,もうか, ,サンパワー,8.5kg,0.6m, 
6,5,リザード,58,64,58,80,65,80,405,炎, ,もうか, ,サンパワー,19.0kg,1.1m, 
7,6,メガリザードンX,78,130,111,130,85,100,634,炎,竜,かたいツメ, , ,110.5kg,1.7m,メガリザードンX
8,6,メガリザードンY,78,104,78,159,115,100,634,炎,飛,ひでり, , ,100.5kg,1.7m,メガリザードンY
9,6,リザードン,78,84,78,109,85,100,534,炎,飛,もうか, ,サンパワー,90.5kg,1.7m,リザードン
10,7,ゼニガメ,44,48,65,50,64,43,314,水, ,げきりゅう, ,あめうけざら,9.0kg,0.5m, 
11,8,カメール,59,63,80,65,80,58,405,水, ,げきりゅう, ,あめうけざら,22.5kg,1.0m, 
12,9,カメックス,79,83,100,85,105,78,530,水, ,げきりゅう, ,あめうけざら,85.5kg,1.6m,カメックス
13,9,メガカメックス,79,103,120,135,115,78,630,水, ,メガランチャー, , ,101.1kg,1.6m,メガカメックス
14,10,キャタピー,45,30,35,20,20,45,195,虫, ,りんぷん, ,にげあし,2.9kg,0.3m, 
15,11,トランセル,50,20,55,25,25,30,205,虫, ,だっぴ, ,だっぴ,9.9kg,0.7m, 
16,12,バタフリー,60,45,50,90,80,70,395,虫,飛,ふくがん, ,いろめがね,32.0kg,1.1m, 
17,13,ビードル,40,35,30,20,20,50,195,虫,毒,りんぷん, ,にげあし,3.2kg,0.3m, 
18,14,コクーン,45,25,50,25,25,35,205,虫,毒,だっぴ, , ,10.0kg,0.6m, 
19,15,スピアー,65,90,40,45,80,75,395,虫,毒,むしのしらせ, ,スナイパー,29.5kg,1.0m, 
20,16,ポッポ,40,45,40,35,35,56,251,ノ,飛,するどいめ,ちどりあし,はとむね,1.8kg,0.3m, 
21,17,ピジョン,63,60,55,50,50,71,349,ノ,飛,するどいめ,ちどりあし,はとむね,30.0kg,1.1m, 
22,18,ピジョット,83,80,75,70,70,101,479,ノ,飛,するどいめ,ちどりあし,はとむね,39.5kg,1.5m, 
23,19,コラッタ,30,56,35,25,35,72,253,ノ, ,にげあし,こんじょう,はりきり,3.5kg,0.3m, 
24,20,ラッタ,55,81,60,50,70,97,413,ノ, ,にげあし,こんじょう,はりきり,18.5kg,0.7m, 
25,21,オニスズメ,40,60,30,31,31,70,262,ノ,飛,するどいめ, ,スナイパー,2.0kg,0.3m, 
26,22,オニドリル,65,90,65,61,61,100,442,ノ,飛,するどいめ, ,スナイパー,38.0kg,1.2m, 
27,23,アーボ,35,60,44,40,54,55,288,毒, ,いかく,だっぴ,きんちょうかん,6.9kg,2.0m, 
28,24,アーボック,60,85,69,65,79,80,438,毒, ,いかく,だっぴ,きんちょうかん,65.0kg,3.5m, 
29,25,ピカチュウ,35,55,40,50,50,90,320,電, ,せいでんき, ,ひらいしん,6.0kg,0.4m, 
30,26,ライチュウ,60,90,55,90,80,110,485,電, ,せいでんき, ,ひらいしん,30.0kg,0.8m, 
31,27,サンド,50,75,85,20,30,40,300,地, ,すながくれ, ,すなかき,12.0kg,0.6m, 
32,28,サンドパン,75,100,110,45,55,65,450,地, ,すながくれ, ,すなかき,29.5kg,1.0m, 
33,29,ニドラン♀,55,47,52,40,40,41,275,毒, ,どくのトゲ,とうそうしん,はりきり,7.0kg,0.4m, 
34,30,ニドリーナ,70,62,67,55,55,56,365,毒, ,どくのトゲ,とうそうしん,はりきり,20.0kg,0.8m, 
35,31,ニドクイン,90,92,87,75,85,76,505,毒,地,どくのトゲ,とうそうしん,ちからずく,60.0kg,1.3m, 
36,32,ニドラン♂,46,57,40,40,40,50,273,毒, ,どくのトゲ,とうそうしん,はりきり,9.0kg,0.5m, 
37,33,ニドリーノ,61,72,57,55,55,65,365,毒, ,どくのトゲ,とうそうしん,はりきり,19.5kg,0.9m, 
38,34,ニドキング,81,102,77,85,75,85,505,毒,地,どくのトゲ,とうそうしん,ちからずく,62.0kg,1.4m, 
39,35,ピッピ,70,45,48,60,65,35,323,妖, ,メロメロボディ,マジックガード,フレンドガード,7.5kg,0.6m, 
40,36,ピクシー,95,70,73,95,90,60,483,妖, ,メロメロボディ,マジックガード,てんねん,40.0kg,1.3m, 
41,37,ロコン,38,41,40,50,65,65,299,炎, ,もらいび, ,ひでり,9.9kg,0.6m, 
42,38,キュウコン,73,76,75,81,100,100,505,炎, ,もらいび, ,ひでり,19.9kg,1.1m, 
43,39,プリン,115,45,20,45,25,20,270,ノ,妖,メロメロボディ,かちき ,フレンドガード,5.5kg,0.5m, 
44,40,プクリン,140,70,45,85,50,45,435,ノ,妖,メロメロボディ,かちき ,おみとおし,12.0kg,1.0m, 
45,41,ズバット,40,45,35,30,40,55,245,毒,飛,せいしんりょく, ,すりぬけ,7.5kg,0.8m, 
46,42,ゴルバット,75,80,70,65,75,90,455,毒,飛,せいしんりょく, ,すりぬけ,55.0kg,1.6m, 
47,43,ナゾノクサ,45,50,55,75,65,30,320,草,毒,ようりょくそ, ,にげあし,5.4kg,0.5m, 
48,44,クサイハナ,60,65,70,85,75,40,395,草,毒,ようりょくそ, ,あくしゅう,8.6kg,0.8m, 
49,45,ラフレシア,75,80,85,110,90,50,490,草,毒,ようりょくそ, ,ほうし,18.6kg,1.2m, 
50,46,パラス,35,70,55,45,55,25,285,虫,草,ほうし,かんそうはだ,しめりけ,5.4kg,0.3m, 
51,47,パラセクト,60,95,80,60,80,30,405,虫,草,ほうし,かんそうはだ,しめりけ,29.5kg,1.0m, 
52,48,コンパン,60,55,50,40,55,45,305,虫,毒,ふくがん,いろめがね,にげあし,30.0kg,1.0m, 
53,49,モルフォン,70,65,60,90,75,90,450,虫,毒,りんぷん,いろめがね,ミラクルスキン,12.5kg,1.5m, 
54,50,ディグダ,10,55,25,35,45,95,265,地, ,すながくれ,ありじごく,すなのちから,0.8kg,0.2m, 
55,51,ダグトリオ,35,80,50,50,70,120,405,地, ,すながくれ,ありじごく,すなのちから,33.3kg,0.7m, 
56,52,ニャース,40,45,35,40,40,90,290,ノ, ,ものひろい,テクニシャン,きんちょうかん,4.2kg,0.4m, 
57,53,ペルシアン,65,70,60,65,65,115,440,ノ, ,じゅうなん,テクニシャン,きんちょうかん,32.0kg,1.0m, 
58,54,コダック,50,52,48,65,50,55,320,水, ,しめりけ,ノーてんき,すいすい,19.6kg,0.8m, 
59,55,ゴルダック,80,82,78,95,80,85,500,水, ,しめりけ,ノーてんき,すいすい,76.6kg,1.7m, 
60,56,マンキー,40,80,35,35,45,70,305,闘, ,やるき,いかりのつぼ,まけんき,28.0kg,0.5m, 
61,57,オコリザル,65,105,60,60,70,95,455,闘, ,やるき,いかりのつぼ,まけんき,32.0kg,1.0m, 
62,58,ガーディ,55,70,45,70,50,60,350,炎, ,いかく,もらいび,せいぎのこころ,19.0kg,0.7m, 
63,59,ウインディ,90,110,80,100,80,95,555,炎, ,いかく,もらいび,せいぎのこころ,155.0kg,1.9m, 
64,60,ニョロモ,40,50,40,40,40,90,300,水, ,ちょすい,しめりけ,すいすい,12.4kg,0.6m, 
65,61,ニョロゾ,65,65,65,50,50,90,385,水, ,ちょすい,しめりけ,すいすい,20.0kg,1.0m, 
66,62,ニョロボン,90,95,95,70,90,70,510,水,闘,ちょすい,しめりけ,すいすい,54.0kg,1.3m, 
67,63,ケーシィ,25,20,15,105,55,90,310,超, ,シンクロ,せいしんりょく,マジックガード,19.5kg,0.9m, 
68,64,ユンゲラー,40,35,30,120,70,105,400,超, ,シンクロ,せいしんりょく,マジックガード,56.5kg,1.3m, 
69,65,フーディン,55,50,45,135,95,120,500,超, ,シンクロ,せいしんりょく,マジックガード,48.0kg,1.5m,フーディン
70,65,メガフーディン,55,50,65,175,95,150,590,超, ,トレース, , ,48.0kg,1.2m,メガフーディン
71,66,ワンリキー,70,80,50,35,35,35,305,闘, ,こんじょう,ノーガード,ふくつのこころ,19.5kg,0.8m, 
72,67,ゴーリキー,80,100,70,50,60,45,405,闘, ,こんじょう,ノーガード,ふくつのこころ,70.5kg,1.5m, 
73,68,カイリキー,90,130,80,65,85,55,505,闘, ,こんじょう,ノーガード,ふくつのこころ,130.0kg,1.6m, 
74,69,マダツボミ,50,75,35,70,30,40,300,草,毒,ようりょくそ, ,くいしんぼう,4.0kg,0.7m, 
75,70,ウツドン,65,90,50,85,45,55,390,草,毒,ようりょくそ, ,くいしんぼう,6.4kg,1.0m, 
76,71,ウツボット,80,105,65,100,70,70,490,草,毒,ようりょくそ, ,くいしんぼう,15.5kg,1.7m, 
77,72,メノクラゲ,40,40,35,50,100,70,335,水,毒,クリアボディ,ヘドロえき,あめうけざら,45.5kg,0.9m, 
78,73,ドククラゲ,80,70,65,80,120,100,515,水,毒,クリアボディ,ヘドロえき,あめうけざら,55.0kg,1.6m, 
79,74,イシツブテ,40,80,100,30,30,20,300,岩,地,いしあたま,がんじょう,すながくれ,20.0kg,0.4m, 
80,75,ゴローン,55,95,115,45,45,35,390,岩,地,いしあたま,がんじょう,すながくれ,105.0kg,1.0m, 
81,76,ゴローニャ,80,120,130,55,65,45,495,岩,地,いしあたま,がんじょう,すながくれ,300.0kg,1.4m, 
82,77,ポニータ,50,85,55,65,65,90,410,炎, ,にげあし,もらいび,ほのおのからだ,30.0kg,1.0m, 
83,78,ギャロップ,65,100,70,80,80,105,500,炎, ,にげあし,もらいび,ほのおのからだ,95.0kg,1.7m, 
84,79,ヤドン,90,65,65,40,40,15,315,水,超,どんかん,マイペース,さいせいりょく,36.0kg,1.2m, 
85,80,ヤドラン,95,75,110,100,80,30,490,水,超,どんかん,マイペース,さいせいりょく,78.5kg,1.6m, 
86,81,コイル,25,35,70,95,55,45,325,電,鋼,じりょく,がんじょう,アナライズ,6.0kg,0.3m, 
87,82,レアコイル,50,60,95,120,70,70,465,電,鋼,じりょく,がんじょう,アナライズ,60.0kg,1.0m, 
88,83,カモネギ,52,65,55,58,62,60,352,ノ,飛,するどいめ,せいしんりょく,まけんき,15.0kg,0.8m, 
89,84,ドードー,35,85,45,35,35,75,310,ノ,飛,にげあし,はやおき,ちどりあし,39.2kg,1.4m, 
90,85,ドードリオ,60,110,70,60,60,100,460,ノ,飛,にげあし,はやおき,ちどりあし,85.2kg,1.8m, 
91,86,パウワウ,65,45,55,45,70,45,325,水, ,あついしぼう,うるおいボディ,アイスボディ,90.0kg,1.1m, 
92,87,ジュゴン,90,70,80,70,95,70,475,水,氷,あついしぼう,うるおいボディ,アイスボディ,120.0kg,1.7m, 
93,88,ベトベター,80,80,50,40,50,25,325,毒, ,あくしゅう,ねんちゃく,どくしゅ,30.0kg,0.9m, 
94,89,ベトベトン,105,105,75,65,100,50,500,毒, ,あくしゅう,ねんちゃく,どくしゅ,30.0kg,1.2m, 
95,90,シェルダー,30,65,100,45,25,40,305,水, ,シェルアーマー,スキルリンク,ぼうじん,4.0kg,0.3m, 
96,91,パルシェン,50,95,180,85,45,70,525,水,氷,シェルアーマー,スキルリンク,ぼうじん,132.5kg,1.5m, 
97,92,ゴース,30,35,30,100,35,80,310,霊,毒,ふゆう, , ,0.1kg,1.3m, 
98,93,ゴースト,45,50,45,115,55,95,405,霊,毒,ふゆう, , ,0.1kg,1.6m, 
99,94,ゲンガー,60,65,60,130,75,110,500,霊,毒,ふゆう, , ,40.5kg,1.5m,ゲンガー
100,94,メガゲンガー,60,65,80,170,95,130,600,霊,毒,かげふみ, , ,40.5kg,1.4m,メガゲンガー
101,95,イワーク,35,45,160,30,45,70,385,岩,地,いしあたま,がんじょう,くだけるよろい,210.0kg,8.8m, 
102,96,スリープ,60,48,45,43,90,42,328,超, ,ふみん,よちむ,せいしんりょく,32.4kg,1.0m, 
103,97,スリーパー,85,73,70,73,115,67,483,超, ,ふみん,よちむ,せいしんりょく,75.6kg,1.6m, 
104,98,クラブ,30,105,90,25,25,50,325,水, ,かいりきバサミ,シェルアーマー,ちからずく,6.5kg,0.4m, 
105,99,キングラー,55,130,115,50,50,75,475,水, ,かいりきバサミ,シェルアーマー,ちからずく,60.0kg,1.3m, 
106,100,ビリリダマ,40,30,50,55,55,100,330,電, ,ぼうおん,せいでんき,ゆうばく,10.4kg,0.5m, 
107,101,マルマイン,60,50,70,80,80,140,480,電, ,ぼうおん,せいでんき,ゆうばく,66.6kg,1.2m, 
108,102,タマタマ,60,40,80,60,45,40,325,草,超,ようりょくそ, ,しゅうかく,2.5kg,0.4m, 
109,103,ナッシー,95,95,85,125,65,55,520,草,超,ようりょくそ, ,しゅうかく,120.0kg,2.0m, 
110,104,カラカラ,50,50,95,40,50,35,320,地, ,いしあたま,ひらいしん,カブトアーマー,6.5kg,0.4m, 
111,105,ガラガラ,60,80,110,50,80,45,425,地, ,いしあたま,ひらいしん,カブトアーマー,45.0kg,1.0m, 
112,106,サワムラー,50,120,53,35,110,87,455,闘, ,じゅうなん,すてみ,かるわざ,49.8kg,1.5m, 
113,107,エビワラー,50,105,79,35,110,76,455,闘, ,するどいめ,てつのこぶし,せいしんりょく,50.2kg,1.4m, 
114,108,ベロリンガ,90,55,75,60,75,30,385,ノ, ,マイペース,どんかん,ノーてんき,65.5kg,1.2m, 
115,109,ドガース,40,65,95,60,45,35,340,毒, ,ふゆう, , ,1.0kg,0.6m, 
116,110,マタドガス,65,90,120,85,70,60,490,毒, ,ふゆう, , ,9.5kg,1.2m, 
117,111,サイホーン,80,85,95,30,30,25,345,地,岩,ひらいしん,いしあたま,すてみ,115.0kg,1.0m, 
118,112,サイドン,105,130,120,45,45,40,485,地,岩,ひらいしん,いしあたま,すてみ,120.0kg,1.9m, 
119,113,ラッキー,250,5,5,35,105,50,450,ノ, ,しぜんかいふく,てんのめぐみ,いやしのこころ,34.6kg,1.1m, 
120,114,モンジャラ,65,55,115,100,40,60,435,草, ,ようりょくそ,リーフガード,さいせいりょく,35.0kg,1.0m, 
121,115,ガルーラ,105,95,80,40,80,90,490,ノ, ,はやおき,きもったま,せいしんりょく,80.0kg,2.2m,ガルーラ
122,115,メガガルーラ,105,125,100,60,100,100,590,ノ, ,おやこあい, , ,100.0kg,2.2m,メガガルーラ
123,116,タッツー,30,40,70,70,25,60,295,水, ,すいすい,スナイパー,しめりけ,8.0kg,0.4m, 
124,117,シードラ,55,65,95,95,45,85,440,水, ,どくのトゲ,スナイパー,しめりけ,25.0kg,1.2m, 
125,118,トサキント,45,67,60,35,50,63,320,水, ,すいすい,みずのベール,ひらいしん,15.0kg,0.6m, 
126,119,アズマオウ,80,92,65,65,80,68,450,水, ,すいすい,みずのベール,ひらいしん,39.0kg,1.3m, 
127,120,ヒトデマン,30,45,55,70,55,85,340,水, ,はっこう,しぜんかいふく,アナライズ,34.5kg,0.8m, 
128,121,スターミー,60,75,85,100,85,115,520,水,超,はっこう,しぜんかいふく,アナライズ,80.0kg,1.1m, 
129,122,バリヤード,40,45,65,100,120,90,460,超,妖 ,ぼうおん,フィルター,テクニシャン,54.5kg,1.3m, 
130,123,ストライク,70,110,80,55,80,105,500,虫,飛,むしのしらせ,テクニシャン,ふくつのこころ,56.0kg,1.5m, 
131,124,ルージュラ,65,50,35,115,95,95,455,氷,超,どんかん,よちむ,かんそうはだ,40.6kg,1.4m, 
132,125,エレブー,65,83,57,95,85,105,490,電, ,せいでんき, ,やるき,30.0kg,1.1m, 
133,126,ブーバー,65,95,57,100,85,93,495,炎, ,ほのおのからだ, ,やるき,44.5kg,1.3m, 
134,127,カイロス,65,125,100,55,70,85,500,虫, ,かいりきバサミ,かたやぶり,じしんかじょう,55.0kg,1.5m,カイロス
135,127,メガカイロス,65,155,120,65,90,105,600,虫,飛,スカイスキン, , ,59.0kg,1.7m,メガカイロス
136,128,ケンタロス,75,100,95,40,70,110,490,ノ, ,いかく,いかりのつぼ,ちからずく,88.4kg,1.4m, 
137,129,コイキング,20,10,55,15,20,80,200,水, ,すいすい, ,びびり,10.0kg,0.9m, 
138,130,ギャラドス,95,125,79,60,100,81,540,水,飛,いかく, ,じしんかじょう,235.0kg,6.5m,ギャラドス
139,130,メガギャラドス,95,155,109,70,130,81,640,水,悪,かたやぶり, , ,305kg,6.5m,メガギャラドス
140,131,ラプラス,130,85,80,85,95,60,535,水,氷,ちょすい,シェルアーマー,うるおいボディ,220.0kg,2.5m, 
141,132,メタモン,48,48,48,48,48,48,288,ノ, ,じゅうなん, ,かわりもの,4.0kg,0.3m, 
142,133,イーブイ,55,55,50,45,65,55,325,ノ, ,にげあし,てきおうりょく,きけんよち,6.5kg,0.3m, 
143,134,シャワーズ,130,65,60,110,95,65,525,水, ,ちょすい, ,うるおいボディ,29.0kg,1.0m, 
144,135,サンダース,65,65,60,110,95,130,525,電, ,ちくでん, ,はやあし,24.5kg,0.8m, 
145,136,ブースター,65,130,60,95,110,65,525,炎, ,もらいび, ,こんじょう,25.0kg,0.9m, 
146,137,ポリゴン,65,60,70,85,75,40,395,ノ, ,トレース,ダウンロード,アナライズ,36.5kg,0.8m, 
147,138,オムナイト,35,40,100,90,55,35,355,岩,水,すいすい,シェルアーマー,くだけるよろい,7.5kg,0.4m, 
148,139,オムスター,70,60,125,115,70,55,495,岩,水,すいすい,シェルアーマー,くだけるよろい,35.0kg,1.0m, 
149,140,カブト,30,80,90,55,45,55,355,岩,水,すいすい,カブトアーマー,くだけるよろい,11.5kg,0.5m, 
150,141,カブトプス,60,115,105,65,70,80,495,岩,水,すいすい,カブトアーマー,くだけるよろい,40.5kg,1.3m, 
151,142,プテラ,80,105,65,60,75,130,515,岩,飛,いしあたま,プレッシャー,きんちょうかん,59.0kg,1.8m,プテラ
152,142,メガプテラ,80,135,85,70,95,150,615,岩,飛,かたいツメ, , ,79kg,2.1m,メガプテラ
153,143,カビゴン,160,110,65,65,110,30,540,ノ, ,めんえき,あついしぼう,くいしんぼう,460.0kg,2.1m, 
154,144,フリーザー,90,85,100,95,125,85,580,氷,飛,プレッシャー, , ,55.4kg,1.7m, 
155,145,サンダー,90,90,85,125,90,100,580,電,飛,プレッシャー, , ,52.6kg,1.6m, 
156,146,ファイヤー,90,100,90,125,85,90,580,炎,飛,プレッシャー, , ,60.0kg,2.0m, 
157,147,ミニリュウ,41,64,45,50,50,50,300,竜, ,だっぴ, ,ふしぎなうろこ,3.3kg,1.8m, 
158,148,ハクリュー,61,84,65,70,70,70,420,竜, ,だっぴ, ,ふしぎなうろこ,16.5kg,4.0m, 
159,149,カイリュー,91,134,95,100,100,80,600,竜,飛,せいしんりょく, ,マルチスケイル,210.0kg,2.2m, 
160,150,ミュウツー,106,110,90,154,90,130,680,超, ,プレッシャー, ,きんちょうかん,122.0kg,2.0m,ミュウツー
161,150,メガミュウツーX,106,190,100,154,100,130,780,超,闘,ふくつのこころ, , ,127.0kg,2.3m,メガミュウツーX
162,150,メガミュウツーY,106,150,70,194,120,140,780,超, ,ふみん, , ,33kg,1.5m,メガミュウツーY
163,151,ミュウ,100,100,100,100,100,100,600,超, ,シンクロ, , ,4.0kg,0.4m, 
164,152,チコリータ,45,49,65,49,65,45,318,草, ,しんりょく, , ,6.4kg,0.9m, 
165,153,ベイリーフ,60,62,80,63,80,60,405,草, ,しんりょく, , ,15.8kg,1.2m, 
166,154,メガニウム,80,82,100,83,100,80,525,草, ,しんりょく, , ,100.5kg,1.8m, 
167,155,ヒノアラシ,39,52,43,60,50,65,309,炎, ,もうか, , ,7.9kg,0.5m, 
168,156,マグマラシ,58,64,58,80,65,80,405,炎, ,もうか, , ,19.0kg,0.9m, 
169,157,バクフーン,78,84,78,109,85,100,534,炎, ,もうか, , ,79.5kg,1.7m, 
170,158,ワニノコ,50,65,64,44,48,43,314,水, ,げきりゅう, , ,9.5kg,0.6m, 
171,159,アリゲイツ,65,80,80,59,63,58,405,水, ,げきりゅう, , ,25.0kg,1.1m, 
172,160,オーダイル,85,105,100,79,83,78,530,水, ,げきりゅう, , ,88.8kg,2.3m, 
173,161,オタチ,35,46,34,35,45,20,215,ノ, ,にげあし,するどいめ,おみとおし,6.0kg,0.8m, 
174,162,オオタチ,85,76,64,45,55,90,415,ノ, ,にげあし,するどいめ,おみとおし,32.5kg,1.8m, 
175,163,ホーホー,60,30,30,36,56,50,262,ノ,飛,ふみん,するどいめ,いろめがね,21.2kg,0.7m, 
176,164,ヨルノズク,100,50,50,76,96,70,442,ノ,飛,ふみん,するどいめ,いろめがね,40.8kg,1.6m, 
177,165,レディバ,40,20,30,40,80,55,265,虫,飛,むしのしらせ,はやおき,びびり,10.8kg,1.0m, 
178,166,レディアン,55,35,50,55,110,85,390,虫,飛,むしのしらせ,はやおき,てつのこぶし,35.6kg,1.4m, 
179,167,イトマル,40,60,40,40,40,30,250,虫,毒,むしのしらせ,ふみん,スナイパー,8.5kg,0.5m, 
180,168,アリアドス,70,90,70,60,60,40,390,虫,毒,むしのしらせ,ふみん,スナイパー,33.5kg,1.1m, 
181,169,クロバット,85,90,80,70,80,130,535,毒,飛,せいしんりょく, ,すりぬけ,75.0kg,1.8m, 
182,170,チョンチー,75,38,38,56,56,67,330,水,電,ちくでん,はっこう,ちょすい,12.0kg,0.5m, 
183,171,ランターン,125,58,58,76,76,67,460,水,電,ちくでん,はっこう,ちょすい,22.5kg,1.2m, 
184,172,ピチュー,20,40,15,35,35,60,205,電, ,せいでんき, ,ひらいしん,2.0kg,0.3m, 
185,173,ピィ,50,25,28,45,55,15,218,妖, ,メロメロボディ,マジックガード,フレンドガード,3.0kg,0.3m, 
186,174,ププリン,90,30,15,40,20,15,210,ノ,妖,メロメロボディ,かちき ,フレンドガード,1.0kg,0.3m, 
187,175,トゲピー,35,20,65,40,65,20,245,妖, ,はりきり,てんのめぐみ,きょううん,1.5kg,0.3m, 
188,176,トゲチック,55,40,85,80,105,40,405,妖,飛,はりきり,てんのめぐみ,きょううん,3.2kg,0.6m, 
189,177,ネイティ,40,50,45,70,45,70,320,超,飛,シンクロ,はやおき,マジックミラー,2.0kg,0.2m, 
190,178,ネイティオ,65,75,70,95,70,95,470,超,飛,シンクロ,はやおき,マジックミラー,15.0kg,1.5m, 
191,179,メリープ,55,40,40,65,45,35,280,電, ,せいでんき, ,プラス,7.8kg,0.6m, 
192,180,モココ,70,55,55,80,60,45,365,電, ,せいでんき, ,プラス,13.3kg,0.8m, 
193,181,デンリュウ,90,75,85,115,90,55,510,電, ,せいでんき, ,プラス,61.5kg,1.4m, 
194,181,メガデンリュウ,90,95,105,165,110,45,610,電,竜,かたやぶり, , ,61.5kg,1.4m, 
195,182,キレイハナ,75,80,95,90,100,50,490,草, ,ようりょくそ, ,いやしのこころ,5.8kg,0.4m, 
196,183,マリル,70,20,50,20,50,40,250,水,妖,あついしぼう,ちからもち,そうしょく,8.5kg,0.4m, 
197,184,マリルリ,100,50,80,60,80,50,420,水,妖,あついしぼう,ちからもち,そうしょく,28.5kg,0.8m, 
198,185,ウソッキー,70,100,115,30,65,30,410,岩, ,がんじょう,いしあたま,びびり,38.0kg,1.2m, 
199,186,ニョロトノ,90,75,75,90,100,70,500,水, ,ちょすい,しめりけ,あめふらし,33.9kg,1.1m, 
200,187,ハネッコ,35,35,40,35,55,50,250,草,飛,ようりょくそ,リーフガード,すりぬけ,0.5kg,0.4m, 
201,188,ポポッコ,55,45,50,45,65,80,340,草,飛,ようりょくそ,リーフガード,すりぬけ,1.0kg,0.6m, 
202,189,ワタッコ,75,55,70,55,95,110,460,草,飛,ようりょくそ,リーフガード,すりぬけ,3.0kg,0.8m, 
203,190,エイパム,55,70,55,40,55,85,360,ノ, ,にげあし,ものひろい,スキルリンク,11.5kg,0.8m, 
204,191,ヒマナッツ,30,30,30,30,30,30,180,草, ,ようりょくそ,サンパワー,はやおき,1.8kg,0.3m, 
205,192,キマワリ,75,75,55,105,85,30,425,草, ,ようりょくそ,サンパワー,はやおき,8.5kg,0.8m, 
206,193,ヤンヤンマ,65,65,45,75,45,95,390,虫,飛,かそく,ふくがん,おみとおし,38.0kg,1.2m, 
207,194,ウパー,55,45,45,25,25,15,210,水,地,しめりけ,ちょすい,てんねん,8.5kg,0.4m, 
208,195,ヌオー,95,85,85,65,65,35,430,水,地,しめりけ,ちょすい,てんねん,75.0kg,1.4m, 
209,196,エーフィ,65,65,60,130,95,110,525,超, ,シンクロ, ,マジックミラー,26.5kg,0.9m, 
210,197,ブラッキー,95,65,110,60,130,65,525,悪, ,シンクロ, ,せいしんりょく,27.0kg,1.0m, 
211,198,ヤミカラス,60,85,42,85,42,91,405,悪,飛,ふみん,きょううん,いたずらごころ,2.1kg,0.5m, 
212,199,ヤドキング,95,75,80,100,110,30,490,水,超,どんかん,マイペース,さいせいりょく,79.5kg,2.0m, 
213,200,ムウマ,60,60,60,85,85,85,435,霊, ,ふゆう, , ,1.0kg,0.7m, 
214,201,アンノーン,48,72,48,72,48,48,336,超, ,ふゆう, , ,5.0kg,0.5m, 
215,202,ソーナンス,190,33,58,33,58,33,405,超, ,かげふみ, ,テレパシー,28.5kg,1.3m, 
216,203,キリンリキ,70,80,65,90,65,85,455,ノ,超,せいしんりょく,はやおき,そうしょく,41.5kg,1.5m, 
217,204,クヌギダマ,50,65,90,35,35,15,290,虫, ,がんじょう, ,ぼうじん,7.2kg,0.6m, 
218,205,フォレトス,75,90,140,60,60,40,465,虫,鋼,がんじょう, ,ぼうじん,125.8kg,1.2m, 
219,206,ノコッチ,100,70,70,65,65,45,415,ノ, ,てんのめぐみ,にげあし,びびり,14.0kg,1.5m, 
220,207,グライガー,65,75,105,35,65,85,430,地,飛,かいりきバサミ,すながくれ,めんえき,64.8kg,1.1m, 
221,208,ハガネール,75,85,200,55,65,30,510,鋼,地,いしあたま,がんじょう,ちからずく,400.0kg,9.2m, 
222,209,ブルー,60,80,50,40,40,30,300,妖, ,いかく,にげあし,びびり,7.8kg,0.6m, 
223,210,グランブル,90,120,75,60,60,45,450,妖, ,いかく,はやあし,びびり,48.7kg,1.4m, 
224,211,ハリーセン,65,95,75,55,55,85,430,水,毒,どくのトゲ,すいすい,いかく,3.9kg,0.5m, 
225,212,ハッサム,70,130,100,55,80,65,500,虫,鋼,むしのしらせ,テクニシャン,ライトメタル,118.0kg,1.8m,ハッサム
226,212,メガハッサム,70,150,140,65,100,75,600,虫,鋼,テクニシャン, , ,125kg,2m,メガハッサム
227,213,ツボツボ,20,10,230,10,230,5,505,虫,岩,がんじょう,くいしんぼう,あまのじゃく,20.5kg,0.6m, 
228,214,ヘラクロス,80,125,75,40,95,85,500,虫,闘,むしのしらせ,こんじょう,じしんかじょう,54.0kg,1.5m,ヘラクロス
229,214,メガヘラクロス,80,185,115,40,105,75,600,虫,闘,スキルリンク, , ,62.5kg,1.7m,メガヘラクロス
230,215,ニューラ,55,95,55,35,75,115,430,悪,氷,せいしんりょく,するどいめ,わるいてぐせ,28.0kg,0.9m, 
231,216,ヒメグマ,60,80,50,50,50,40,330,ノ, ,ものひろい,はやあし,みつあつめ,8.8kg,0.6m, 
232,217,リングマ,90,130,75,75,75,55,500,ノ, ,こんじょう,はやあし,きんちょうかん,125.8kg,1.8m, 
233,218,マグマッグ,40,40,40,70,40,20,250,炎, ,マグマのよろい,ほのおのからだ,くだけるよろい,35.0kg,0.7m, 
234,219,マグカルゴ,50,50,120,80,80,30,410,炎,岩,マグマのよろい,ほのおのからだ,くだけるよろい,55.0kg,0.8m, 
235,220,ウリムー,50,50,40,30,30,50,250,氷,地,どんかん,ゆきがくれ,あついしぼう,6.5kg,0.4m, 
236,221,イノムー,100,100,80,60,60,50,450,氷,地,どんかん,ゆきがくれ,あついしぼう,55.8kg,1.1m, 
237,222,サニーゴ,55,55,85,65,85,35,380,水,岩,はりきり,しぜんかいふく,さいせいりょく,5.0kg,0.6m, 
238,223,テッポウオ,35,65,35,65,35,65,300,水, ,はりきり,スナイパー,ムラっけ,12.0kg,0.6m, 
239,224,オクタン,75,105,75,105,75,45,480,水, ,きゅうばん,スナイパー,ムラっけ,28.5kg,0.9m, 
240,225,デリバード,45,55,45,65,45,75,330,氷,飛,やるき,はりきり,ふみん,16.0kg,0.9m, 
241,226,マンタイン,65,40,70,80,140,70,465,水,飛,すいすい,ちょすい,みずのベール,220.0kg,2.1m, 
242,227,エアームド,65,80,140,40,70,70,465,鋼,飛,するどいめ,がんじょう,くだけるよろい,50.5kg,1.7m, 
243,228,デルビル,45,60,30,80,50,65,330,悪,炎,はやおき,もらいび,きんちょうかん,10.8kg,0.6m, 
244,229,ヘルガー,75,90,50,110,80,95,500,悪,炎,はやおき,もらいび,きんちょうかん,35.0kg,1.4m,ヘルガー
245,229,メガヘルガー,75,90,90,140,90,115,600,悪,炎,サンパワー, , ,49.5kg,1.9m,メガヘルガー
246,230,キングドラ,75,95,95,95,95,85,540,水,竜,すいすい,スナイパー,しめりけ,152.0kg,1.8m, 
247,231,ゴマゾウ,90,60,60,40,40,40,330,地, ,ものひろい, ,すながくれ,33.5kg,0.5m, 
248,232,ドンファン,90,120,120,60,60,50,500,地, ,がんじょう, ,すながくれ,120.0kg,1.1m, 
249,233,ポリゴン2,85,80,90,105,95,60,515,ノ, ,トレース,ダウンロード,アナライズ,32.5kg,0.6m, 
250,234,オドシシ,73,95,62,85,65,85,465,ノ, ,いかく,おみとおし,そうしょく,71.2kg,1.4m, 
251,235,ドーブル,55,20,35,20,45,75,250,ノ, ,マイペース,テクニシャン,ムラっけ,58.0kg,1.2m, 
252,236,バルキー,35,35,35,35,35,35,210,闘, ,こんじょう,ふくつのこころ,やるき,21.0kg,0.7m, 
253,237,カポエラー,50,95,95,35,110,70,455,闘, ,いかく,テクニシャン,ふくつのこころ,48.0kg,1.4m, 
254,238,ムチュール,45,30,15,85,65,65,305,氷,超,どんかん,よちむ,うるおいボディ,6.0kg,0.4m, 
255,239,エレキッド,45,63,37,65,55,95,360,電, ,せいでんき, ,やるき,23.5kg,0.6m, 
256,240,ブビィ,45,75,37,70,55,83,365,炎, ,ほのおのからだ, ,やるき,21.4kg,0.7m, 
257,241,ミルタンク,95,80,105,40,70,100,490,ノ, ,あついしぼう,きもったま,そうしょく,75.5kg,1.2m, 
258,242,ハピナス,255,10,10,75,135,55,540,ノ, ,しぜんかいふく,てんのめぐみ,いやしのこころ,46.8kg,1.5m, 
259,243,ライコウ,90,85,75,115,100,115,580,電, ,プレッシャー, ,ちくでん,178.0kg,1.9m, 
260,244,エンテイ,115,115,85,90,75,100,580,炎, ,プレッシャー, ,もらいび,198.0kg,2.1m, 
261,245,スイクン,100,75,115,90,115,85,580,水, ,プレッシャー, ,ちょすい,187.0kg,2.0m, 
262,246,ヨーギラス,50,64,50,45,50,41,300,岩,地,こんじょう, ,すながくれ,72.0kg,0.6m, 
263,247,サナギラス,70,84,70,65,70,51,410,岩,地,だっぴ, ,だっぴ,152.0kg,1.2m, 
264,248,バンギラス,100,134,110,95,100,61,600,岩,悪,すなおこし, ,きんちょうかん,202.0kg,2.0m,バンギラス
265,248,メガバンギラス,100,164,150,95,120,71,700,岩,悪,すなおこし, , ,255.0kg,2.5m,メガバンギラス
266,249,ルギア,106,90,130,90,154,110,680,超,飛,プレッシャー, ,マルチスケイル,216.0kg,5.2m, 
267,250,ホウオウ,106,130,90,110,154,90,680,炎,飛,プレッシャー, ,さいせいりょく,199.0kg,3.8m, 
268,251,セレビィ,100,100,100,100,100,100,600,超,草,しぜんかいふく, , ,5.0kg,0.6m, 
269,252,キモリ,40,45,35,65,55,70,310,草, ,しんりょく, ,かるわざ,5.0kg,0.5m, 
270,253,ジュプトル,50,65,45,85,65,95,405,草, ,しんりょく, ,かるわざ,21.6kg,0.9m, 
271,254,ジュカイン,70,85,65,105,85,120,530,草, ,しんりょく, ,かるわざ,52.2kg,1.7m, 
272,255,アチャモ,45,60,40,70,50,45,310,炎, ,もうか, ,かそく,2.5kg,0.4m, 
273,256,ワカシャモ,60,85,60,85,60,55,405,炎,闘,もうか, ,かそく,19.5kg,0.9m, 
274,257,バシャーモ,80,120,70,110,70,80,530,炎,闘,もうか, ,かそく,52.0kg,1.9m,バシャーモ
275,257,メガバシャーモ,80,160,80,130,80,100,630,炎,闘,かそく, , ,52.0kg,1.9m,メガバシャーモ
276,258,ミズゴロウ,50,70,50,50,50,40,310,水, ,げきりゅう, ,しめりけ,7.6kg,0.4m, 
277,259,ヌマクロー,70,85,70,60,70,50,405,水,地,げきりゅう, ,しめりけ,28.0kg,0.7m, 
278,260,ラグラージ,100,110,90,85,90,60,535,水,地,げきりゅう, ,しめりけ,81.9kg,1.5m, 
279,261,ポチエナ,35,55,35,30,30,35,220,悪, ,にげあし,はやあし,びびり,13.6kg,0.5m, 
280,262,グラエナ,70,90,70,60,60,70,420,悪, ,いかく,はやあし,じしんかじょう,37.0kg,1.0m, 
281,263,ジグザグマ,38,30,41,30,41,60,240,ノ, ,ものひろい,くいしんぼう,はやあし,17.5kg,0.4m, 
282,264,マッスグマ,78,70,61,50,61,100,420,ノ, ,ものひろい,くいしんぼう,はやあし,32.5kg,0.5m, 
283,265,ケムッソ,45,45,35,20,30,20,195,虫, ,りんぷん, ,にげあし,3.6kg,0.3m, 
284,266,カラサリス,50,35,55,25,25,15,205,虫, ,だっぴ, , ,10.0kg,0.6m, 
285,267,アゲハント,60,70,50,100,50,65,395,虫,飛,むしのしらせ, ,とうそうしん,28.4kg,1.0m, 
286,268,マユルド,50,35,55,25,25,15,205,虫, ,だっぴ, , ,11.5kg,0.7m, 
287,269,ドクケイル,60,50,70,50,90,65,385,虫,毒,りんぷん, ,ふくがん,31.6kg,1.2m, 
288,270,ハスボー,40,30,30,40,50,30,220,水,草,すいすい,あめうけざら,マイペース,2.6kg,0.5m, 
289,271,ハスブレロ,60,50,50,60,70,50,340,水,草,すいすい,あめうけざら,マイペース,32.5kg,1.2m, 
290,272,ルンパッパ,80,70,70,90,100,70,480,水,草,すいすい,あめうけざら,マイペース,55.0kg,1.5m, 
291,273,タネボー,40,40,50,30,30,30,220,草, ,ようりょくそ,はやおき,わるいてぐせ,4.0kg,0.5m, 
292,274,コノハナ,70,70,40,60,40,60,340,草,悪,ようりょくそ,はやおき,わるいてぐせ,28.0kg,1.0m, 
293,275,ダーテング,90,100,60,90,60,80,480,草,悪,ようりょくそ,はやおき,わるいてぐせ,59.6kg,1.3m, 
294,276,スバメ,40,55,30,30,30,85,270,ノ,飛,こんじょう, ,きもったま,2.3kg,0.3m, 
295,277,オオスバメ,60,85,60,50,50,125,430,ノ,飛,こんじょう, ,きもったま,19.8kg,0.7m, 
296,278,キャモメ,40,30,30,55,30,85,270,水,飛,するどいめ, ,あめうけざら,9.5kg,0.6m, 
297,279,ペリッパー,60,50,100,85,70,65,430,水,飛,するどいめ, ,あめうけざら,28.0kg,1.2m, 
298,280,ラルトス,28,25,25,45,35,40,198,超,妖,シンクロ,トレース,テレパシー,6.6kg,0.4m, 
299,281,キルリア,38,35,35,65,55,50,278,超,妖,シンクロ,トレース,テレパシー,20.2kg,0.8m, 
300,282,サーナイト,68,65,65,125,115,80,518,超,妖,シンクロ,トレース,テレパシー,48.4kg,1.6m,サーナイト
301,282,メガサーナイト,68,85,65,165,135,100,618,超,妖,フェアリースキン, , ,48.4kg,1.6m,メガサーナイト
302,283,アメタマ,40,30,32,50,52,65,269,虫,水,すいすい, ,あめうけざら,1.7kg,0.5m, 
303,284,アメモース,70,60,62,80,82,60,414,虫,飛,いかく, ,きんちょうかん,3.6kg,0.8m, 
304,285,キノココ,60,40,60,40,60,35,295,草, ,ほうし,ポイズンヒール,はやあし,4.5kg,0.4m, 
305,286,キノガッサ,60,130,80,60,60,70,460,草,闘,ほうし,ポイズンヒール,テクニシャン,39.2kg,1.2m, 
306,287,ナマケロ,60,60,60,35,35,30,280,ノ, ,なまけ, , ,24.0kg,0.8m, 
307,288,ヤルキモノ,80,80,80,55,55,90,440,ノ, ,やるき, , ,46.5kg,1.4m, 
308,289,ケッキング,150,160,100,95,65,100,670,ノ, ,なまけ, , ,130.5kg,2.0m, 
309,290,ツチニン,31,45,90,30,30,40,266,虫,地,ふくがん, ,にげあし,5.5kg,0.5m, 
310,291,テッカニン,61,90,45,50,50,160,456,虫,飛,かそく, ,すりぬけ,12.0kg,0.8m, 
311,292,ヌケニン,1,90,45,30,30,40,236,虫,霊,ふしぎなまもり, , ,1.2kg,0.8m, 
312,293,ゴニョニョ,64,51,23,51,23,28,240,ノ, ,ぼうおん, ,びびり,16.3kg,0.6m, 
313,294,ドゴーム,84,71,43,71,43,48,360,ノ, ,ぼうおん, ,きもったま,40.5kg,1.0m, 
314,295,バクオング,104,91,63,91,73,68,490,ノ, ,ぼうおん, ,きもったま,84.0kg,1.5m, 
315,296,マクノシタ,72,60,30,20,30,25,237,闘, ,あついしぼう,こんじょう,ちからずく,86.4kg,1.0m, 
316,297,ハリテヤマ,144,120,60,40,60,50,474,闘, ,あついしぼう,こんじょう,ちからずく,253.8kg,2.3m, 
317,298,ルリリ,50,20,40,20,40,20,190,ノ,妖,あついしぼう,ちからもち,そうしょく,2.0kg,0.2m, 
318,299,ノズパス,30,45,135,45,90,30,375,岩, ,がんじょう,じりょく,すなのちから,97.0kg,1.0m, 
319,300,エネコ,50,45,45,35,35,50,260,ノ, ,メロメロボディ,ノーマルスキン,ミラクルスキン,11.0kg,0.6m, 
320,301,エネコロロ,70,65,65,55,55,70,380,ノ, ,メロメロボディ,ノーマルスキン,ミラクルスキン,32.6kg,1.1m, 
321,302,ヤミラミ,50,75,75,65,65,50,380,悪,霊,するどいめ,あとだし,いたずらごころ,11.0kg,0.5m, 
322,303,クチート,50,85,85,55,55,50,380,鋼,妖,かいりきバサミ,いかく,ちからずく,11.5kg,0.6m,クチート
323,303,メガクチート,50,105,125,55,95,50,480,鋼,妖,ちからもち, , ,23.5kg,1m,メガクチート
324,304,ココドラ,50,70,100,40,40,30,330,鋼,岩,がんじょう,いしあたま,へヴィメタル,60.0kg,0.4m, 
325,305,コドラ,60,90,140,50,50,40,430,鋼,岩,がんじょう,いしあたま,へヴィメタル,120.0kg,0.9m, 
326,306,ボスゴドラ,70,110,180,60,60,50,530,鋼,岩,がんじょう,いしあたま,へヴィメタル,360.0kg,2.1m,ボスゴドラ
327,306,メガボスゴドラ,70,140,230,60,80,50,630,鋼, ,フィルター, , ,395..0kg,2.2m,メガボスゴドラ
328,307,アサナン,30,40,55,40,55,60,280,闘,超,ヨガパワー, ,テレパシー,11.2kg,0.6m, 
329,308,チャーレム,60,60,75,60,75,80,410,闘,超,ヨガパワー, ,テレパシー,31.5kg,1.3m,チャーレム
330,308,メガチャーレム,60,100,85,80,85,100,510,闘,超,ヨガパワー, , ,31.5kg,1.3m,メガチャーレム
331,309,ラクライ,40,45,40,65,40,65,295,電, ,せいでんき,ひらいしん,マイナス,15.2kg,0.6m, 
332,310,メガライボルト,70,75,80,135,80,135,575,電, ,いかく, , ,44.0kg,1.8m,メガライボルト
333,310,ライボルト,70,75,60,105,60,105,475,電, ,せいでんき,ひらいしん,マイナス,40.2kg,1.5m,ライボルト
334,311,プラスル,60,50,40,85,75,95,405,電, ,プラス, ,ひらいしん,4.2kg,0.4m, 
335,312,マイナン,60,40,50,75,85,95,405,電, ,マイナス, ,ちくでん,4.2kg,0.4m, 
336,313,バルビート,65,73,55,47,75,85,400,虫, ,はっこう,むしのしらせ,いたずらごころ,17.7kg,0.7m, 
337,314,イルミーゼ,65,47,55,73,75,85,400,虫, ,どんかん,いろめがね,いたずらごころ,17.7kg,0.6m, 
338,315,ロゼリア,50,60,45,100,80,65,400,草,毒,しぜんかいふく,どくのトゲ,リーフガード,2.0kg,0.3m, 
339,316,ゴクリン,70,43,53,43,53,40,302,毒, ,ヘドロえき,ねんちゃく,くいしんぼう,10.3kg,0.4m, 
340,317,マルノーム,100,73,83,73,83,55,467,毒, ,ヘドロえき,ねんちゃく,くいしんぼう,80.0kg,1.7m, 
341,318,キバニア,45,90,20,65,20,65,305,水,悪,さめはだ, ,かそく,20.8kg,0.8m, 
342,319,サメハダー,70,120,40,95,40,95,460,水,悪,さめはだ, ,かそく,88.8kg,1.8m, 
343,320,ホエルコ,130,70,35,70,35,60,400,水, ,みずのベール,どんかん,プレッシャー,130.0kg,2.0m, 
344,321,ホエルオー,170,90,45,90,45,60,500,水, ,みずのベール,どんかん,プレッシャー,398.0kg,14.5m, 
345,322,ドンメル,60,60,40,65,45,35,305,炎,地,どんかん,たんじゅん,マイペース,24.0kg,0.7m, 
346,323,バクーダ,70,100,70,105,75,40,460,炎,地,マグマのよろい,ハードロック,いかりのつぼ,220.0kg,1.9m, 
347,324,コータス,70,85,140,85,70,20,470,炎, ,しろいけむり, ,シェルアーマー,80.4kg,0.5m, 
348,325,バネブー,60,25,35,70,80,60,330,超, ,あついしぼう,マイペース,くいしんぼう,30.6kg,0.7m, 
349,326,ブーピッグ,80,45,65,90,110,80,470,超, ,あついしぼう,マイペース,くいしんぼう,71.5kg,0.9m, 
350,327,パッチール,60,60,60,60,60,60,360,ノ, ,マイペース,ちどりあし,あまのじゃく,5.0kg,1.1m, 
351,328,ナックラー,45,100,45,45,45,10,290,地, ,かいりきバサミ,ありじごく,ちからずく,15.0kg,0.7m, 
352,329,ビブラーバ,50,70,50,50,50,70,340,地,竜,ふゆう, ,ふゆう,15.3kg,1.1m, 
353,330,フライゴン,80,100,80,80,80,100,520,地,竜,ふゆう, ,ふゆう,82.0kg,2.0m, 
354,331,サボネア,50,85,40,85,40,35,335,草, ,すながくれ, ,ちょすい,51.3kg,0.4m, 
355,332,ノクタス,70,115,60,115,60,55,475,草,悪,すながくれ, ,ちょすい,77.4kg,1.3m, 
356,333,チルット,45,40,60,40,75,50,310,ノ,飛,しぜんかいふく, ,ノーてんき,1.2kg,0.4m, 
357,334,チルタリス,75,70,90,70,105,80,490,竜,飛,しぜんかいふく, ,ノーてんき,20.6kg,1.1m, 
358,335,ザングース,73,115,60,60,60,90,458,ノ, ,めんえき, ,どくぼうそう,40.3kg,1.3m, 
359,336,ハブネーク,73,100,60,100,60,65,458,毒, ,だっぴ, ,すりぬけ,52.5kg,2.7m, 
360,337,ルナトーン,70,55,65,95,85,70,440,岩,超,ふゆう, , ,168.0kg,1.0m, 
361,338,ソルロック,70,95,85,55,65,70,440,岩,超,ふゆう, , ,154.0kg,1.2m, 
362,339,ドジョッチ,50,48,43,46,41,60,288,水,地,どんかん,きけんよち,うるおいボディ,1.9kg,0.4m, 
363,340,ナマズン,110,78,73,76,71,60,468,水,地,どんかん,きけんよち,うるおいボディ,23.6kg,0.9m, 
364,341,ヘイガニ,43,80,65,50,35,35,308,水, ,かいりきバサミ,シェルアーマー,てきおうりょく,11.5kg,0.6m, 
365,342,シザリガー,63,120,85,90,55,55,468,水,悪,かいりきバサミ,シェルアーマー,てきおうりょく,32.8kg,1.1m, 
366,343,ヤジロン,40,40,55,40,70,55,300,地,超,ふゆう, , ,21.5kg,0.5m, 
367,344,ネンドール,60,70,105,70,120,75,500,地,超,ふゆう, , ,108.0kg,1.5m, 
368,345,リリーラ,66,41,77,61,87,23,355,岩,草,きゅうばん, ,よびみず,23.8kg,1.0m, 
369,346,ユレイドル,86,81,97,81,107,43,495,岩,草,きゅうばん, ,よびみず,60.4kg,1.5m, 
370,347,アノプス,45,95,50,40,50,75,355,岩,虫,カブトアーマー, ,すいすい,12.5kg,0.7m, 
371,348,アーマルド,75,125,100,70,80,45,495,岩,虫,カブトアーマー, ,すいすい,68.2kg,1.5m, 
372,349,ヒンバス,20,15,20,10,55,80,200,水, ,すいすい, ,てきおうりょく,7.4kg,0.6m, 
373,350,ミロカロス,95,60,79,100,125,81,540,水, ,ふしぎなうろこ, ,メロメロボディ,162.0kg,6.2m, 
374,351,ポワルン,70,70,70,70,70,70,420,ノ, ,てんきや, , ,0.8kg,0.3m,普段
375,351,ポワルン,70,70,70,70,70,70,420,炎, ,てんきや, , ,0.9kg,0.4m,たいようのすがた
376,351,ポワルン,70,70,70,70,70,70,420,水, ,てんきや, , ,0.10kg,0.5m,あまみずのすがた
377,351,ポワルン,70,70,70,70,70,70,420,氷, ,てんきや, , ,0.11kg,0.6m,ゆきぐものすがた
378,352,カクレオン,60,90,70,60,120,40,440,ノ, ,へんしょく, ,へんげんじざい ,22.0kg,1.0m, 
379,353,カゲボウズ,44,75,35,63,33,45,295,霊, ,ふみん,おみとおし,のろわれボディ,2.3kg,0.6m, 
380,354,ジュペッタ,64,115,65,83,63,65,455,霊, ,ふみん,おみとおし,のろわれボディ,12.5kg,1.1m,ジュペッタ
381,354,メガジュペッタ,64,165,75,93,83,75,555,霊, ,いたずらごころ, , ,13.0kg,1.9m,メガジュペッタ
382,355,ヨマワル,20,40,90,30,90,25,295,霊, ,ふゆう, ,おみとおし ,15.0kg,0.8m, 
383,356,サマヨール,40,70,130,60,130,25,455,霊, ,プレッシャー, ,おみとおし ,30.6kg,1.6m, 
384,357,トロピウス,99,68,83,72,87,51,460,草,飛,ようりょくそ,サンパワー,しゅうかく,100.0kg,2.0m, 
385,358,チリーン,65,50,70,95,80,65,425,超, ,ふゆう, , ,1.0kg,0.6m, 
386,359,アブソル,65,130,60,75,60,75,465,悪, ,プレッシャー,きょううん,せいぎのこころ,47.0kg,1.2m,アブソル
387,359,メガアブソル,65,150,60,115,60,115,565,悪, ,マジックミラー, , ,47.1kg,1.3m,メガアブソル
388,360,ソーナノ,95,23,48,23,48,23,260,超, ,かげふみ, ,テレパシー,14.0kg,0.6m, 
389,361,ユキワラシ,50,50,50,50,50,50,300,氷, ,せいしんりょく,アイスボディ,ムラっけ,16.8kg,0.7m, 
390,362,オニゴーリ,80,80,80,80,80,80,480,氷, ,せいしんりょく,アイスボディ,ムラっけ,256.5kg,1.5m, 
391,363,タマザラシ,70,40,50,55,50,25,290,氷,水,あついしぼう,アイスボディ,どんかん,39.5kg,0.8m, 
392,364,トドグラー,90,60,70,75,70,45,410,氷,水,あついしぼう,アイスボディ,どんかん,87.6kg,1.1m, 
393,365,トドゼルガ,110,80,90,95,90,65,530,氷,水,あついしぼう,アイスボディ,どんかん,150.6kg,1.4m, 
394,366,パールル,35,64,85,74,55,32,345,水, ,シェルアーマー, ,びびり,52.5kg,0.4m, 
395,367,ハンテール,55,104,105,94,75,52,485,水, ,すいすい, ,みずのベール,27.0kg,1.7m, 
396,368,サクラビス,55,84,105,114,75,52,485,水, ,すいすい, ,うるおいボディ,22.6kg,1.8m, 
397,369,ジーランス,100,90,130,45,65,55,485,水,岩,すいすい,いしあたま,がんじょう,23.4kg,1.0m, 
398,370,ラブカス,43,30,55,40,65,97,330,水, ,すいすい, ,うるおいボディ,8.7kg,0.6m, 
399,371,タツベイ,45,75,60,40,30,50,300,竜, ,いしあたま, ,ちからずく,42.1kg,0.6m, 
400,372,コモルー,65,95,100,60,50,50,420,竜, ,いしあたま, ,ぼうじん,110.5kg,1.1m, 
401,373,ボーマンダ,95,135,80,110,80,100,600,竜,飛,いかく, ,じしんかじょう,102.6kg,1.5m, 
402,374,ダンバル,40,55,80,35,60,30,300,鋼,超,クリアボディ, ,ライトメタル,95.2kg,0.6m, 
403,375,メタング,60,75,100,55,80,50,420,鋼,超,クリアボディ, ,ライトメタル,202.5kg,1.2m, 
404,376,メタグロス,80,135,130,95,90,70,600,鋼,超,クリアボディ, ,ライトメタル,550.0kg,1.6m, 
405,377,レジロック,80,100,200,50,100,50,580,岩, ,クリアボディ, , ,230.0kg,1.7m, 
406,378,レジアイス,80,50,100,100,200,50,580,氷, ,クリアボディ, , ,175.0kg,1.8m, 
407,379,レジスチル,80,75,150,75,150,50,580,鋼, ,クリアボディ, , ,205.0kg,1.9m, 
408,380,ラティアス,80,80,90,110,130,110,600,竜,超,ふゆう, , ,40.0kg,1.4m,ラティアス
409,381,ラティオス,80,90,80,130,110,110,600,竜,超,ふゆう, , ,60.0kg,2.0m,ラティオス
410,382,カイオーガ,100,100,90,150,140,90,670,水, ,あめふらし, , ,352.0kg,4.5m, 
411,383,グラードン,100,150,140,100,90,90,670,地, ,ひでり, , ,950.0kg,3.5m, 
412,384,レックウザ,105,150,90,150,90,95,680,竜,飛,エアロック, , ,206.5kg,7.0m, 
413,385,ジラーチ,100,100,100,100,100,100,600,鋼,超,てんのめぐみ, , ,1.1kg,0.3m, 
414,386,デオキシス,50,150,50,150,50,150,600,超, ,プレッシャー, , ,60.8kg,1.7m,ノーマルフォルム
415,386,デオキシス,50,180,20,180,20,150,600,超, ,プレッシャー, , ,60.9kg,1.8m,アタックフォルム
416,386,デオキシス,50,70,160,70,160,90,600,超, ,プレッシャー, , ,60.10kg,1.9m,ディフェンスフォルム
417,386,デオキシス,50,95,90,95,90,180,600,超, ,プレッシャー, , ,60.11kg,1.10m,スピードフォルム
418,387,ナエトル,55,68,64,45,55,31,318,草, ,しんりょく, ,シェルアーマー,10.2kg,0.4m, 
419,388,ハヤシガメ,75,89,85,55,65,36,405,草, ,しんりょく, ,シェルアーマー,97.0kg,1.1m, 
420,389,ドダイトス,95,109,105,75,85,56,525,草,地,しんりょく, ,シェルアーマー,310.0kg,2.2m, 
421,390,ヒコザル,44,58,44,58,44,61,309,炎, ,もうか, ,てつのこぶし,6.2kg,0.5m, 
422,391,モウカザル,64,78,52,78,52,81,405,炎,闘,もうか, ,てつのこぶし,22.0kg,0.9m, 
423,392,ゴウカザル,76,104,71,104,71,108,534,炎,闘,もうか, ,てつのこぶし,55.0kg,1.2m, 
424,393,ポッチャマ,53,51,53,61,56,40,314,水, ,げきりゅう, ,まけんき,5.2kg,0.4m, 
425,394,ポッタイシ,64,66,68,81,76,50,405,水, ,げきりゅう, ,まけんき,23.0kg,0.8m, 
426,395,エンペルト,84,86,88,111,101,60,530,水,鋼,げきりゅう, ,まけんき,84.5kg,1.7m, 
427,396,ムックル,40,55,30,30,30,60,245,ノ,飛,するどいめ, ,すてみ ,2.0kg,0.3m, 
428,397,ムクバード,55,75,50,40,40,80,340,ノ,飛,いかく, ,すてみ,15.5kg,0.6m, 
429,398,ムクホーク,85,120,70,50,60,100,485,ノ,飛,いかく, ,すてみ,24.9kg,1.2m, 
430,399,ビッパ,59,45,40,35,40,31,250,ノ, ,たんじゅん,てんねん,ムラっけ,20.0kg,0.5m, 
431,400,ビーダル,79,85,60,55,60,71,410,ノ,水,たんじゅん,てんねん,ムラっけ,31.5kg,1.0m, 
432,401,コロボーシ,37,25,41,25,41,25,194,虫, ,だっぴ, ,にげあし,2.2kg,0.3m, 
433,402,コロトック,77,85,51,55,51,65,384,虫, ,むしのしらせ, ,テクニシャン,25.5kg,1.0m, 
434,403,コリンク,45,65,34,40,34,45,263,電, ,とうそうしん,いかく,こんじょう,9.5kg,0.5m, 
435,404,ルクシオ,60,85,49,60,49,60,363,電, ,とうそうしん,いかく,こんじょう,30.5kg,0.9m, 
436,405,レントラー,80,120,79,95,79,70,523,電, ,とうそうしん,いかく,こんじょう,42.0kg,1.4m, 
437,406,スボミー,40,30,35,50,70,55,280,草,毒,しぜんかいふく,どくのトゲ,リーフガード,1.2kg,0.2m, 
438,407,ロズレイド,60,70,65,125,105,90,515,草,毒,しぜんかいふく,どくのトゲ,テクニシャン,14.5kg,0.9m, 
439,408,ズガイドス,67,125,40,30,30,58,350,岩, ,かたやぶり, ,ちからずく,31.5kg,0.9m, 
440,409,ラムパルド,97,165,60,65,50,58,495,岩, ,かたやぶり, ,ちからずく,102.5kg,1.6m, 
441,410,タテトプス,30,42,118,42,88,30,350,岩,鋼,がんじょう, ,ぼうおん,57.0kg,0.5m, 
442,411,トリデプス,60,52,168,47,138,30,495,岩,鋼,がんじょう, ,ぼうおん,149.5kg,1.3m, 
443,412,ミノムッチ,40,29,45,29,45,36,224,虫, ,だっぴ, ,ぼうじん,3.4kg,0.2m, 
444,413,ミノマダム,60,59,85,79,105,36,424,虫,草,きけんよち, ,ぼうじん,6.5kg,0.5m,くさきのミノ
445,413,ミノマダム,60,79,105,59,85,36,424,虫,地,きけんよち, ,ぼうじん,6.5kg,0.5m,すなちのミノ
446,413,ミノマダム,60,69,95,69,95,36,424,虫,鋼,きけんよち, ,ぼうじん,6.5kg,0.5m,ゴミのミノ
447,414,ガーメイル,70,94,50,94,50,66,424,虫,飛,むしのしらせ, ,いろめがね,23.3kg,0.9m, 
448,415,ミツハニー,30,30,42,30,42,70,244,虫,飛,みつあつめ, ,はりきり,5.5kg,0.3m, 
449,416,ビークイン,70,80,102,80,102,40,474,虫,飛,プレッシャー, ,きんちょうかん,38.5kg,1.2m, 
450,417,パチリス,60,45,70,45,90,95,405,電, ,にげあし,ものひろい,ちくでん,3.9kg,0.4m, 
451,418,ブイゼル,55,65,35,60,30,85,330,水, ,すいすい, ,みずのベール,29.5kg,0.7m, 
452,419,フローゼル,85,105,55,85,50,115,495,水, ,すいすい, ,みずのベール,33.5kg,1.1m, 
453,420,チェリンボ,45,35,45,62,53,35,275,草, ,ようりょくそ, , ,3.3kg,0.4m, 
454,421,チェリム,70,60,70,87,78,85,450,草, ,フラワーギフト, , ,9.3kg,0.5m,ネガフォルム
455,421,チェリム,70,60,70,87,78,85,450,草, ,フラワーギフト, , ,9.3kg,0.5m,ポジフォルム
456,422,カラナクシ,76,48,48,57,62,34,325,水, ,ねんちゃく,よびみず,すなのちから,6.3kg,0.3m, 
457,423,トリトドン,111,83,68,92,82,39,475,水,地,ねんちゃく,よびみず,すなのちから,29.9kg,0.9m, 
458,424,エテボース,75,100,66,60,66,115,482,ノ, ,テクニシャン,ものひろい,スキルリンク,20.3kg,1.2m, 
459,425,フワンテ,90,50,34,60,44,70,348,霊,飛,ゆうばく,かるわざ,ねつぼうそう,1.2kg,0.4m, 
460,426,フワライド,150,80,44,90,54,80,498,霊,飛,ゆうばく,かるわざ,ねつぼうそう,15.0kg,1.2m, 
461,427,ミミロル,55,66,44,44,56,85,350,ノ, ,にげあし,ぶきよう,じゅうなん,5.5kg,0.4m, 
462,428,ミミロップ,65,76,84,54,96,105,480,ノ, ,メロメロボディ,ぶきよう,じゅうなん,33.3kg,1.2m, 
463,429,ムウマージ,60,60,60,105,105,105,495,霊, ,ふゆう, , ,4.4kg,0.9m, 
464,430,ドンカラス,100,125,52,105,52,71,505,悪,飛,ふみん,きょううん,じしんかじょう,27.3kg,0.9m, 
465,431,ニャルマー,49,55,42,42,37,85,310,ノ, ,じゅうなん,マイペース,するどいめ,3.9kg,0.5m, 
466,432,ブニャット,71,82,64,64,59,112,452,ノ, ,あついしぼう,マイペース,まけんき,43.8kg,1.0m, 
467,433,リーシャン,45,30,50,65,50,45,285,超, ,ふゆう, , ,0.6kg,0.2m, 
468,434,スカンプー,63,63,47,41,41,74,329,毒,悪,あくしゅう,ゆうばく,するどいめ,19.2kg,0.4m, 
469,435,スカタンク,103,93,67,71,61,84,479,毒,悪,あくしゅう,ゆうばく,するどいめ,38.0kg,1.0m, 
470,436,ドーミラー,57,24,86,24,86,23,300,鋼,超,ふゆう,たいねつ,ヘヴィメタル,60.5kg,0.5m, 
471,437,ドータクン,67,89,116,79,116,33,500,鋼,超,ふゆう,たいねつ,ヘヴィメタル,187.0kg,1.3m, 
472,438,ウソハチ,50,80,95,10,45,10,290,岩, ,がんじょう,いしあたま,びびり,15.0kg,0.5m, 
473,439,マネネ,20,25,45,70,90,60,310,超,妖 ,ぼうおん,フィルター,テクニシャン,13.0kg,0.6m, 
474,440,ピンプク,100,5,5,15,65,30,220,ノ, ,しぜんかいふく,てんのめぐみ,フレンドガード,24.4kg,0.6m, 
475,441,ペラップ,76,65,45,92,42,91,411,ノ,飛,するどいめ,ちどりあし,はとむね,1.9kg,0.5m, 
476,442,ミカルゲ,50,92,108,92,108,35,485,霊,悪,プレッシャー, ,すりぬけ,108.0kg,1.0m, 
477,443,フカマル,58,70,45,40,45,42,300,竜,地,すながくれ, ,さめはだ,20.5kg,0.7m, 
478,444,ガバイト,68,90,65,50,55,82,410,竜,地,すながくれ, ,さめはだ,56.0kg,1.4m, 
479,445,ガブリアス,108,130,95,80,85,102,600,竜,地,すながくれ, ,さめはだ,95.0kg,1.9m,ガブリアス
480,445,メガガブリアス,108,170,115,120,95,92,700,竜,地,すなのちから, , ,105.0kg,0.6m,メガガブリアス
481,446,ゴンベ,135,85,40,40,85,5,390,ノ, ,ものひろい,あついしぼう,くいしんぼう,20.2kg,0.7m, 
482,447,リオル,40,70,40,35,40,60,285,闘, ,ふくつのこころ,せいしんりょく,いたずらごころ,54.0kg,1.2m, 
483,448,メガルカリオ,70,145,88,140,70,112,625,闘,鋼,てきおうりょく, , ,57.5kg,1.3m,メガルカリオ
484,448,ルカリオ,70,110,70,115,70,90,525,闘,鋼,ふくつのこころ,せいしんりょく,せいぎのこころ,49.5kg,0.8m,ルカリオ
485,449,ヒポポタス,68,72,78,38,42,32,330,地, ,すなおこし, ,すなのちから,300.0kg,2.0m, 
486,450,カバルドン,108,112,118,68,72,47,525,地, ,すなおこし, ,すなのちから,12.0kg,0.8m, 
487,451,スコルピ,40,50,90,30,55,65,330,毒,虫,カブトアーマー,スナイパー,するどいめ,61.5kg,1.3m, 
488,452,ドラピオン,70,90,110,60,75,95,500,毒,悪,カブトアーマー,スナイパー,するどいめ,23.0kg,0.7m, 
489,453,グレッグル,48,61,40,61,40,50,300,毒,闘,きけんよち,かんそうはだ,どくしゅ,44.4kg,1.3m, 
490,454,ドクロッグ,83,106,65,86,65,85,490,毒,闘,きけんよち,かんそうはだ,どくしゅ,27.0kg,1.4m, 
491,455,マスキッパ,74,100,72,90,72,46,454,草, ,ふゆう, , ,7.0kg,0.4m, 
492,456,ケイコウオ,49,49,56,49,61,66,330,水, ,すいすい,よびみず,みずのベール, , , 
493,457,ネオラント,69,69,76,69,86,91,460,水, ,すいすい,よびみず,みずのベール,24.0kg,1.2m, 
494,458,タマンタ,45,20,50,60,120,50,345,水,飛,すいすい,ちょすい,みずのベール,65.0kg,1.0m, 
495,459,ユキカブリ,60,62,50,62,60,40,334,草,氷,ゆきふらし, ,ぼうおん,50.5kg,1.0m, 
496,460,メガユキノオー,90,132,105,132,105,30,594,草,氷,ゆきふらし, , ,135.5kg,2.2m,メガユキノオー
497,460,ユキノオー,90,92,75,92,85,60,494,草,氷,ゆきふらし, ,ぼうおん,34.0kg,1.1m,ユキノオー
498,461,マニューラ,70,120,65,45,85,125,510,悪,氷,プレッシャー, ,わるいてぐせ,180.0kg,1.2m, 
499,462,ジバコイル,70,70,115,130,90,60,535,電,鋼,じりょく,がんじょう,アナライズ,140.0kg,1.7m, 
500,463,ベロベルト,110,85,95,80,95,50,515,ノ, ,マイペース,どんかん,ノーてんき,282.8kg,2.4m, 
501,464,ドサイドン,115,140,130,55,55,40,535,地,岩,ひらいしん,ハードロック,すてみ,128.6kg,2.0m, 
502,465,モジャンボ,100,100,125,110,50,50,535,草, ,ようりょくそ,リーフガード,さいせいりょく,138.6kg,1.8m, 
503,466,エレキブル,75,123,67,95,85,95,540,電, ,でんきエンジン, ,やるき,68.0kg,1.6m, 
504,467,ブーバーン,75,95,67,125,95,83,540,炎, ,ほのおのからだ, ,やるき,38.0kg,1.5m, 
505,468,トゲキッス,85,50,95,120,115,80,545,妖,飛,はりきり,てんのめぐみ,きょううん, , , 
506,469,メガヤンマ,86,76,86,116,56,95,515,虫,飛,かそく,いろめがね,おみとおし,51.5kg,1.9m, 
507,470,リーフィア,65,110,130,60,65,95,525,草, ,リーフガード, ,ようりょくそ,25.5kg,1.0m, 
508,471,グレイシア,65,60,110,130,95,65,525,氷, ,ゆきがくれ, ,アイスボディ,25.9kg,0.8m, 
509,472,グライオン,75,95,125,45,75,95,510,地,飛,かいりきバサミ,すながくれ,ポイズンヒール,42.5kg,2.0m, 
510,473,マンムー,110,130,80,70,60,80,530,氷,地,どんかん,ゆきがくれ,あついしぼう,291.0kg,2.5m, 
511,474,ポリゴンZ,85,80,70,135,75,90,535,ノ, ,てきおうりょく,ダウンロード,アナライズ,34.0kg,0.9m, 
512,475,エルレイド,68,125,65,65,115,80,518,超,闘,ふくつのこころ, ,せいぎのこころ,52.0kg,1.6m, 
513,476,ダイノーズ,60,55,145,75,150,40,525,岩,鋼,がんじょう,じりょく,すなのちから,340.0kg,1.4m, 
514,477,ヨノワール,45,100,135,65,135,45,525,霊, ,プレッシャー, ,おみとおし ,106.6kg,2.2m, 
515,478,ユキメノコ,70,80,70,80,70,110,480,氷,霊,ゆきがくれ, ,のろわれボディ,26.6kg,1.3m, 
516,479,ロトム,50,65,107,105,107,86,520,電,水,ふゆう, , ,0.3kg,0.3m,ウォッシュ
517,479,ロトム,50,65,107,105,107,86,520,電,草,ふゆう, , ,0.3kg,0.3m,カット
518,479,ロトム,50,65,107,105,107,86,520,電,飛,ふゆう, , ,0.3kg,0.3m,スピン
519,479,ロトム,50,65,107,105,107,86,520,電,炎,ふゆう, , ,0.3kg,0.3m,ヒート
520,479,ロトム,50,65,107,105,107,86,520,電,氷,ふゆう, , ,0.3kg,0.3m,フロスト
521,479,ロトム,50,50,77,95,77,91,440,電,霊,ふゆう, , ,0.3kg,0.3m,ノーマル
522,480,ユクシー,75,75,130,75,130,95,580,超, ,ふゆう, , ,0.3kg,0.3m, 
523,481,エムリット,80,105,105,105,105,80,580,超, ,ふゆう, , ,0.3kg,0.3m, 
524,482,アグノム,75,125,70,125,70,115,580,超, ,ふゆう, , ,0.3kg,0.3m, 
525,483,ディアルガ,100,120,120,150,100,90,680,鋼,竜,プレッシャー, ,テレパシー,683.0kg,5.4m, 
526,484,パルキア,90,120,100,150,120,100,680,水,竜,プレッシャー, ,テレパシー,336.0kg,4.2m, 
527,485,ヒードラン,91,90,106,130,106,77,600,炎,鋼,もらいび, , ,430.0kg,1.7m, 
528,486,レジギガス,110,160,110,80,110,100,670,ノ, ,スロースタート, , ,420.0kg,3.7m, 
529,487,ギラティナ,150,100,120,100,120,90,680,霊,竜,プレッシャー, ,テレパシー,750.0kg,4.5m,アナザーフォルム
530,487,ギラティナ,150,120,100,120,100,90,680,霊,竜,ふゆう, , ,650.0kg,6.9m,オリジンフォルム
531,488,クレセリア,120,70,120,75,130,85,600,超, ,ふゆう, , ,85.6kg,1.5m, 
532,489,フィオネ,80,80,80,80,80,80,480,水, ,うるおいボディ, , ,3.1kg,0.4m, 
533,490,マナフィ,100,100,100,100,100,100,600,水, ,うるおいボディ, , ,1.4kg,0.3m, 
534,491,ダークライ,70,90,90,135,90,125,600,悪, ,ナイトメア, , ,50.5kg,1.5m, 
535,492,シェイミ,100,100,100,100,100,100,600,草, ,しぜんかいふく, , ,2.1kg,0.2m,ランドフォルム
536,492,シェイミ,100,103,75,120,75,127,600,草,飛,てんのめぐみ, , ,5.2kg,0.4m,スカイフォルム
537,493,アルセウス,120,120,120,120,120,120,720,ノ, ,マルチタイプ, , ,320.0kg,3.2m, 
538,494,ビクティニ,100,100,100,100,100,100,600,超,炎,しょうりのほし, , ,4.0kg,0.4m, 
539,495,ツタージャ,45,45,55,45,55,63,308,草, ,しんりょく, , ,8.1kg,0.6m, 
540,496,ジャノビー,60,60,75,60,75,83,413,草, ,しんりょく, , ,16.0kg,0.8m, 
541,497,ジャローダ,75,75,95,75,95,113,528,草, ,しんりょく, , ,63.0kg,3.3m, 
542,498,ポカブ,65,63,45,45,45,45,308,炎, ,もうか, , ,9.9kg,0.5m, 
543,499,チャオブー,90,93,55,70,55,55,418,炎,闘,もうか, , ,55.5kg,1.0m, 
544,500,エンブオー,110,123,65,100,65,65,528,炎,闘,もうか, , ,150.0kg,1.6m, 
545,501,ミジュマル,55,55,45,63,45,45,308,水, ,げきりゅう, , ,5.9kg,0.5m, 
546,502,フタチマル,75,75,60,83,60,60,413,水, ,げきりゅう, , ,24.5kg,0.8m, 
547,503,ダイケンキ,95,100,85,108,70,70,528,水, ,げきりゅう, , ,94.6kg,1.5m, 
548,504,ミネズミ,45,55,39,35,39,42,255,ノ, ,にげあし,するどいめ,アナライズ,11.6kg,0.5m, 
549,505,ミルホッグ,60,85,69,60,69,77,420,ノ, ,はっこう,するどいめ,アナライズ,27.0kg,1.1m, 
550,506,ヨーテリー,45,60,45,25,45,55,275,ノ, ,やるき,ものひろい,にげあし,4.1kg,0.4m, 
551,507,ハーデリア,65,80,65,35,65,60,370,ノ, ,いかく,すなかき,きもったま,14.7kg,0.9m, 
552,508,ムーランド,85,110,90,45,90,80,500,ノ, ,いかく,すなかき,きもったま,61.0kg,1.2m, 
553,509,チョロネコ,41,50,37,50,37,66,281,悪, ,じゅうなん,かるわざ,いたずらごころ,10.1kg,0.4m, 
554,510,レパルダス,64,88,50,88,50,106,446,悪, ,じゅうなん,かるわざ,いたずらごころ,37.5kg,1.1m, 
555,511,ヤナップ,50,53,48,53,48,64,316,草, ,くいしんぼう, ,しんりょく,10.5kg,0.6m, 
556,512,ヤナッキー,75,98,63,98,63,101,498,草, ,くいしんぼう, ,しんりょく,30.5kg,1.1m, 
557,513,バオップ,50,53,48,53,48,64,316,炎, ,くいしんぼう, ,もうか,11.0kg,0.6m, 
558,514,バオッキー,75,98,63,98,63,101,498,炎, ,くいしんぼう, ,もうか,28.0kg,1.0m, 
559,515,ヒヤップ,50,53,48,53,48,64,316,水, ,くいしんぼう, ,げきりゅう,13.5kg,0.6m, 
560,516,ヒヤッキー,75,98,63,98,63,101,498,水, ,くいしんぼう, ,げきりゅう,29.0kg,1.0m, 
561,517,ムンナ,76,25,45,67,55,24,292,超, ,よちむ,シンクロ,テレパシー,23.3kg,0.6m, 
562,518,ムシャーナ,116,55,85,107,95,29,487,超, ,よちむ,シンクロ,テレパシー,60.5kg,1.1m, 
563,519,マメパト,50,55,50,36,30,43,264,ノ,飛,はとむね,きょううん,とうそうしん,2.1kg,0.3m, 
564,520,ハトーボー,62,77,62,50,42,65,358,ノ,飛,はとむね,きょううん,とうそうしん,15.0kg,0.6m, 
565,521,ケンホロウ,80,115,80,65,55,93,488,ノ,飛,はとむね,きょううん,とうそうしん,29.0kg,1.2m, 
566,522,シママ,45,60,32,50,32,76,295,電, ,ひらいしん,でんきエンジン,そうしょく,29.8kg,0.8m, 
567,523,ゼブライカ,75,100,63,80,63,116,497,電, ,ひらいしん,でんきエンジン,そうしょく,79.5kg,1.6m, 
568,524,ダンゴロ,55,75,85,25,25,15,280,岩, ,がんじょう, ,すなのちから,18.0kg,0.4m, 
569,525,ガントル,70,105,105,50,40,20,390,岩, ,がんじょう, ,すなのちから,102.0kg,0.9m, 
570,526,ギガイアス,85,135,130,60,80,25,515,岩, ,がんじょう, ,すなのちから,260.0kg,1.7m, 
571,527,コロモリ,55,45,43,55,43,72,313,超,飛,てんねん,ぶきよう,たんじゅん,2.1kg,0.4m, 
572,528,ココロモリ,67,57,55,77,55,114,425,超,飛,てんねん,ぶきよう,たんじゅん,10.5kg,0.9m, 
573,529,モグリュー,60,85,40,30,45,68,328,地, ,すなかき,すなのちから,かたやぶり,8.5kg,0.3m, 
574,530,ドリュウズ,110,135,60,50,65,88,508,地,鋼,すなかき,すなのちから,かたやぶり,40.4kg,0.7m, 
575,531,タブンネ,103,60,86,60,86,50,445,ノ, ,いやしのこころ,さいせいりょく,ぶきよう,31.0kg,1.1m, 
576,532,ドッコラー,75,80,55,25,35,35,305,闘, ,こんじょう,ちからずく,てつのこぶし,12.5kg,0.6m, 
577,533,ドテッコツ,85,105,85,40,50,40,405,闘, ,こんじょう,ちからずく,てつのこぶし,40.0kg,1.2m, 
578,534,ローブシン,105,140,95,55,65,45,505,闘, ,こんじょう,ちからずく,てつのこぶし,87.0kg,1.4m, 
579,535,オタマロ,50,50,40,50,40,64,294,水, ,すいすい,うるおいボディ,ちょすい,4.5kg,0.5m, 
580,536,ガマガル,75,65,55,65,55,69,384,水,地,すいすい,うるおいボディ,ちょすい,17.0kg,0.8m, 
581,537,ガマゲロゲ,105,95,75,85,75,74,509,水,地,すいすい,どくしゅ,ちょすい,62.0kg,1.5m, 
582,538,ナゲキ,120,100,85,30,85,45,465,闘, ,こんじょう,せいしんりょく,かたやぶり,55.5kg,1.3m, 
583,539,ダゲキ,75,125,75,30,75,85,465,闘, ,がんじょう,せいしんりょく,かたやぶり,51.0kg,1.4m, 
584,540,クルミル,45,53,70,40,60,42,310,虫,草,むしのしらせ,ようりょくそ,ぼうじん,2.5kg,0.3m, 
585,541,クルマユ,55,63,90,50,80,42,380,虫,草,リーフガード,ようりょくそ,ぼうじん,7.3kg,0.5m, 
586,542,ハハコモリ,75,103,80,70,80,92,500,虫,草,むしのしらせ,ようりょくそ,ぼうじん,20.5kg,1.2m, 
587,543,フシデ,30,45,59,30,39,57,260,虫,毒,どくのトゲ,むしのしらせ,かそく ,5.3kg,0.4m, 
588,544,ホイーガ,40,55,99,40,79,47,360,虫,毒,どくのトゲ,むしのしらせ,かそく ,58.5kg,1.2m, 
589,545,ペンドラー,60,100,89,55,69,112,485,虫,毒,どくのトゲ,むしのしらせ,かそく ,200.5kg,2.5m, 
590,546,モンメン,40,27,60,37,50,66,280,草,フェアリー,いたずらごころ,すりぬけ,ようりょくそ,0.6kg,0.3m, 
591,547,エルフーン,60,67,85,77,75,116,480,草,妖,いたずらごころ,すりぬけ,ようりょくそ,6.6kg,0.7m, 
592,548,チュリネ,45,35,50,70,50,30,280,草, ,ようりょくそ,マイペース,リーフガード,6.6kg,0.5m, 
593,549,ドレディア,70,60,75,110,75,90,480,草, ,ようりょくそ,マイペース,リーフガード,16.3kg,1.1m, 
594,550,バスラオ,70,92,65,80,55,98,460,水, ,すてみ,てきおうりょく,かたやぶり,18.0kg,1.0m,あかすじのすがた
595,550,バスラオ,70,92,65,80,55,98,460,水, ,いしあたま,てきおうりょく,かたやぶり,18.0kg,1.0m,あおすじのすがた
596,551,メグロコ,50,72,35,35,35,65,292,地,悪,いかく,じしんかじょう,いかりのつぼ,15.2kg,0.7m, 
597,552,ワルビル,60,82,45,45,45,74,351,地,悪,いかく,じしんかじょう,いかりのつぼ,33.4kg,1.0m, 
598,553,ワルビアル,95,117,80,65,70,92,519,地,悪,いかく,じしんかじょう,いかりのつぼ,96.3kg,1.5m, 
599,554,ダルマッカ,70,90,45,15,45,50,315,炎, ,はりきり, ,せいしんりょく,37.5kg,0.6m, 
600,555,ヒヒダルマ,105,140,55,30,55,95,480,炎, ,ちからずく, ,ダルマモード,92.9kg,1.3m,ノーマルモード
601,555,ヒヒダルマ,105,30,105,140,105,55,540,炎,超,ちからずく, ,ダルマモード,92.9kg,1.3m,ダルマモード
602,556,マラカッチ,75,86,67,106,67,60,461,草, ,ちょすい,ようりょくそ,よびみず,28.0kg,1.0m, 
603,557,イシズマイ,50,65,85,35,35,55,325,虫,岩,がんじょう,シェルアーマー,くだけるよろい,14.5kg,0.3m, 
604,558,イワパレス,70,95,125,65,75,45,475,虫,岩,がんじょう,シェルアーマー,くだけるよろい,200.0kg,1.4m, 
605,559,ズルッグ,50,75,70,35,70,48,348,悪,闘,だっぴ,じしんかじょう,いかく,11.8kg,0.6m, 
606,560,ズルズキン,65,90,115,45,115,58,488,悪,闘,だっぴ,じしんかじょう,いかく,30.0kg,1.1m, 
607,561,シンボラー,72,58,80,103,80,97,490,超,飛,マジックガード,ミラクルスキン,いろめがね,14.0kg,1.4m, 
608,562,デスマス,38,30,85,55,65,30,303,霊, ,ミイラ, , ,1.5kg,0.5m, 
609,563,デスカーン,58,50,145,95,105,30,483,霊, ,ミイラ, , ,76.5kg,1.7m, 
610,564,プロトーガ,54,78,103,53,45,22,355,水,岩,がんじょう,ハードロック,すいすい,16.5kg,0.7m, 
611,565,アバゴーラ,74,108,133,83,65,32,495,水,岩,がんじょう,ハードロック,すいすい,81.0kg,1.2m, 
612,566,アーケン,55,112,45,74,45,70,401,岩,飛,よわき, , ,9.5kg,0.5m, 
613,567,アーケオス,75,140,65,112,65,110,567,岩,飛,よわき, , ,32.0kg,1.4m, 
614,568,ヤブクロン,50,50,62,40,62,65,329,毒, ,あくしゅう,ねんちゃく,ゆうばく,31.0kg,0.6m, 
615,569,ダストダス,80,95,82,60,82,75,474,毒, ,あくしゅう,くだけるよろい,ゆうばく,107.3kg,1.9m, 
616,570,ゾロア,40,65,40,80,40,65,330,悪, ,イリュージョン, , ,12.5kg,0.7m, 
617,571,ゾロアーク,60,105,60,120,60,105,510,悪, ,イリュージョン, , ,81.1kg,1.6m, 
618,572,チラーミィ,55,50,40,40,40,75,300,ノ, ,メロメロボディ,テクニシャン,スキルリンク,5.8kg,0.4m, 
619,573,チラチーノ,75,95,60,65,60,115,470,ノ, ,メロメロボディ,テクニシャン,スキルリンク,7.5kg,0.5m, 
620,574,ゴチム,45,30,50,55,65,45,290,超, ,おみとおし,かちき,かげふみ,5.8kg,0.4m, 
621,575,ゴチミル,60,45,70,75,85,55,390,超, ,おみとおし,かちき,かげふみ,18.0kg,0.7m, 
622,576,ゴチルゼル,70,55,95,95,110,65,490,超, ,おみとおし,かちき,かげふみ,44.0kg,1.5m, 
623,577,ユニラン,45,30,40,105,50,20,290,超, ,ぼうじん,マジックガード,さいせいりょく,1.0kg,0.3m, 
624,578,ダブラン,65,40,50,125,60,30,370,超, ,ぼうじん,マジックガード,さいせいりょく,8.0kg,0.6m, 
625,579,ランクルス,110,65,75,125,85,30,490,超, ,ぼうじん,マジックガード,:さいせいりょく,20.1kg,1.0m, 
626,580,コアルヒー,62,44,50,44,50,55,305,水,飛,するどいめ,はとむね,うるおいボディ,5.5kg,0.5m, 
627,581,スワンナ,75,87,63,87,63,98,473,水,飛,するどいめ,はとむね,うるおいボディ,24.2kg,1.3m, 
628,582,バニプッチ,36,50,50,65,60,44,305,氷, ,アイスボディ, ,くだけるよろい,5.7kg,0.4m, 
629,583,バニリッチ,51,65,65,80,75,59,395,氷, ,アイスボディ, ,くだけるよろい,41.0kg,1.1m, 
630,584,バイバニラ,71,95,85,110,95,79,535,氷, ,アイスボディ, ,くだけるよろい,57.5kg,1.3m, 
631,585,シキジカ,60,60,50,40,50,75,335,ノ,草,ようりょくそ,そうしょく,てんのめぐみ,19.5kg,0.6m, 
632,586,メブキジカ,80,100,70,60,70,95,475,ノ,草,ようりょくそ,そうしょく,てんのめぐみ,92.5kg,1.9m, 
633,587,エモンガ,55,75,60,75,60,103,428,電,飛,せいでんき, ,でんきエンジン,5.0kg,0.4m, 
634,588,カブルモ,50,75,45,40,45,60,315,虫, ,むしのしらせ,だっぴ,ノーガード,5.9kg,0.5m, 
635,589,シュバルゴ,70,135,105,60,105,20,495,虫,鋼,むしのしらせ,シェルアーマー,ぼうじん,33.0kg,1.0m, 
636,590,タマゲタケ,69,55,45,55,55,15,294,草,毒,ほうし, ,さいせいりょく,1.0kg,0.2m, 
637,591,モロバレル,114,85,70,85,80,30,464,草,毒,ほうし, ,さいせいりょく,10.5kg,0.6m, 
638,592,プルリル,55,40,50,65,85,40,335,水,霊,ちょすい,のろわれボディ,しめりけ,33.0kg,1.2m, 
639,593,ブルンゲル,100,60,70,85,105,60,480,水,霊,ちょすい,のろわれボディ,しめりけ,135.0kg,2.2m, 
640,594,ママンボウ,165,75,80,40,45,65,470,水, ,いやしのこころ,うるおいボディ,さいせいりょく,31.6kg,1.2m, 
641,595,バチュル,50,47,50,57,50,65,319,虫,電,ふくがん,きんちょうかん,むしのしらせ,0.6kg,0.1m, 
642,596,デンチュラ,70,77,60,97,60,108,472,虫,電,ふくがん,きんちょうかん,むしのしらせ,14.3kg,0.8m, 
643,597,テッシード,44,50,91,24,86,10,305,草,鋼,てつのトゲ, ,てつのトゲ,18.8kg,0.6m, 
644,598,ナットレイ,74,94,131,54,116,20,489,草,鋼,てつのトゲ, ,きけんよち,110.0kg,1.0m, 
645,599,ギアル,40,55,70,45,60,30,300,鋼, ,プラス,マイナス, ,21.0kg,0.3m, 
646,600,ギギアル,60,80,95,70,85,50,440,鋼, ,プラス,マイナス,クリアボディ,21.0kg,0.3m, 
647,601,ギギギアル,60,100,115,70,85,90,520,鋼, ,プラス,マイナス,クリアボディ,21.0kg,0.3m, 
648,602,シビシラス,35,55,40,45,40,60,275,電, ,ふゆう, , ,0.3kg,0.2m, 
649,603,シビビール,65,85,70,75,70,40,405,電, ,ふゆう, , ,22.0kg,1.2m, 
650,604,シビルドン,85,115,80,105,80,50,515,電, ,ふゆう, , ,80.5kg,2.1m, 
651,605,リグレー,55,55,55,85,55,30,335,超, ,テレパシー,シンクロ,アナライズ,9.0kg,0.5m, 
652,606,オーベム,75,75,75,125,95,40,485,超, ,テレパシー,シンクロ,アナライズ,34.5kg,1.0m, 
653,607,ヒトモシ,50,30,55,65,55,20,275,霊,炎,もらいび,ほのおのからだ,すりぬけ,3.1kg,0.3m, 
654,608,ランプラー,60,40,60,95,60,55,370,霊,炎,もらいび,ほのおのからだ,すりぬけ,13.0kg,0.6m, 
655,609,シャンデラ,60,55,90,145,90,80,520,霊,炎,もらいび,ほのおのからだ,すりぬけ,34.3kg,1.0m, 
656,610,キバゴ,46,87,60,30,40,57,320,竜, ,とうそうしん,かたやぶり,きんちょうかん,18.0kg,0.6m, 
657,611,オノンド,66,117,70,40,50,67,410,竜, ,とうそうしん,かたやぶり,きんちょうかん,36.0kg,1.0m, 
658,612,オノノクス,76,147,90,60,70,97,540,竜, ,とうそうしん,かたやぶり,きんちょうかん,105.5kg,1.8m, 
659,613,クマシュン,55,70,40,60,40,40,305,氷, ,ゆきがくれ, ,びびり,8.5kg,0.5m, 
660,614,ツンベアー,95,110,80,70,80,50,485,氷, ,ゆきがくれ, ,すいすい,260.0kg,2.6m, 
661,615,フリージオ,70,50,30,95,135,105,485,氷, ,ふゆう, , ,148.0kg,1.1m, 
662,616,チョボマキ,50,40,85,40,65,25,305,虫, ,うるおいボディ,シェルアーマー,ぼうじん,7.7kg,0.4m, 
663,617,アギルダー,80,70,40,100,60,145,495,虫, ,うるおいボディ,ねんちゃく,かるわざ,25.3kg,0.8m, 
664,618,マッギョ,109,66,84,81,99,32,471,地,電,せいでんき,じゅうなん,すながくれ,11.0kg,0.7m, 
665,619,コジョフー,45,85,50,55,50,65,350,闘, ,せいしんりょく,さいせいりょく,すてみ,20.0kg,0.9m, 
666,620,コジョンド,65,125,60,95,60,105,510,闘, ,せいしんりょく,さいせいりょく,すてみ,35.5kg,1.4m, 
667,621,クリムガン,77,120,90,60,90,48,485,竜, ,さめはだ,ちからずく,かたやぶり,139.0kg,1.6m, 
668,622,ゴビット,59,74,50,35,50,35,303,地,霊,てつのこぶし,ぶきよう,ノーガード,92.0kg,1.0m, 
669,623,ゴルーグ,89,124,80,55,80,55,483,地,霊,てつのこぶし,ぶきよう,ノーガード,330.0kg,2.8m, 
670,624,コマタナ,45,85,70,40,40,60,340,悪,鋼,せいしんりょく,まけんき,プレッシャー,10.2kg,0.5m, 
671,625,キリキザン,65,125,100,60,70,70,490,悪,鋼,せいしんりょく,まけんき,プレッシャー,94.6kg,1.6m, 
672,626,バッフロン,95,110,95,40,95,55,490,ノ, ,すてみ,そうしょく,ぼうおん,94.6kg,1.6m, 
673,627,ワシボン,70,83,50,37,50,60,350,ノ,飛,するどいめ,ちからずく,まけんき,10.5kg,0.5m, 
674,628,ウォーグル,100,123,75,57,75,80,510,ノ,飛,するどいめ,ちからずく,まけんき,41.0kg,1.5m, 
675,629,バルチャイ,70,55,75,45,65,60,370,悪,飛,はとむね,ぼうじん,くだけるよろい,9.0kg,0.5m, 
676,630,バルジーナ,110,65,105,55,95,80,510,悪,飛,はとむね,ぼうじん,くだけるよろい,39.5kg,1.2m, 
677,631,クイタラン,85,97,66,105,66,65,484,炎, ,くいしんぼう,もらいび,しろいけむり,58.0kg,1.4m, 
678,632,アイアント,58,109,112,48,48,109,484,虫,鋼,むしのしらせ,はりきり,なまけ,33.0kg,0.3m, 
679,633,モノズ,52,65,50,45,50,38,300,悪,竜,はりきり, , ,17.3kg,0.8m, 
680,634,ジヘッド,72,85,70,65,70,58,420,悪,竜,はりきり, , ,50.0kg,1.4m, 
681,635,サザンドラ,92,105,90,125,90,98,600,悪,竜,ふゆう, , ,160.0kg,1.8m, 
682,636,メラルバ,55,85,55,50,55,60,360,虫,炎,ほのおのからだ, ,むしのしらせ,28.8kg,1.1m, 
683,637,ウルガモス,85,60,65,135,105,100,550,虫,炎,ほのおのからだ, ,むしのしらせ,46.0kg,1.6m, 
684,638,コバルオン,91,90,129,90,72,108,580,鋼,闘,せいぎのこころ, , ,250.0kg,2.1m, 
685,639,テラキオン,91,129,90,72,90,108,580,岩,闘,せいぎのこころ, , ,260.0kg,1.9m, 
686,640,ビリジオン,91,90,72,90,129,108,580,草,闘,せいぎのこころ, , ,200.0kg,2.0m, 
687,641,トルネロス,79,115,70,125,80,111,580,飛, ,いたずらごころ, ,まけんき,63.0kg,1.5m,けしんフォルム
688,641,トルネロス,79,100,80,110,90,121,580,飛, ,さいせいりょく, , ,63.0kg,1.4m,れいじゅうフォルム
689,642,ボルトロス,79,115,70,125,80,111,580,電,飛,いたずらごころ, ,まけんき,61.0kg,1.5m,けしんフォルム
690,642,ボルトロス,79,105,70,145,80,101,580,電,飛,ちくでん, , ,63.0kg,1.4m,れいじゅうフォルム
691,643,レシラム,100,120,100,150,120,90,680,竜,炎,ターボブレイズ, , ,330.0kg,3.2m, 
692,644,ゼクロム,100,150,120,120,100,90,680,竜,電,テラボルテージ, , ,345.0kg,2.9m, 
693,645,ランドロス,89,125,90,115,80,101,600,地,飛,すなのちから, ,ちからずく,68.0kg,1.5m,けしんフォルム
694,645,ランドロス,89,145,90,105,80,91,600,地,飛,いかく, , ,68.0kg,1.3m,れいじゅうフォルム
695,646,キュレム,125,130,90,130,90,95,660,竜,氷,プレッシャー, , ,325.0kg,3.0m,キュレム
696,646,キュレム,125,120,90,170,100,95,700,竜,氷,テラボルテージ, , ,325.0kg,3.3m,ブラックキュレム
697,646,キュレム,125,170,100,120,90,95,700,竜,氷,ターボブレイズ, , ,325.0kg,3.6m,ホワイトキュレム
698,647,ケルディオ,91,72,90,129,90,108,580,水,闘,せいぎのこころ, , ,48.5kg,1.4m,いつものすがた
699,647,ケルディオ,91,72,90,129,90,108,580,水,闘,せいぎのこころ, , ,48.5kg,1.4m,かくごのすがた
700,648,メロエッタ,100,77,77,128,128,90,600,ノ,超,てんのめぐみ, , ,6.5kg,0.6m,ボイスフォルム
701,648,メロエッタ,100,128,90,77,77,128,600,ノ,闘,てんのめぐみ, , ,6.5kg,0.6m,ステップフォルム
702,649,ゲノセクト,71,120,95,120,95,99,600,虫,鋼,ダウンロード, , ,82.5kg,1.5m, 
703,650,ハリマロン,56,61,65,48,45,38,313,草, ,しんりょく, ,ぼうだん,9.0kg,0.4m, 
704,651,ハリボーグ,61,78,95,56,58,57,405,草, ,しんりょく, ,ぼうだん,29.0kg,0.7m, 
705,652,ブリガロン,88,107,122,74,75,64,530,草,闘,しんりょく, ,ぼうだん,90.0kg,1.6m, 
706,653,フォッコ,40,45,40,62,60,60,307,炎, ,もうか, ,マジシャン,9.4kg,0.4m, 
707,654,テールナー,59,59,58,90,70,73,409,炎, ,もうか, ,マジシャン,14.5kg,1.0m, 
708,655,マフォクシー,75,69,72,114,100,104,534,炎,超,もうか, ,マジシャン,39.0kg,1.5m, 
709,656,ケロマツ,41,56,40,62,44,71,314,水, ,げきりゅう, ,へんげんじざい,7.0kg,0.3m, 
710,657,ゲコガシラ,54,63,52,83,56,97,405,水, ,げきりゅう, ,へんげんじざい,10.9kg,0.6m, 
711,658,ゲッコウガ,72,95,67,103,71,122,530,水,悪,げきりゅう, ,へんげんじざい,40.0kg,1.5m, 
712,659,ホルビー,38,36,38,32,36,57,237,ノ, ,ものひろい,ほおぶくろ,ちからもち,5.0kg,0.4m, 
713,660,ホルード,85,56,77,50,77,78,423,ノ,地,ものひろい,ほおぶくろ,ちからもち,42.4kg,1.0m, 
714,661,ヤヤコマ,45,50,43,40,38,62,278,ノ,飛,はとむね, ,はやてのつばさ,1.7kg,0.3m, 
715,662,ヒノヤコマ,62,73,55,56,52,84,382,炎,飛,ほのおのからだ, ,はやてのつばさ,16.0kg,0.7m, 
716,663,ファイアロー,78,81,71,74,69,126,499,炎,飛,ほのおのからだ, ,はやてのつばさ,24.5kg,1.2m, 
717,664,コフキムシ,38,35,40,27,25,35,200,虫, ,りんぷん,ふくがん,フレンドガード,2.5kg,0.3m, 
718,665,コフーライ,45,22,60,27,30,29,213,虫, ,だっぴ, ,フレンドガード,8.4kg,0.3m, 
719,666,ビビヨン,80,52,50,90,50,89,411,虫,飛,りんぷん,ふくがん,フレンドガード,17.0kg,1.2m, 
720,667,シシコ,62,50,58,73,54,72,369,炎,ノ,とうそうしん,きんちょうかん,じしんかじょう,13.5kg,0.6m, 
721,668,カエンジシ,86,68,72,109,66,106,507,炎,ノ,とうそうしん,きんちょうかん,じしんかじょう,81.5kg,1.5m, 
722,669,フラベベ,44,38,39,61,79,42,303,妖, ,フラワーベール, ,きょうせい,0.1kg,0.1m, 
723,670,フラエッテ,54,45,47,75,98,52,371,妖, ,フラワーベール, ,きょうせい,0.9kg,0.2m, 
724,671,フラージェス,78,65,68,112,154,75,552,妖, ,フラワーベール, ,きょうせい,10.0kg,1.1m, 
725,672,メェークル,66,65,48,62,57,52,350,草, ,そうしょく, ,くさのけがわ,31.0kg,0.9m, 
726,673,ゴーゴート,123,100,62,97,81,68,531,草, ,そうしょく, ,くさのけがわ,91.0kg,1.7m, 
727,674,ヤンチャム,67,82,62,46,48,43,348,闘, ,てつのこぶし,かたやぶり,きもったま,8.0kg,0.6m, 
728,675,ゴロンダ,95,124,78,69,71,58,495,闘,悪,てつのこぶし,かたやぶり,きもったま,136.0kg,2.1m, 
729,676,トリミアン,75,80,60,65,90,102,472,ノ, ,ファーコート, , ,28.0kg,1.2m, 
730,677,ニャスパー,62,48,54,63,60,68,355,超, ,するどいめ,すりぬけ,マイペース,3.5kg,0.3m, 
731,678,ニャオニクス,74,48,76,83,81,104,466,超, ,するどいめ,すりぬけ,いたずらごころ,8.5kg,0.6m,オスの姿
732,678,ニャオニクス,74,48,76,83,81,104,466,超, ,するどいめ,すりぬけ,かちき,8.5kg,0.6m,メスの姿
733,679,ヒトツキ,45,80,100,35,37,28,325,鋼,霊,ノーガード, , ,2.0kg,0.8m, 
734,680,ニダンギル,59,110,150,45,49,35,448,鋼,霊,ノーガード, , ,4.5kg,0.8m, 
735,681,ギルガルド,60,50,150,50,150,60,520,鋼,霊,バトルスイッチ, , ,53.0kg,1.7m,シールドフォルム
736,681,ギルガルド,60,150,50,150,50,60,520,鋼,霊,バトルスイッチ, , ,53.0kg,1.7m,ブレードフォルム
737,682,シュシュプ,78,52,60,63,65,23,341,妖, ,いやしのこころ, ,アロマベール,0.5kg,0.2m, 
738,683,フレフワン,101,72,72,99,89,29,462,妖, ,いやしのこころ, ,アロマベール,15.5kg,0.8m, 
739,684,ペロッパフ,62,48,66,59,57,49,341,妖, ,スイートベール, ,かるわざ,3.5kg,0.4m, 
740,685,ペロリーム,82,80,86,85,75,72,480,妖, ,スイートベール, ,かるわざ,5.0kg,0.8m, 
741,686,マーイーカ,53,54,53,37,46,45,288,悪,超,あまのじゃく,きゅうばん,すりぬけ,3.5kg,0.4m, 
742,687,カラマネロ,86,92,88,68,75,73,482,悪,超,あまのじゃく,きゅうばん,すりぬけ,47.0kg,1.5m, 
743,688,カメテテ,42,52,67,39,56,50,306,岩,水,かたいツメ,スナイパー,わるいてぐせ,31.0kg,0.5m, 
744,689,ガメノデス,72,105,115,54,86,68,500,岩,水,かたいツメ,スナイパー,わるいてぐせ,96.0kg,1.3m, 
745,690,クズモー,50,60,60,60,60,30,320,毒,水,どくしゅ,どくのトゲ, ,7.3kg,0.5m, 
746,691,ドラミドロ,65,75,90,97,123,44,494,毒,竜,どくしゅ,どくのトゲ,（てきおうりょく）,81.5kg,1.8m, 
747,692,ウデッポウ,50,53,62,58,63,44,330,水, ,メガランチャー, , ,8.3kg,0.5m, 
748,693,ブロスター,71,73,88,120,89,59,500,水, ,メガランチャー, , ,35.3kg,1.3m, 
749,694,エリキテル,44,38,33,61,43,70,289,電,ノ,かんそうはだ,すながくれ,サンパワー,6.0kg,0.5m, 
750,695,エレザード,62,55,52,109,94,109,481,電,ノ,かんそうはだ,すながくれ,サンパワー,21.0kg,1.0m, 
751,696,チゴラス,58,89,77,45,45,48,362,岩,竜,がんじょうあご, , ,26.0kg,0.8m, 
752,697,ガチゴラス,82,121,119,69,59,71,521,岩,竜,がんじょうあご, ,（いしあたま）,270.0kg,2.5m, 
753,698,アマルス,77,59,50,67,63,46,362,岩,氷,フリーズスキン, , ,25.2kg,1.3m, 
754,699,アマルルガ,123,77,72,99,92,58,521,岩,氷,フリーズスキン, ,（ゆきふらし）,225.0kg,2.7m, 
755,700,ニンフィア,95,65,65,110,130,60,525,妖, ,メロメロボディ, ,フェアリースキン,23.5kg,1.0m, 
756,701,ルチャブル,78,92,75,74,63,118,500,闘,飛,じゅうなん,かるわざ,かたやぶり,21.5kg,0.8m, 
757,702,デデンネ,67,58,57,81,67,101,431,電,妖,ほおぶくろ,ものひろい,プラス,2.2kg,0.2m, 
758,703,メレシー,50,50,150,50,150,50,500,岩,妖,クリアボディ, ,がんじょう,5.7kg,0.3m, 
759,704,ヌメラ,45,50,35,55,75,40,300,竜, ,そうしょく,うるおいボディ,ぬめぬめ,2.8kg,0.3m, 
760,705,ヌメイル,68,75,53,83,113,60,452,竜, ,そうしょく,うるおいボディ,ぬめぬめ,17.5kg,0.8m, 
761,706,ヌメルゴン,90,100,70,110,150,80,600,竜, ,そうしょく,うるおいボディ,ぬめぬめ,150.5kg,2.0m, 
762,707,クレッフィ,57,80,91,80,87,75,470,鋼,妖,いたずらごころ, ,マジシャン,3.0kg,0.2m, 
763,708,ボクレー,43,70,48,50,60,38,309,霊,草,しぜんかいふく,おみとおし,しゅうかく,7.0kg,0.4m, 
764,709,オーロット,85,110,76,65,82,56,474,霊,草,しぜんかいふく,おみとおし,しゅうかく,71.0kg,1.5m, 
765,710,バケッチャ,49,66,70,44,55,51,335,霊,草,ものひろい,おみとおし,ふみん,5.0kg,0.4m,ふつうのサイズ
766,710,バケッチャ,44,66,70,44,55,56,335,霊,草,ものひろい,おみとおし,ふみん,3.5kg,0.3m,ちいさいサイズ
767,710,バケッチャ,54,66,70,44,55,46,335,霊,草,ものひろい,おみとおし,ふみん,7.5kg,0.5m,おおきいサイズ
768,710,バケッチャ,59,66,70,44,55,41,335,霊,草,ものひろい,おみとおし,ふみん,15.0kg,0.8m,とくだいサイズ
769,711,パンプジン,65,90,122,58,75,84,494,霊,草,ものひろい,おみとおし,ふみん,12.5kg,0.9m,ふつうのサイズ 
770,711,パンプジン,55,85,122,58,75,99,494,霊,草,ものひろい,おみとおし,ふみん,9.5kg,0.7m,ちいさいサイズ 
771,711,パンプジン,75,95,122,58,75,69,494,霊,草,ものひろい,おみとおし,ふみん,14.0kg,1.1m,おおきいサイズ 
772,711,パンプジン,85,100,122,58,75,54,494,霊,草,ものひろい,おみとおし,ふみん,39.0kg,1.7m,とくだいサイズ 
773,712,カチコール,55,69,85,32,35,28,304,氷, ,アイスボディ,マイペース,がんじょう,99.5kg,1.0m, 
774,713,クレベース,95,117,184,44,46,28,514,氷, ,アイスボディ,マイペース,がんじょう,505.0kg,2.0m, 
775,714,オンバット,40,30,35,45,40,55,245,飛,竜,すりぬけ,おみとおし,テレパシー,8.0kg,0.5m, 
776,715,オンバーン,85,70,80,97,80,123,535,飛,竜,すりぬけ,おみとおし,テレパシー,85.0kg,1.5m, 
777,716,ゼルネアス,126,131,95,131,98,99,680,妖, ,フェアリーオーラ, , ,215.0kg,3.0m,リラックスモード
778,716,ゼルネアス,126,131,95,131,98,99,680,妖, ,フェアリーオーラ, , ,215.0kg,3.0m,アクティブモード
779,717,イベルタル,126,131,95,131,98,99,680,悪,飛,ダークオーラ, , ,203.0kg,5.8m, 
780,718,ジガルデ,108,100,121,81,95,95,600,竜,地,オーラブレイク, , ,305.0kg,5.0m, 
781,719,ディアンシー,50,75,175,75,175,50,600,岩,妖,クリアボディ, , ,8.8kg,0.7m, 
783,721,ボルケニオン,90,140,110,105,110,55,610,炎,水,ちょすい, , ,195.0kg,1.7m, 
782,720,フーパ,70,70,90,155,90,125,600,超,霊,マジシャン, , ,9.0kg,0.5m, 
784,380,メガラティアス,80,100,120,140,150,110,700,竜,超,浮遊, , ,53kg,1.8m,メガラティアス
785,381,メガラティオス,80,130,100,160,120,110,700,竜,超,浮遊, , ,70kg,2.3m,メガラティオス