1,アームハンマー,かくとう,物理,100,90,10,相手1体,なし,あり,自分の『素早さ』が1段階下がる, , , , , , 
2,アイアンテール,はがね,物理,100,75,15,相手1体,なし,あり,30％の確率で相手の『防御』を1段階下げる, , , , , , 
3,アイアンヘッド,はがね,物理,80,100,15,相手1体,なし,あり,30％の確率で相手を『ひるみ』状態にする, , , , , , 
4,アイスボール,こおり,物理,30,90,20,相手1体,なし,あり,攻撃が外れない限り、5ターンの間攻撃し続ける,攻撃が続いている間は他の行動ができない。毎ターン威力が2倍ずつ上がる,あらかじめ『まるくなる』を使っていると威力がさらに2倍になる, , , , 
5,あおいほのお,ほのお,特殊,130,85,5,相手1体,なし,なし,20％の確率で相手を『やけど』状態にする, , , , , , 
6,アクアジェット,みず,物理,40,100,20,相手1体,なし,あり,優先度+1, , , , , , 
7,アクアテール,みず,物理,90,90,10,相手1体,なし,あり,通常攻撃, , , , , , 
8,アクアリング,みず,変化,-,-,20,自分,なし,なし,毎ターン自分のHPを最大HPの1/16だけ回復するようにする, , , , , , 
9,あくうせつだん,ドラゴン,特殊,100,95,5,相手1体,なし,なし,急所に当たりやすい, , , , , , 
10,あくのはどう,あく,特殊,80,100,15,相手1体,あり,なし,20％の確率で相手を『ひるみ』状態にする,トリプルバトルでどこからでも攻撃可能, , , , , 
11,あくび,ノーマル,変化,-,-,10,相手1体,なし,なし,次のターン終了時に相手を『ねむり』状態にする。必ず命中する, , , , , , 
12,あくまのキッス,ノーマル,変化,-,75,10,相手1体,なし,なし,相手を『ねむり』状態にする, , , , , , 
13,あくむ,ゴースト,変化,-,100,15,相手1体,なし,なし,『ねむり』状態の相手を『あくむ』状態にする, , , , , , 
14,アクロバット,ひこう,物理,55,100,15,相手1体,あり,あり,自分が道具を持っていないと威力が2倍になる, , , , , , 
15,あさのひざし,ノーマル,変化,-,-,5,自分,なし,なし,自分のHPを回復する。回復する量は天気で変わる,通常：最大HPの1/2 日差しが強い：最大HPの2/3 他：最大HPの1/4, , , , , 
16,アシストパワー,エスパー,特殊,20,100,10,相手1体,なし,なし,自分の能力変化1段階上昇につき威力が20増える。下降分は無視される, , , , , , 
17,アシッドボム,どく,特殊,40,100,20,相手1体,なし,なし,相手の『特防』を2段階下げる, , , , , , 
18,あてみなげ,かくとう,物理,70,-,10,相手1体,なし,あり,必ず命中する,優先度-1, , , , , 
19,あなをほる,じめん,物理,80,100,10,相手1体,なし,あり,1ターン目に『地中』に潜り、2ターン目に攻撃する,『地中』にいる間は一部の技以外命中しない,(フィールド)洞窟などから脱出する , , , , 
20,あばれる,ノーマル,物理,120,100,10,ランダム,なし,あり,2～3ターンの間、攻撃し続ける。攻撃が続いている間は他の行動ができない,効果が切れた後『こんらん』状態になる,攻撃が外れるか防がれる、ひるみなどで命中させられないと攻撃をやめる,攻撃が終了するターンより前に攻撃をやめると『こんらん』状態にはならない, , , 
21,アフロブレイク,ノーマル,物理,120,100,15,相手1体,なし,あり,相手に与えたダメージの1/4だけ自分も反動を受ける, , , , , , 
22,あまいかおり,ノーマル,変化,-,100,20,相手複数,なし,なし,相手の『回避』を2段階下げる ,(フィールド)野生のポケモンが出現する,群れバトルが発生する場所では、必ず群れで出現する, , , , 
23,あまえる,フェアリー,変化,-,100,20,相手1体,なし,なし,相手の『攻撃』を2段階下げる, , , , , , 
24,あまごい,みず,変化,-,-,5,全体の場,なし,なし,5ターンの間、天気を『雨』にする, , , , , , 
25,あやしいかぜ,ゴースト,特殊,60,100,5,相手1体,なし,なし,10％の確率で自分の『攻撃』『防御』『特攻』『特防』『素早さ』を1段階上げる, , , , , , 
26,あやしいひかり,ゴースト,変化,-,100,10,相手1体,なし,なし,相手を『こんらん』状態にする, , , , , , 
27,あられ,こおり,変化,-,-,10,全体の場,なし,なし,5ターンの間、天気を『あられ』にする, , , , , , 
28,アロマセラピー,くさ,変化,-,-,5,味方全体,なし,なし,手持ちのポケモンも含め、味方全員の状態異常を治す,ステータスに表示されない状態異常は治せない, , , , , 
29,アロマミスト,フェアリー,変化,-,-,20,味方1体,なし,なし,味方の「特防」を1段階上げる, , , , , , 
30,あわ,みず,特殊,40,100,30,相手複数,なし,なし,10％の確率で相手の『素早さ』を1段階下げる, , , , , , 
31,アンコール,ノーマル,変化,-,100,5,相手1体,なし,なし,3ターンの間、同じ技だけ使わせる, , , , , , 
32,いあいぎり,ノーマル,物理,50,95,30,相手1体,なし,あり,通常攻撃,(フィールド)トゲの木を切る, , , , , 
33,いえき,どく,変化,-,100,10,相手1体,なし,なし,相手の特性の効果を消す, , , , , , 
34,イカサマ,あく,物理,95,100,15,相手1体,なし,あり,相手の『攻撃』と能力変化をそのまま利用してダメージ計算を行う,『攻撃』に影響しない『やけど』状態や持ち物などは自分のものが反映される, , , , , 
35,いかり,ノーマル,物理,20,100,20,相手1体,なし,あり,自分を『いかり』状態にする, , , , , , 
36,いかりのこな,むし,変化,-,-,20,自分,なし,なし,ターン内に相手の使った技の対象を全て自分にする, , , , , , 
37,いかりのまえば,ノーマル,物理,-,90,10,相手1体,なし,あり,相手の残りHPの半分のダメージを与える(端数切り捨て), , , , , , 
38,いたみわけ,ノーマル,変化,-,-,20,相手1体,なし,なし,自分と相手の残りHPの合計をそれぞれに均等に分ける。必ず命中する, , , , , , 
39,いちゃもん,あく,変化,-,100,15,相手1体,なし,なし,相手に同じ技を2回続けて選択させなくする, , , , , , 
40,いとをはく,むし,変化,-,95,40,相手複数,なし,なし,相手の『素早さ』を2段階下げる, , , , , , 
41,いにしえのうた,ノーマル,特殊,75,100,10,相手複数,なし,なし,10％の確率で相手を『ねむり』状態にする, , , , , , 
42,いのちがけ,かくとう,特殊,-,100,5,相手1体,なし,あり,自分は『ひんし』状態になるが、相手に自分の残りHP分のダメージを与える, , , , , , 
43,いばる,ノーマル,変化,-,90,15,相手1体,なし,なし,相手の『攻撃』を2段階上げて『こんらん』状態にする, , , , , , 
44,いびき,ノーマル,特殊,50,100,15,相手1体,なし,なし,自分が『ねむり』状態でないと失敗する,30％の確率で相手を『ひるみ』状態にする,相手の「みがわり」状態を貫通する, , , , 
45,いやしのすず,ノーマル,変化,-,-,5,味方全体,なし,なし,手持ちのポケモンも含め、味方全員の状態異常を治す,味方が「みがわり」状態でも技が当たる,ステータスに表示されない状態異常は治せない, , , , 
46,いやしのねがい,エスパー,変化,-,-,10,自分,なし,なし,自分は『ひんし』状態になるが、次に出すポケモンのHPと状態異常を回復させる, , , , , , 
47,いやしのはどう,エスパー,変化,-,-,10,相手1体,あり,なし,相手のHPを最大HPの半分だけ回復する。自分に対しては使えない。必ず命中する,トリプルバトルでどこからでも発動可能, , , , , 
48,いやなおと,ノーマル,変化,-,85,40,相手1体,なし,なし,相手の『防御』を2段階下げる,相手の「みがわり」状態を貫通する, , , , , 
49,いわおとし,いわ,物理,50,90,15,相手1体,なし,なし,通常攻撃, , , , , , 
50,いわくだき,かくとう,物理,40,100,15,相手1体,なし,あり,50％の確率で相手の『防御』を1段階下げる,(フィールド)ひびの入った岩や壁を砕く, , , , , 
51,いわなだれ,いわ,物理,75,90,10,相手複数,なし,なし,30％の確率で相手を『ひるみ』状態にする, , , , , , 
52,インファイト,かくとう,物理,120,100,5,相手1体,なし,あり,自分の『防御』と『特防』が1段階下がる, , , , , , 
53,ウェザーボール,ノーマル,特殊,50,100,10,相手1体,なし,なし,天気が変わっていると威力が2倍になりタイプも変わる,日差しが強い：ほのお 雨：みず あられ：こおり 砂嵐：いわ, , , , , 
54,うずしお,みず,特殊,35,85,15,相手1体,なし,なし,4～5ターンの間、ターン終了時に相手に最大HPの 1/8 のダメージを与える,その間、相手は逃げられない。『水中』にいる相手にも2倍の威力で命中する, , , , , 
55,うそなき,あく,変化,-,100,20,相手1体,なし,なし,相手の『特防』を2段階下げる, , , , , , 
56,うたう,ノーマル,変化,-,55,15,相手1体,なし,なし,相手を『ねむり』状態にする, , , , , , 
57,うちおとす,いわ,物理,50,100,15,相手1体,なし,なし,ひこうタイプや特性「ふゆう」の相手にじめんタイプの技が命中するようになる,『上空』にいる相手にもダメージと追加効果を与えられる,「そらをとぶ」「とびはねる」「テレキネシス」「でんじふゆう」を解除できる, , , , 
58,ウッドハンマー,くさ,物理,120,100,15,相手1体,なし,あり,相手に与えたダメージの1/3だけ自分も反動を受ける, , , , , , 
59,ウッドホーン,くさ,物理,75,100,10,相手1体,なし,あり,相手に与えたダメージの半分だけ自分のHPを回復する, , , , , , 
60,うらみ,ゴースト,変化,-,100,10,相手1体,なし,なし,相手が最後に使った技のPPを4減らす, , , , , , 
61,エアカッター,ひこう,特殊,60,95,25,相手複数,なし,なし,急所に当たりやすい, , , , , , 
62,エアスラッシュ,ひこう,特殊,75,95,15,相手1体,あり,なし,相手を30％の確率で『ひるみ』状態にする, , , , , , 
63,エアロブラスト,ひこう,特殊,100,95,5,相手1体,あり,なし,急所に当たりやすい, , , , , , 
64,エコーボイス,ノーマル,特殊,40,100,15,相手1体,なし,なし,毎ターン誰かが連続して使うと威力が上がる(20ずつで最大200),相手の「みがわり」状態を貫通する, , , , , 
65,エナジーボール,くさ,特殊,90,100,10,相手1体,なし,なし,10％の確率で相手の『特防』を1段階下げる, , , , , , 
66,エレキネット,でんき,特殊,55,95,15,相手複数,なし,なし,相手の『素早さ』を1段階下げる, , , , , , 
67,エレキフィールド,でんき,変化,-,-,10,全体の場,なし,なし,5ターンの間、地面を「エレキフィールド」状態にする,地上にいるポケモンは眠らなくなり、電気タイプの技の威力が1.5倍になる,「しぜんのちから」は「10まんボルト」、「ひみつのちから」はマヒ状態、,「ほごしょく」は電気タイプになる, , , 
68,エレキボール,でんき,特殊,-,100,10,相手1体,なし,なし,相手より『素早さ』が高いほど威力が上がる,最大威力は150(自分が相手の4倍以上素早い状態), , , , , 
69,えんまく,ノーマル,変化,-,100,20,相手1体,なし,なし,相手の『命中』を1段階下げる, , , , , , 
70,おいうち,あく,物理,40,100,20,相手1体,なし,あり,相手が交代しようとした場合、交代する直前に2倍の威力で攻撃する, , , , , , 
71,おいかぜ,ひこう,変化,-,-,30,味方の場,なし,なし,4ターンの間、味方の『素早さ』を2倍にする, , , , , , 
72,おいわい,ノーマル,変化,-,-,30,自分,なし,なし,プレゼントになって（主人公の名前に対して）おいわいしてくれる, , , , , , 
73,おうふくビンタ,ノーマル,物理,15,85,10,相手1体,なし,あり,連続で2～5回攻撃する, , , , , , 
74,オウムがえし,ひこう,変化,-,-,20,相手1体,なし,なし,相手が最後に使った技と同じ技を使う, , , , , , 
75,オーバーヒート,ほのお,特殊,130,90,5,相手1体,なし,なし,自分の『特攻』が2段階下がる,相手が「こおり」状態の時、「こおり」がとける, , , , , 
76,オーロラビーム,こおり,特殊,65,100,20,相手1体,なし,なし,10％の確率で相手の『攻撃』を1段階下げる, , , , , , 
77,おきみやげ,あく,変化,-,100,10,相手1体,なし,なし,自分は『ひんし』状態になるが、相手の『攻撃』と『特攻』を2段階下げる, , , , , , 
78,オクタンほう,みず,特殊,65,85,10,相手1体,なし,なし,50％の確率で相手の『命中』を1段階下げる, , , , , , 
79,おさきにどうぞ,ノーマル,変化,-,-,15,相手1体,なし,なし,相手を自分の次に行動させる。必ず命中する, , , , , , 
80,おしおき,あく,物理,-,100,5,相手1体,なし,あり,相手の能力変化1段階上昇につき威力が20増える,能力変化がない場合は威力60で最大は200。下降分は無視される, , , , , 
81,おしゃべり,ひこう,特殊,65,100,20,相手1体,あり,なし,100％の確率で相手を『こんらん』状態にする,相手の「みがわり」状態を貫通する, , , , , 
82,おたけび,ノーマル,変化,-,100,30,相手1体,なし,なし,相手の「攻撃」と「特攻」を1段階下げる,相手の「みがわり」状態を貫通する。特性ぼうおんに無効化される, , , , , 
83,おだてる,あく,変化,-,100,15,相手1体,なし,なし,相手の『特攻』を1段階上げて『こんらん』状態にする, , , , , , 
84,おどろかす,ゴースト,物理,30,100,15,相手1体,なし,あり,30％の確率で相手を『ひるみ』状態にする, , , , , , 
85,おにび,ほのお,変化,-,85,15,相手1体,なし,なし,相手を『やけど』状態にする, , , , , , 
86,おまじない,ノーマル,変化,-,-,30,味方の場,なし,なし,5ターンの間、味方への攻撃が急所に当たらなくなる, , , , , , 
87,おんがえし,ノーマル,物理,-,100,20,相手1体,なし,あり,なついているほど威力が上がる。威力は1～102, , , , , , 
88,おんねん,ゴースト,変化,-,-,5,自分,なし,なし,次に自分が技を使うまでに相手の技で自分が『ひんし』状態になった場合、相手が使った技のPPを0にする, , , , , , 
89,ガードシェア,エスパー,変化,-,-,10,相手1体,なし,なし,自分と相手の『防御』と『特防』を足して均等に分ける。必ず命中する, , , , , , 
90,ガードスワップ,エスパー,変化,-,-,10,相手1体,なし,なし,自分と相手の『防御』と『特防』の能力変化を入れ換える。必ず命中する, , , , , , 
91,かいでんぱ,でんき,変化,-,100,15,相手1体,なし,なし,相手の「特攻」を2段階下げる, , , , , , 
92,かいふくしれい,むし,変化,-,-,10,自分,なし,なし,自分のHPを最大HPの半分だけ回復する, , , , , , 
93,かいふくふうじ,エスパー,変化,-,100,15,相手複数,なし,なし,5ターンの間、技や特性や道具でHPを回復できなくする, , , , , , 
94,かいりき,ノーマル,物理,80,100,15,相手1体,なし,あり,通常攻撃,(フィールド)特定の岩を押して動かせるようになる, , , , , 
95,カウンター,かくとう,物理,-,100,20,不定,なし,あり,ターン内の最後に受けた物理攻撃技のダメージを2倍にして相手に与える, , , , , , 
96,かえんぐるま,ほのお,物理,60,100,25,相手1体,なし,あり,10％の確率で相手を『やけど』状態にする,『こおり』状態でも使え、自分の『こおり』状態を治すことができる, , , , , 
97,かえんだん,ほのお,特殊,100,100,5,自分以外,なし,なし,30％の確率で相手を『やけど』状態にする, , , , , , 
98,かえんほうしゃ,ほのお,特殊,90,100,15,単体,なし,なし,10％の確率で相手を『やけど』状態にする, , , , , , 
99,かぎわける,ノーマル,変化,-,-,40,相手1体,なし,なし,ゴーストタイプに無効な技が当たるようになる,相手の『回避』が上がっているときはそれを無視するようになる。必ず命中する, , , , , 
100,かくばる,ノーマル,変化,-,-,30,自分,なし,なし,自分の『攻撃』を1段階上げる, , , , , , 
101,かげうち,ゴースト,物理,40,100,30,相手1体,なし,あり,優先度+1, , , , , , 
102,かげぶんしん,ノーマル,変化,-,-,15,自分,なし,なし,自分の『回避』を1段階上げる, , , , , , 
103,かぜおこし,ひこう,特殊,40,100,35,相手1体,あり,なし,『上空』にいる相手にも2倍の威力で命中する, , , , , , 
104,かたきうち,ノーマル,物理,70,100,5,相手1体,なし,あり,前のターンに味方が『ひんし』状態になっていると威力が2倍になる, , , , , , 
105,かたくなる,ノーマル,変化,-,-,30,自分,なし,なし,自分の『防御』を1段階上げる, , , , , , 
106,かなしばり,ノーマル,変化,-,100,20,相手1体,なし,なし,4ターンの間、相手が直前に出した技を使えなくする, , , , , , 
107,かまいたち,ノーマル,特殊,80,100,10,相手複数,なし,なし,1ターン目に溜め、2ターン目に攻撃する,急所に当たりやすい, , , , , 
108,がまん,ノーマル,物理,-,-,10,自分,なし,あり,2ターンの間に受けたダメージを2倍にして相手に与える,がまんをしている間は行動できなくなる, , , , , 
109,かみくだく,あく,物理,80,100,15,相手1体,なし,あり,20％の確率で相手の『防御』を1段階下げる, , , , , , 
110,かみつく,あく,物理,60,100,25,相手1体,なし,あり,30％の確率で相手を『ひるみ』状態にする, , , , , , 
111,かみなり,でんき,特殊,110,70,10,相手1体,なし,なし,30％の確率で相手を『まひ』状態にする,天気が『雨』だと必ず命中し、『日差しが強い』だと命中が50になる,『上空』にいる相手にも命中する, , , , 
112,かみなりのキバ,でんき,物理,65,95,15,相手1体,なし,あり,10％の確率で相手を『まひ』状態にする。10％の確率で相手を『ひるみ』状態にする, , , , , , 
113,かみなりパンチ,でんき,物理,75,100,15,相手1体,なし,あり,10％の確率で相手を『まひ』状態にする, , , , , , 
114,がむしゃら,ノーマル,物理,-,100,5,相手1体,なし,あり,相手のHPを自分のHPと同じになるようにダメージを与える, , , , , , 
115,からげんき,ノーマル,物理,70,100,20,相手1体,なし,あり,自分が『どく』『もうどく』『まひ』『やけど』状態のとき威力が2倍になる, , , , , , 
116,からてチョップ,かくとう,物理,50,100,25,相手1体,なし,あり,急所に当たりやすい, , , , , , 
117,からではさむ,みず,物理,35,85,15,相手1体,なし,あり,4～5ターンの間、ターン終了時に相手に最大HPの 1/8 のダメージを与える,その間、相手は逃げられない, , , , , 
118,からにこもる,みず,変化,-,-,40,自分,なし,なし,自分の『防御』を1段階上げる, , , , , , 
119,からみつく,ノーマル,物理,10,100,35,相手1体,なし,あり,10％の確率で相手の『素早さ』を1段階下げる, , , , , , 
120,からをやぶる,ノーマル,変化,-,-,15,自分,なし,なし,自分の『防御』と『特防』を1段階下げ、『攻撃』と『特攻』と『素早さ』を2段階上げる, , , , , , 
121,かわらわり,かくとう,物理,75,100,15,相手1体,なし,あり,相手の場の「リフレクター」や「ひかりのかべ」を無効にしてから攻撃する, , , , , , 
122,がんせきふうじ,いわ,物理,60,95,15,相手1体,なし,なし,100％の確率で相手の『素早さ』を1段階下げる, , , , , , 
123,がんせきほう,いわ,物理,150,90,5,相手1体,なし,なし,攻撃が成功した次のターンは行動ができなくなる, , , , , , 
124,きあいだま,かくとう,特殊,120,70,5,相手1体,なし,なし,10％の確率で相手の『特防』を1段階下げる, , , , , , 
125,きあいだめ,ノーマル,変化,-,-,30,自分,なし,なし,自分の攻撃の急所に当たる確率が2段階上がる, , , , , , 
126,きあいパンチ,かくとう,物理,150,100,20,相手1体,なし,あり,攻撃する前に攻撃技によるダメージを受けると失敗する, , , , , , 
127,ギアソーサー,はがね,物理,50,85,15,相手1体,なし,あり,連続で2回攻撃する, , , , , , 
128,ギアチェンジ,はがね,変化,-,-,10,自分,なし,なし,自分の『攻撃』を1段階、『素早さ』を2段階上げる, , , , , , 
129,ギガインパクト,ノーマル,物理,150,90,5,相手1体,なし,あり,攻撃が成功した次のターンは行動ができなくなる, , , , , , 
130,ギガドレイン,くさ,特殊,75,100,10,相手1体,なし,なし,相手に与えたダメージの半分だけ自分のHPを回復する, , , , , , 
131,きしかいせい,かくとう,物理,-,100,15,相手1体,なし,あり,自分の残りHPが少ないほど威力が上がる。威力は20～200, , , , , , 
132,きつけ,ノーマル,物理,70,100,10,相手1体,なし,あり,相手が『まひ』状態のとき、2倍の威力となるが『まひ』状態から回復する, , , , , , 
133,キノコのほうし,くさ,変化,-,100,15,相手1体,なし,なし,相手を『ねむり』状態にする。 くさタイプ・ぼうじんには無効 , , , , , , 
134,ギフトパス,ノーマル,変化,-,-,15,相手1体,なし,なし,相手が道具を持っていない場合、自分の道具を相手に渡す。必ず命中する, , , , , , 
135,きゅうけつ,むし,物理,20,100,15,相手1体,なし,あり,相手に与えたダメージの半分だけ自分のHPを回復する, , , , , , 
136,きりさく,ノーマル,物理,70,100,20,相手1体,なし,あり,急所に当たりやすい, , , , , , 
137,きりばらい,ひこう,変化,-,-,15,相手1体,なし,なし,相手の『回避』を1段階下げる。必ず命中する,相手の場の「リフレクター」「ひかりのかべ」「しろいきり」「しんぴのまもり」「まきびし」「どくびし」「ステルスロック」を無効にする, , , , , 
138,きりふだ,ノーマル,特殊,-,-,5,相手1体,なし,あり,この技の残りPPが少ないほど威力が上がる。必ず命中する,残りPPが5以上：40 残り4：50 残り3：60 残り2：80 残り1：200, , , , , 
139,ぎんいろのかぜ,むし,特殊,60,100,5,相手1体,なし,なし,10％の確率で自分の『攻撃』『防御』『特攻』『特防』『素早さ』を1段階上げる, , , , , , 
140,キングシールド,はがね,変化,-,-,10,自分,なし,なし,相手の攻撃を防ぐと同時に接触をした相手の「攻撃」を2段階下げる,ギルガルド専用技 使用するとブレードフォルムからシールドフォルムになる,連続で出すと失敗しやすくなる, , , , 
141,きんぞくおん,はがね,変化,-,85,40,相手1体,なし,なし,相手の『特防』を2段階下げる。 相手の「みがわり」状態を貫通する , , , , , , 
142,くさのちかい,くさ,特殊,80,100,10,相手1体,なし,なし,「ほのおのちかい」や「みずのちかい」と同時に使うと通常とは異なる効果になる, , , , , , 
143,くさぶえ,くさ,変化,-,55,15,相手1体,なし,なし,相手を『ねむり』状態にする。 相手の「みがわり」状態を貫通する , , , , , , 
144,くさむすび,くさ,特殊,-,100,20,相手1体,なし,あり,相手が重いほど威力が上がる。威力は20～120, , , , , , 
145,くすぐる,ノーマル,変化,-,100,20,相手1体,なし,なし,相手の『攻撃』と『防御』を1段階下げる, , , , , , 
146,クモのす,むし,変化,-,-,10,相手1体,なし,なし,自分が場にいる間、相手を逃げられなくする。必ず命中する,使用者が「バトンタッチ」で交代すると効果が切れる, , , , , 
147,グラスフィールド,くさ,変化,-,-,10,全体の場,なし,なし,5ターンの間、地面を「グラスフィールド」状態にする, , , , , , 
148,グラスミキサー,くさ,特殊,65,90,10,相手1体,なし,なし,50％の確率で相手の『命中』を1段階下げる,地上にいるポケモンは毎ターン終了時に相手の最大HPの16分の1ずつHPが回復し、草タイプの技の威力が1.5倍になる,更に「じしん」「じならし」「マグニチュード」で受けるダメージが半減する,「しぜんのちから」は「エナジーボール」、「ひみつのちから」はねむり状態、「ほごしょく」は草タイプになる, , , 
149,クラブハンマー,みず,物理,100,90,10,相手1体,なし,あり,急所に当たりやすい, , , , , , 
150,グランドフォース,じめん,物理,90,100,10,相手複数,なし,なし,追加効果なし, , , , , , 
151,クリアスモッグ,どく,特殊,50,-,15,相手1体,なし,なし,相手の能力変化を元に戻す。必ず命中する, , , , , , 
152,くろいきり,こおり,変化,-,-,30,全体の場,なし,なし,能力変化を元に戻す。必ず命中する, , , , , , 
153,くろいまなざし,ノーマル,変化,-,-,5,相手1体,なし,なし,自分が場にいる間、相手を逃げられなくする。必ず命中する,使用者が「バトンタッチ」で交代すると効果が切れる, , , , , 
154,グロウパンチ,かくとう,物理,40,100,20,相手1体,なし,あり,命中すると100%の確率で自分の「攻撃」を1段階上げる, , , , , , 
155,クロスサンダー,でんき,物理,100,100,5,相手1体,なし,なし,ターン内で相手・味方問わず先に「クロスフレイム」を使っていた場合、威力が2倍になり演出も変わる, , , , , , 
156,クロスチョップ,かくとう,物理,100,80,5,相手1体,なし,あり,急所に当たりやすい, , , , , , 
157,クロスフレイム,ほのお,特殊,100,100,5,相手1体,なし,なし,ターン内で相手・味方問わず先に「クロスサンダー」を使っていた場合、威力が2倍になり演出も変わる,『こおり』状態でも使え、自分の『こおり』状態を治すことができる, , , , , 
158,クロスポイズン,どく,物理,70,100,20,相手1体,なし,あり,10％の確率で相手を『どく』状態にする,急所に当たりやすい, , , , , 
159,げきりん,ドラゴン,物理,120,100,10,ランダム,なし,あり,2～3ターンの間、攻撃し続ける。攻撃が続いている間は他の行動ができない,効果が切れた後『こんらん』状態になる,攻撃が外れるか防がれる、ひるみなどで命中させられないと攻撃をやめる,攻撃が終了するターンより前に攻撃をやめると『こんらん』状態にはならない, , , 
160,けたぐり,かくとう,物理,-,100,20,相手1体,なし,あり,相手が重いほど威力が上がる。威力は20～120, , , , , , 
161,ゲップ,どく,特殊,120,90,10,相手1体,なし,なし,きのみを食べた後でないと出せない,(不発ではなく技を選べない、ゲップしか技がなくきのみを食べていない場合は悪あがきが出る), , , , , 
162,げんしのちから,いわ,特殊,60,100,5,相手1体,なし,なし,10％の確率で自分の『攻撃』『防御』『特攻』『特防』『素早さ』を1段階上げる, , , , , , 
163,こうげきしれい,むし,物理,90,100,15,相手1体,なし,なし,急所に当たりやすい, , , , , , 
164,こうごうせい,くさ,変化,-,-,5,自分,なし,なし,自分のHPを回復する。回復する量は天気で変わる,通常：最大HPの1/2 日差しが強い：最大HPの2/3 他：最大HPの1/4, , , , , 
165,こうそくいどう,エスパー,変化,-,-,30,自分,なし,なし,自分の『素早さ』を2段階上げる, , , , , , 
166,こうそくスピン,ノーマル,物理,20,100,40,相手1体,なし,あり,「しめつける」「やどりぎのタネ」「まきびし」などの効果を無くす, , , , , , 
167,ゴーストダイブ,ゴースト,物理,90,100,10,相手1体,なし,あり,1ターン目に姿を消し、2ターン目に攻撃する(シャドーダイブの下位互換),「まもる」等の完全防御技を貫通する,ちいさくなるを使用しているポケモンに必中し、威力2倍, , , , 
168,こおりのいぶき,こおり,特殊,60,90,10,相手1体,なし,なし,必ず急所に当たる, , , , , , 
169,こおりのキバ,こおり,物理,65,95,15,相手1体,なし,あり,10％の確率で相手を『こおり』状態にする。10％の確率で相手を『ひるみ』状態にする, , , , , , 
170,こおりのつぶて,こおり,物理,40,100,30,相手1体,なし,なし,優先度+1, , , , , , 
171,コールドフレア,こおり,特殊,140,90,5,相手1体,なし,なし,1ターン目に溜め、2ターン目に攻撃する。30％の確率で相手を『やけど』状態にする, , , , , , 
172,こごえるかぜ,こおり,特殊,55,95,15,相手複数,なし,なし,100％の確率で相手の『素早さ』を1段階下げる, , , , , , 
173,こごえるせかい,こおり,特殊,65,95,10,相手複数,なし,なし,100％の確率で相手の『素早さ』を1段階下げる, , , , , , 
174,こころのめ,ノーマル,変化,-,-,5,相手1体,なし,なし,次のターンの自分の攻撃が必ず命中するようにする。必ず命中する, , , , , , 
175,コスモパワー,エスパー,変化,-,-,20,自分,なし,なし,自分の『防御』と『特防』を1段階上げる, , , , , , 
176,ゴッドバード,ひこう,物理,140,90,5,相手1体,あり,なし,1ターン目に溜め、2ターン目に攻撃する。30％の確率で相手を『ひるみ』状態にする,急所に当たりやすい, , , , , 
177,コットンガード,くさ,変化,-,-,10,自分,なし,なし,自分の『防御』を3段階上げる, , , , , , 
178,こなゆき,こおり,特殊,40,100,25,相手複数,なし,なし,10％の確率で相手を『こおり』状態にする, , , , , , 
179,このゆびとまれ,ノーマル,変化,-,-,20,自分,なし,なし,ターン内に相手の使った技の対象を全て自分にする, , , , , , 
180,コメットパンチ,はがね,物理,90,90,10,相手1体,なし,あり,20％の確率で自分の『攻撃』を1段階上げる, , , , , , 
181,こらえる,ノーマル,変化,-,-,10,自分,なし,なし,『ひんし』状態になるようなダメージを受けても必ずHPが1残る,必ず成功するが、同じポケモンが連続で使うと失敗しやすくなる,他の連続で使うと失敗しやすくなる技を交互に使っても失敗しやすくなる, , , , 
182,ころがる,いわ,物理,30,90,20,相手1体,なし,あり,攻撃が外れない限り、5ターンの間攻撃し続ける,攻撃が続いている間は他の行動ができない。毎ターン威力が2倍ずつ上がる(最大480),あらかじめ『まるくなる』を使っていると威力がさらに2倍になる, , , , 
183,こわいかお,ノーマル,変化,-,100,10,相手1体,なし,なし,相手の『素早さ』を2段階下げる, , , , , , 
184,サイケこうせん,エスパー,特殊,65,100,20,相手1体,なし,なし,10％の確率で相手を『こんらん』状態にする, , , , , , 
185,サイコウェーブ,エスパー,特殊,-,100,15,相手1体,なし,なし,自分のレベルの0.5～1.5倍(0.1刻みの11段階)のダメージを与える, , , , , , 
186,サイコカッター,エスパー,物理,70,100,20,相手1体,なし,なし,急所に当たりやすい, , , , , , 
187,サイコキネシス,エスパー,特殊,90,100,10,相手1体,なし,なし,10％の確率で相手の『特防』を1段階下げる, , , , , , 
188,サイコシフト,エスパー,変化,-,100,10,相手1体,なし,なし,自分の状態異常を相手に移し、自分は回復する。相手が既に状態異常だと失敗する, , , , , , 
189,サイコショック,エスパー,特殊,80,100,10,相手1体,なし,なし,自分の『特攻』と、相手の『防御』でダメージ計算をする, , , , , , 
190,サイコブースト,エスパー,特殊,140,90,5,相手1体,なし,なし,自分の『特攻』が2段階下がる, , , , , , 
191,サイコブレイク,エスパー,特殊,100,100,10,相手1体,なし,なし,自分の『特攻』と、相手の『防御』でダメージ計算をする, , , , , , 
192,サイドチェンジ,エスパー,変化,-,-,15,自分,なし,なし,端にいる自分と味方の場所を入れ替える,シングルバトル・トリプルバトルの中央では失敗する, , , , , 
193,さいみんじゅつ,エスパー,変化,-,60,20,相手1体,なし,なし,相手を『ねむり』状態にする。, , , , , , 
194,さきおくり,あく,変化,-,100,15,相手1体,なし,なし,相手の行動の順番を最後にする,すでに行動済みの相手に使うと失敗する, , , , , 
195,さきどり,ノーマル,変化,-,-,20,不定,なし,なし,相手(単体選択)が使おうとしている攻撃技を使う。ダメージは1.5倍になる,相手が先に行動したり攻撃技を選択していない場合は失敗する,相手が複数のときに攻撃対象が単体の技をさきどりした場合、攻撃対象は相手の中からランダムで選ばれる, , , , 
196,さしおさえ,あく,変化,-,100,15,相手1体,なし,なし,5ターンの間、持ち物の効果を無効にする。素早さが下がる効果は無効にできない, , , , , , 
197,さばきのつぶて,ノーマル,特殊,100,100,10,相手1体,なし,なし,持ち物としてプレートを持たせると種類に応じて技のタイプが変わる, , , , , , 
198,さわぐ,ノーマル,特殊,90,100,10,ランダム,なし,なし,3ターンの間攻撃し続ける。攻撃が続いている間は他の行動ができない,ゴーストタイプか特性「ぼうおん」で攻撃が無効になると攻撃をやめる,全ての『ねむり』状態のポケモンを起こし、「ねむる」や『ねむり』状態にする技を失敗させる,相手の「みがわり」状態を貫通する, , , 
199,シードフレア,くさ,特殊,120,85,5,相手1体,なし,なし,40％の確率で相手の『特防』を2段階下げる, , , , , , 
200,シェルブレード,みず,物理,75,95,10,相手1体,なし,あり,50％の確率で相手の『防御』を1段階下げる, , , , , , 
201,ジオコントロール,フェアリー,変化,-,-,10,自分,なし,なし,1ターン溜め、2ターン目に自分の「特攻」「特防」「素早さ」を2段階上げる, , , , , , 
202,しおふき,みず,特殊,150,100,5,相手複数,なし,なし,自分の残りHPが少ないほど威力が下がる。威力は1～150, , , , , , 
203,しおみず,みず,特殊,65,100,10,相手1体,なし,なし,相手のHPが半分以下だと威力が2倍になる, , , , , , 
204,シグナルビーム,むし,特殊,75,100,15,相手1体,なし,なし,10％の確率で相手を『こんらん』状態にする, , , , , , 
205,じこあんじ,ノーマル,変化,-,-,10,相手1体,なし,なし,自分の能力変化の状態を相手と同じにする, , , , , , 
206,じごくぐるま,かくとう,物理,80,80,25,相手1体,なし,あり,相手に与えたダメージの1/4だけ自分も反動を受ける, , , , , , 
207,じこさいせい,ノーマル,変化,-,-,10,自分,なし,なし,自分のHPを最大HPの半分だけ回復する, , , , , , 
208,シザークロス,むし,物理,80,100,15,相手1体,なし,あり,通常攻撃, , , , , , 
209,じしん,じめん,物理,100,100,10,自分以外,なし,なし,『地中』にいる相手にも2倍の威力で命中する, , , , , , 
210,しぜんのちから,ノーマル,変化,-,-,20,不定,なし,なし,場所によって使う技が変わる,草むら・芝生・ グラスフィールド は「 エナジーボール 」地面・砂地は「 だいちのちから 」。洞窟は「 パワージェム 」水上・水たまり・浅瀬は「ハイドロポンプ」。湿原は「どろばくだん」氷上は「れいとうビーム」。雪原は「 こおりのいぶき 」室内・ スカイバトル・通信対戦 は「トライアタック」ミストフィールドは「ムーンフォース」。エレキフィールドは「10まんボルト」, , , , , 
211,しぜんのめぐみ,ノーマル,物理,-,100,15,相手1体,なし,なし,持っているきのみを消費して攻撃する。きのみによってタイプと威力が変わる, , , , , , 
212,したでなめる,ゴースト,物理,30,100,30,相手1体,なし,あり,30％の確率で相手を『まひ』状態にする, , , , , , 
213,じたばた,ノーマル,物理,-,100,15,相手1体,なし,あり,自分の残りHPが少ないほど威力が上がる。威力は20～200, , , , , , 
214,しっぺがえし,あく,物理,50,100,10,相手1体,なし,あり,相手が先に行動していると威力が2倍になる,相手がポケモンの交代をしても威力は2倍にならない, , , , , 
215,しっぽをふる,ノーマル,変化,-,100,30,相手複数,なし,なし,相手の『防御』を1段階下げる, , , , , , 
216,じならし,じめん,物理,60,100,20,自分以外,なし,なし,100％の確率で相手の『素早さ』を1段階下げる, , , , , , 
217,しねんのずつき,エスパー,物理,80,90,15,相手1体,なし,あり,20％の確率で相手を『ひるみ』状態にする, , , , , , 
218,じばく,ノーマル,物理,200,100,5,自分以外,なし,なし,自分は『ひんし』状態になる。対象が2体までなら威力が下がらない, , , , , , 
219,じばそうさ,でんき,変化,-,-,20,味方全体,なし,なし,特性『プラス』または『マイナス』を持つ味方ポケモンの「防御」と「特防」を1段階上げる, , , , , , 
220,しびれごな,くさ,変化,-,75,30,相手1体,なし,なし,相手を『まひ』状態にする。, , , , , , 
221,しぼりとる,ノーマル,特殊,-,100,5,相手1体,なし,あり,相手の残りHPの割合が多いほど威力が上がる。威力は1～120, , , , , , 
222,しめつける,ノーマル,物理,15,85,20,相手1体,なし,あり,4～5ターンの間、ターン終了時に相手に最大HPの 1/8 のダメージを与える,その間、相手は逃げられない, , , , , 
223,ジャイロボール,はがね,物理,-,100,5,相手1体,なし,あり,相手より『素早さ』が低いほど威力が上がる,最大威力は150(相手が自分の6倍以上素早い状態), , , , , 
224,シャドークロー,ゴースト,物理,70,100,15,相手1体,なし,あり,急所に当たりやすい, , , , , , 
225,シャドーダイブ,ゴースト,物理,120,100,5,相手1体,なし,あり,1ターン目に姿を消し、2ターン目に攻撃する。姿を消している間は技が命中しない,「まもる」などを使った相手にも攻撃ができ、その状態も解除する, , , , , 
226,シャドーパンチ,ゴースト,物理,60,-,20,相手1体,なし,あり,必ず命中する, , , , , , 
227,シャドーボール,ゴースト,特殊,80,100,15,相手1体,なし,なし,20％の確率で相手の『特防』を1段階下げる, , , , , , 
228,じゃれつく,フェアリー,物理,90,90,10,相手1体,なし,あり,10%の確率で相手の「攻撃」を1段階下げることがある, , , , , , 
229,じゅうでん,でんき,変化,-,-,20,自分,なし,なし,次のターンに使うでんきタイプの技の威力が2倍になる。自分の『特防』を1段階上げる, , , , , , 
230,１０まんボルト,でんき,特殊,90,100,15,相手1体,なし,なし,10％の確率で相手を『まひ』状態にする, , , , , , 
231,じゅうりょく,エスパー,変化,-,-,5,全体の場,なし,なし,5ターンの間、宙に浮けなくしてじめんタイプの技が当たるようにする,全てのポケモンの回避率が0.6倍になる,『上空』にいるポケモンや「でんじふゆう」「テレキネシス」は解除される, , , , 
232,しろいきり,こおり,変化,-,-,30,味方の場,なし,なし,5ターンの間、相手に能力を下げられなくする, , , , , , 
233,じわれ,じめん,物理,-,30,5,相手1体,なし,なし,相手を『ひんし』状態にする。自分よりレベルの高い相手には当たらない,自分のレベルが相手より高いほど命中が上がり、1レベルにつき1上昇する,特性、持ち物、能力変化による『命中』と『回避』への影響を無視する,『地中』にいる相手にも命中する, , , 
234,しんくうは,かくとう,特殊,40,100,30,相手1体,なし,なし,優先度+1, , , , , , 
235,シンクロノイズ,エスパー,特殊,120,100,10,自分以外,なし,なし,自分と同じタイプを含むポケモンにダメージを与える, , , , , , 
236,しんそく,ノーマル,物理,80,100,5,相手1体,なし,あり,優先度+2, , , , , , 
237,じんつうりき,エスパー,特殊,80,100,20,相手1体,なし,なし,10％の確率で相手を『ひるみ』状態にする, , , , , , 
238,しんぴのつるぎ,かくとう,特殊,85,100,10,相手1体,なし,なし,自分の『特攻』と、相手の『防御』でダメージ計算をする, , , , , , 
239,しんぴのまもり,ノーマル,変化,-,-,25,味方の場,なし,なし,5ターンの間、状態異常と『こんらん』にさせられなくする,「あくび」も防げるが、既に受けていた場合は『ねむり』状態になるのを防げない, , , , , 
240,シンプルビーム,ノーマル,変化,-,100,15,相手1体,なし,なし,相手の特性を「たんじゅん」にする, , , , , , 
241,スイープビンタ,ノーマル,物理,25,85,10,相手1体,なし,あり,連続で2～5回攻撃する, , , , , , 
242,すいとる,くさ,特殊,20,100,25,相手1体,なし,なし,相手に与えたダメージの半分だけ自分のHPを回復する, , , , , , 
243,スカイアッパー,かくとう,物理,85,90,15,相手1体,なし,あり,『上空』にいる相手にも命中する, , , , , , 
244,スキルスワップ,エスパー,変化,-,-,10,相手1体,なし,なし,自分の特性と相手の特性を入れ換える。必ず命中する,場に出たときに発動する特性は技が成功した時点で発動するが、既に発動させたことのある特性だと発動しない,相手や自分の特性が「 バトルスイッチ 」「マルチタイプ」の場合は失敗する, , , , 
245,スケッチ,ノーマル,変化,-,-,1,相手1体,なし,なし,相手が最後に出した技を覚えて「スケッチ」を忘れる。通信対戦で使うと失敗する,相手が先に『ひんし』状態になったり、技を何も使っていない場合は失敗する,「おしゃべり」と「わるあがき」と既に覚えている技以外を覚えることができる, , , , 
246,ずつき,ノーマル,物理,70,100,15,相手1体,なし,あり,30％の確率で相手を『ひるみ』状態にする, , , , , , 
247,すてゼリフ,あく,変化,-,100,20,相手1体,なし,なし,相手の「攻撃」と「特攻」を1段階下げ、自分は控えに戻る,「みがわり」状態を貫通する, , , , , 
248,すてみタックル,ノーマル,物理,120,100,15,相手1体,なし,あり,相手に与えたダメージの1/3だけ自分も反動を受ける, , , , , , 
249,ステルスロック,いわ,変化,-,-,20,相手の場,なし,なし,交代した相手に最大HPの1/8だけダメージを与える,ダメージはいわタイプとの相性を受ける, , , , , 
250,ストーンエッジ,いわ,物理,100,80,5,相手1体,なし,なし,急所に当たりやすい, , , , , , 
251,すなあらし,いわ,変化,-,-,10,全体の場,なし,なし,5ターンの間、天気を『砂嵐』にする, , , , , , 
252,すなかけ,じめん,変化,-,100,15,相手1体,なし,なし,相手の『命中』を1段階下げる, , , , , , 
253,すなじごく,じめん,物理,35,85,15,相手1体,なし,なし,4～5ターンの間、ターン終了時に相手に最大HPの 1/8 のダメージを与える,その間、相手は逃げられない, , , , , 
254,スパーク,でんき,物理,65,100,20,相手1体,なし,あり,30％の確率で相手を『まひ』状態にする, , , , , , 
255,スピードスター,ノーマル,特殊,60,-,20,相手複数,なし,なし,必ず命中する, , , , , , 
256,スプーンまげ,エスパー,変化,-,80,15,相手1体,なし,なし,相手の『命中』を1段階下げる, , , , , , 
257,スモッグ,どく,特殊,30,70,20,相手1体,なし,なし,40％の確率で相手を『どく』状態にする, , , , , , 
258,すりかえ,あく,変化,-,100,10,相手1体,なし,なし,自分の持ち物と相手の持ち物を入れ換える。野生ポケモンが使っても失敗する,片方が持ち物を持っていなくても使用可能,こだわりハチマキなどと交換してしまっても、技を選びなおせる, , , , 
259,せいちょう,ノーマル,変化,-,-,40,自分,なし,なし,自分の『攻撃』と『特攻』を1段階上げる,『ひざしがつよい』の場合はそれぞれ2段階上がる, , , , , 
260,せいなるつるぎ,かくとう,物理,90,100,20,相手1体,なし,あり,相手の能力変化を無視する, , , , , , 
261,せいなるほのお,ほのお,物理,100,95,5,相手1体,なし,なし,50％の確率で相手を『やけど』状態にする,『こおり』状態でも使え、自分の『こおり』状態を治すことができる, , , , , 
262,ぜったいれいど,こおり,特殊,-,30,5,相手1体,なし,なし,相手を『ひんし』状態にする。自分よりレベルの高い相手には当たらない,特性、持ち物、能力変化による『命中』と『回避』への影響を無視する, , , , , 
263,そうでん,でんき,変化,-,-,20,相手1体,なし,なし,対象が技を出す前に当てればそのターンに出す技のタイプがでんきになる, , , , , , 
264,ソーラービーム,くさ,特殊,120,100,10,相手1体,なし,なし,1ターン目に光を集め、2ターン目に攻撃する。『日差しが強い』なら1ターンで攻撃できる,『雨』『あられ』『砂嵐』ではダメージが半分になる, , , , , 
265,ソニックブーム,ノーマル,特殊,-,90,20,相手1体,なし,なし,相手に20ダメージ与える, , , , , , 
266,そらをとぶ,ひこう,物理,90,95,15,相手1体,あり,あり,1ターン目に『上空』に飛び、2ターン目に攻撃する,『上空』にいる間は一部の技以外命中しない,(フィールド)行ったことのある街などに移動できる, , , , 
267,ダークホール,あく,変化,-,80,10,相手複数,なし,なし,相手を『ねむり』状態にする, , , , , , 
268,たいあたり,ノーマル,物理,50,100,35,相手1体,なし,あり,通常攻撃, , , , , , 
269,だいちのちから,じめん,特殊,90,100,10,相手1体,なし,なし,10％の確率で相手の『特防』を1段階下げる, , , , , , 
270,だいばくはつ,ノーマル,物理,250,100,5,自分以外,なし,なし,自分は『ひんし』状態になる。対象が2体までなら威力が下がらない, , , , , , 
271,ダイビング,みず,物理,80,100,10,相手1体,なし,あり,1ターン目に『水中』に潜り、2ターン目に攻撃する,『水中』にいる間は一部の技以外命中しない, , , , , 
272,だいもんじ,ほのお,特殊,110,85,5,相手1体,なし,なし,10％の確率で相手を『やけど』状態にする, , , , , , 
273,たがやす,じめん,変化,-,-,10,自分以外,あり,なし,草タイプの「攻撃」と「特攻」を1段階上げる, , , , , , 
274,たきのぼり,みず,物理,80,100,15,相手1体,なし,あり,20％の確率で相手を『ひるみ』状態にする,(フィールド)大きな滝を登り降りすることができる, , , , , 
275,だくりゅう,みず,特殊,90,85,10,相手複数,なし,なし,30％の確率で相手の『命中』を1段階下げる, , , , , , 
276,たくわえる,ノーマル,変化,-,-,20,自分,なし,なし,自分の『防御』と『特防』を1段階上げる。3回まで蓄えることができる,蓄えるほど「のみこむ」や「はきだす」の効果が上がる, , , , , 
277,ダストシュート,どく,物理,120,80,5,相手1体,なし,なし,30％の確率で相手を『どく』状態にする, , , , , , 
278,たたきつける,ノーマル,物理,80,75,20,相手1体,なし,あり,通常攻撃, , , , , , 
279,たたみがえし,かくとう,変化,-,-,10,味方の場,なし,なし,味方の場を攻撃技から守る（変化技は防げない）,使用するポケモンを出した直後のターンにしか使えない, , , , , 
280,たたりめ,ゴースト,特殊,65,100,10,相手1体,なし,なし,相手が状態異常だと威力が2倍になる, , , , , , 
281,たつまき,ドラゴン,特殊,40,100,20,相手複数,なし,なし,20％の確率で相手を『ひるみ』状態にする,『上空』にいる相手にも2倍の威力で命中する, , , , , 
282,タネばくだん,くさ,物理,80,100,15,相手1体,なし,なし,通常攻撃, , , , , , 
283,タネマシンガン,くさ,物理,25,100,30,相手1体,なし,なし,連続で2～5回攻撃する, , , , , , 
284,ダブルアタック,ノーマル,物理,35,90,10,相手1体,なし,あり,連続で2回攻撃する, , , , , , 
285,ダブルチョップ,ドラゴン,物理,40,90,15,相手1体,なし,あり,連続で2回攻撃する, , , , , , 
286,ダブルニードル,むし,物理,25,100,20,相手1体,なし,なし,連続で2回攻撃する,20％の確率で相手を『どく』状態にする, , , , , 
287,タマゴうみ,ノーマル,変化,-,-,10,自分,なし,なし,自分のHPを最大HPの半分だけ回復する,(フィールド)自分の最大HPの1/5を他のポケモン1匹に分け与える, , , , , 
288,タマゴばくだん,ノーマル,物理,100,75,10,相手1体,なし,なし,通常攻撃, , , , , , 
289,だましうち,あく,物理,60,-,20,相手1体,なし,あり,必ず命中する, , , , , , 
290,たまなげ,ノーマル,物理,15,85,20,相手1体,なし,なし,連続で2～5回攻撃する, , , , , , 
291,ダメおし,あく,物理,60,100,10,相手1体,なし,あり,ターン内で既にダメージを受けている相手には威力が2倍になる, , , , , , 
292,ちいさくなる,ノーマル,変化,-,-,10,自分,なし,なし,自分の『回避』を2段階上げる,「ゴーストダイブ」「シャドーダイブ」「ドラゴンダイブ」「のしかかり」「ハードローラー」「ふみつけ」「フライングプレス」が必ず当たり、受けるダメージが2倍になる, , , , , 
293,ちきゅうなげ,かくとう,物理,-,100,20,相手1体,なし,あり,相手に自分のレベルと同じダメージを与える, , , , , , 
294,チャージビーム,でんき,特殊,50,90,10,相手1体,なし,なし,70％の確率で自分の『特攻』が1段階上がる, , , , , , 
295,チャームボイス,フェアリー,特殊,40,-,15,相手複数,なし,なし,必ず命中する。相手の「みがわり」状態を貫通する, , , , , , 
296,ちょうおんぱ,ノーマル,変化,-,55,20,相手1体,なし,なし,相手を『こんらん』状態にする, , , , , , 
297,ちょうのまい,むし,変化,-,-,20,自分,なし,なし,自分の『特攻』と『特防』と『素早さ』を1段階上げる,相手の「みがわり」状態を貫通する, , , , , 
298,ちょうはつ,あく,変化,-,100,20,相手1体,なし,なし,3ターンの間、攻撃技しか使えなくする,変化技を選んだ時に先手で受けた場合、技は失敗する, , , , , 
299,ついばむ,ひこう,物理,60,100,20,相手1体,あり,あり,相手がきのみを持っていたら自分に対して使う,バコウのみは技を受ける直前に発動するため効果がある, , , , , 
300,つきのひかり,フェアリー,変化,-,-,5,自分,なし,なし,自分のHPを回復する。回復する量は天気で変わる,通常：最大HPの1/2 日差しが強い：最大HPの2/3 他：最大HPの1/4, , , , , 
301,つじぎり,あく,物理,70,100,15,相手1体,なし,あり,急所に当たりやすい, , , , , , 
302,つつく,ひこう,物理,35,100,35,相手1体,あり,あり,通常攻撃, , , , , , 
303,つっぱり,かくとう,物理,15,100,20,相手1体,なし,あり,連続で2～5回攻撃する, , , , , , 
304,つのでつく,ノーマル,物理,65,100,25,相手1体,なし,あり,通常攻撃, , , , , , 
305,つのドリル,ノーマル,物理,-,30,5,相手1体,なし,あり,相手を『ひんし』状態にする。自分よりレベルの高い相手には当たらない,自分のレベルが相手より高いほど命中が上がり、1レベルにつき1上昇する,特性、持ち物、能力変化による『命中』と『回避』への影響を無視する, , , , 
306,つばさでうつ,ひこう,物理,60,100,35,相手1体,あり,あり,通常攻撃, , , , , , 
307,つばめがえし,ひこう,物理,60,-,20,相手1体,あり,あり,必ず命中する, , , , , , 
308,つぶらなひとみ,フェアリー,変化,-,100,30,相手1体,なし,なし,相手の「攻撃」を1段階下げる, , , , , , 
309,つぼをつく,ノーマル,変化,-,-,30,味方1体,なし,なし,『攻撃』『防御』『特攻』『特防』『素早さ』『命中』『回避』のいずれかを、2段階上げる。,既に最大まで上がっている能力は選ばれない。必ず命中する,「まもる」や「みきり」の影響を受けない。対象が身代わりを出していると失敗する, , , , 
310,つめとぎ,あく,変化,-,-,15,自分,なし,なし,自分の『攻撃』と『命中』を1段階上げる, , , , , , 
311,つららおとし,こおり,物理,85,90,10,相手1体,なし,なし,30％の確率で相手を『ひるみ』状態にする, , , , , , 
312,つららばり,こおり,物理,25,100,30,相手1体,なし,なし,連続で2～5回攻撃する, , , , , , 
313,つるぎのまい,ノーマル,変化,-,-,20,自分,なし,なし,自分の『攻撃』を2段階上げる, , , , , , 
314,つるのムチ,くさ,物理,45,100,25,相手1体,なし,あり,通常攻撃, , , , , , 
315,てかげん,不明,不明,-,-,-,-,なし,あり,現在使用者不明のため詳細不明,「ゆびをふる」を使うと出現することがある, , , , , 
316,テクスチャー,ノーマル,変化,-,-,30,自分,なし,なし,自分のタイプを覚えている技のどれか1つと同じタイプにする,自分のタイプが2つある場合はタイプが1つになる,自分のタイプと同じタイプの技は選ばれない, , , , 
317,テクスチャー２,ノーマル,変化,-,-,30,相手1体,なし,なし,自分のタイプを相手が最後に使った技のタイプを半減か無効にできるタイプにする,候補となるタイプが複数ある場合はランダムとなる,自分のタイプが2つある場合はタイプが1つになる。必ず命中する, , , , 
318,テクノバスター,ノーマル,特殊,85,100,5,相手1体,なし,なし,自分が持っているカセットによってわざのタイプが変わる,アクア→みず、イナズマ→でんき、フリーズ→こおり、ブレイズ→ほのお, , , , , 
319,デスウイング,ひこう,特殊,80,100,10,相手1体,あり,なし,与えたダメージの4分の3だけHPを回復する, , , , , , 
320,てだすけ,ノーマル,変化,-,-,20,味方1体,なし,なし,ターン内の味方の技の威力を1.5倍にする。必ず命中する,味方がいなくても使用することができる, , , , , 
321,てっぺき,はがね,変化,-,-,15,自分,なし,なし,自分の『防御』を2段階上げる, , , , , , 
322,テレキネシス,エスパー,変化,-,-,15,相手1体,なし,なし,3ターンの間、相手に一撃必殺の技以外の技が必ず命中するようになる,じめんタイプの技は無効になる。ディグダ・ダグトリオには無効。必ず命中する, , , , , 
323,テレポート,エスパー,変化,-,-,20,自分,なし,なし,野生ポケモンとの戦闘を終了させる。トレーナー戦では効果が無い,(フィールド)最後に立ち寄ったポケモンセンターに移動する。街の中でも使える, , , , , 
324,てをつなぐ,-,-,-,-,-,-,なし,なし,現在使用者不明のため詳細不明 ,ホテルのルームサービスに名前のみ登場, , , , , 
325,でんきショック,でんき,特殊,40,100,30,相手1体,なし,なし,10％の確率で相手を『まひ』状態にする, , , , , , 
326,でんげきは,でんき,特殊,60,-,20,相手1体,なし,なし,必ず命中する, , , , , , 
327,でんこうせっか,ノーマル,物理,40,100,30,相手1体,なし,あり,先制技, , , , , , 
328,てんしのキッス,フェアリー,変化,-,75,10,相手1体,なし,なし,相手を『こんらん』状態にする, , , , , , 
329,でんじは,でんき,変化,-,100,20,相手1体,なし,なし,相手を『まひ』状態にする, , , , , , 
330,でんじふゆう,でんき,変化,-,-,10,自分,なし,なし,5ターンの間、じめんタイプの攻撃技が当たらなくなる,特性「ありじごく」や技「まきびし」「どくびし」の効果を受けなくなる,「ねをはる」を使うとじめんタイプの攻撃技が当たるようになる, , , , 
331,でんじほう,でんき,特殊,120,50,5,相手1体,なし,なし,技が当たると100％の確率で相手を『まひ』状態にする, , , , , , 
332,とおせんぼう,ノーマル,変化,-,-,5,相手1体,なし,なし,自分が場にいる間、相手を逃げられなくする。必ず命中する,使用者がバトンタッチで交代すると効果が切れる, , , , , 
333,とおぼえ,ノーマル,変化,-,-,40,自分,なし,なし,自分の『攻撃』を1段階上げる, , , , , , 
334,ときのほうこう,ドラゴン,特殊,150,90,5,相手1体,なし,なし,攻撃が成功した次のターンは行動ができなくなる, , , , , , 
335,どくガス,どく,変化,-,90,40,相手複数,なし,なし,相手を『どく』状態にする, , , , , , 
336,どくづき,どく,物理,80,100,20,相手1体,なし,あり,30％の確率で相手を『どく』状態にする, , , , , , 
337,どくどく,どく,変化,-,90,10,相手1体,なし,なし,相手を『もうどく』状態にする,どくタイプが使うと必ず命中する。 , , , , , 
338,どくどくのキバ,どく,物理,50,100,15,相手1体,なし,あり,50％ の確率で相手を『もうどく』状態にする, , , , , , 
339,どくのこな,どく,変化,-,75,35,相手1体,なし,なし,相手を『どく』状態にする,草タイプ・ 毒タイプ・鋼タイプ・ 「ぼうじん」 「めんえき」特性には効果がない, , , , , 
340,どくばり,どく,物理,15,100,35,相手1体,なし,なし,30％の確率で相手を『どく』状態にする, , , , , , 
341,どくびし,どく,変化,-,-,20,相手の場,なし,なし,交代した相手を『どく』状態にする。2回使うと『もうどく』状態にするようになる,ひこうタイプや特性などで宙に浮いている相手には無効,宙に浮いていないどくタイプのポケモンを出されると効果が消える, , , , 
342,とぐろをまく,どく,変化,-,-,20,自分,なし,なし,自分の『攻撃』と『防御』と『命中』を1段階上げる, , , , , , 
343,とげキャノン,ノーマル,物理,20,100,15,相手1体,なし,なし,連続で2～5回攻撃する, , , , , , 
344,とける,どく,変化,-,-,20,自分,なし,なし,自分の『防御』を2段階上げる, , , , , , 
345,とっしん,ノーマル,物理,90,85,20,相手1体,なし,あり,相手に与えたダメージの1/4だけ自分も反動を受ける, , , , , , 
346,とっておき,ノーマル,物理,140,100,5,相手1体,なし,あり,「とっておき」以外に覚えている技をすべて使うと技が成功するようになる,「とっておき」以外にわざを覚えている必要がある,1度条件を満たせば交代するまで有効になる, , , , 
347,とどめばり,むし,物理,30,100,25,相手1体,なし,あり,この技で相手を倒した場合、自分の「攻撃」が2段階上がる, , , , , , 
348,とびげり,かくとう,物理,100,95,10,相手1体,なし,あり,攻撃が当たらなかった場合、自分の最大HPの半分のダメージを受ける, , , , , , 
349,とびはねる,ひこう,物理,85,85,5,相手1体,あり,あり,1ターン目に『上空』に跳び、2ターン目に攻撃する,『上空』にいる間は一部の技以外命中しない,30％の確率で相手を『まひ』状態にする, , , , 
350,とびひざげり,かくとう,物理,130,90,10,相手1体,なし,あり,攻撃が当たらなかった場合、自分の最大HPの半分のダメージを受ける, , , , , , 
351,ともえなげ,かくとう,物理,60,90,10,相手1体,なし,あり,相手のポケモンを強制的に交代させる。交代するポケモンはランダム,野生のポケモンに使うと戦闘が終了する,野生ポケモンのレベルが自分より高い場合、戦闘は終了しない,複数の野生ポケモンとの戦闘時には、戦闘は終了しない, , , 
352,トライアタック,ノーマル,特殊,80,100,10,相手1体,なし,なし,20％の確率で相手を『まひ』『やけど』『こおり』状態のいずれかにする, , , , , , 
353,ドラゴンクロー,ドラゴン,物理,80,100,15,相手1体,なし,あり,通常攻撃, , , , , , 
354,ドラゴンダイブ,ドラゴン,物理,100,75,10,相手1体,なし,あり,20％の確率で相手を『ひるみ』状態にする,「ちいさくなる」を使用した相手に必中し、威力2倍, , , , , 
355,ドラゴンテール,ドラゴン,物理,60,90,10,相手1体,なし,あり,相手のポケモンを強制的に交代させる。交代するポケモンはランダム,野生のポケモンに使うと戦闘が終了する,野生ポケモンのレベルが自分より高い場合、戦闘は終了しない,複数の野生ポケモンとの戦闘時には、戦闘は終了しない, , , 
356,トリック,エスパー,変化,-,100,10,相手1体,なし,なし,自分の持ち物と相手の持ち物を入れ換える。野生ポケモンが使っても失敗する,片方が持ち物を持っていなくても使用可能,こだわりハチマキなどと交換してしまっても、技を選びなおせる,トレーナーのポケモンの持ち物は戦闘後に元に戻る, , , 
357,トリックガード,フェアリー,変化,-,-,10,味方の場,なし,なし,味方の場を変化技から守る（攻撃技は防げない）, , , , , , 
358,トリックルーム,エスパー,変化,-,-,5,全体の場,なし,なし,5ターンの間、『素早さ』が低いポケモンから行動するようになる,効果発動中にもう一度使うと、トリックルーム状態が解除される, , , , , 
359,トリプルキック,かくとう,物理,10,90,10,相手1体,なし,あり,連続で3回攻撃する。当たるたびに威力が10ずつ上がる, , , , , , 
360,ドリルくちばし,ひこう,物理,80,100,20,相手1体,あり,あり,通常攻撃, , , , , , 
361,ドリルライナー,じめん,物理,80,95,10,相手1体,なし,あり,急所に当たりやすい, , , , , , 
362,ドレインキッス,フェアリー,特殊,50,100,10,相手1体,なし,あり,相手に与えたダメージの4分の3だけ自分のHPを回復する, , , , , , 
363,ドレインパンチ,かくとう,物理,75,100,10,相手1体,なし,あり,相手に与えたダメージの半分だけ自分のHPを回復する, , , , , , 
364,どろあそび,じめん,変化,-,-,15,全体の場,なし,なし,５ターンの間 、でんきタイプの技の威力を半分にする, , , , , , 
365,どろかけ,じめん,特殊,20,100,10,相手1体,なし,なし,100％の確率で相手の『命中』を1段階下げる, , , , , , 
366,どろばくだん,じめん,特殊,65,85,10,相手1体,なし,なし,30％の確率で相手の『命中』を1段階下げる, , , , , , 
367,どろぼう,あく,物理,60,100,25,相手1体,なし,あり,相手の持ち物を自分のものにする,自分が既に持ち物を持っている場合はダメージだけを与える,野生のポケモンが使っても持ち物を取られることはない,トレーナーのポケモンの持ち物は戦闘後に元に戻る, , , 
368,ドわすれ,エスパー,変化,-,-,20,自分,なし,なし,自分の『特防』を2段階上げる, , , , , , 
369,とんぼがえり,むし,物理,70,100,20,相手1体,なし,あり,攻撃を当てた後に交代する。相手の「おいうち」はダメージを与えた後に発動する, , , , , , 
370,ないしょばなし,ノーマル,変化,-,-,20,相手1体,なし,なし,相手の「特攻」を1段階下げる,必ず命中し、まもる系・みがわりを貫通する, , , , , 
371,ナイトバースト,あく,特殊,85,95,10,相手1体,なし,なし,40％の確率で相手の『命中』を1段階下げる, , , , , , 
372,ナイトヘッド,ゴースト,特殊,-,100,15,相手1体,なし,なし,相手に自分のレベルと同じダメージを与える, , , , , , 
373,なかまづくり,ノーマル,変化,-,100,15,相手1体,なし,なし,相手の特性を自分の特性と同じものにする,相手の特性が「なまけ」 「バトルスイッチ」 「マルチタイプ」のいずれかの場合は失敗する, , , , , 
374,なかよくする,ノーマル,変化,-,-,20,相手1体,なし,なし,相手の「攻撃」を1段階下げる,必ず命中し、まもる系・みがわりを貫通する, , , , , 
375,なきごえ,ノーマル,変化,-,100,40,相手複数,なし,なし,相手の『攻撃』を1段階下げる, , , , , , 
376,なげつける,あく,物理,-,100,10,相手1体,なし,なし,持っている道具を投げつけて攻撃する。道具は失われる,道具によって威力や効果が異なる。特性「ぶきよう」のポケモンが使うと失敗する, , , , , 
377,なしくずし,ノーマル,物理,70,100,20,相手1体,あり,なし,相手の能力変化を無視する, , , , , , 
378,なまける,ノーマル,変化,-,-,10,自分,なし,なし,自分のHPを最大HPの半分だけ回復する, , , , , , 
379,なみのり,みず,特殊,90,100,15,自分以外,なし,なし,『水中』にいる相手にも2倍の威力で命中する,(フィールド)水上を移動する, , , , , 
380,なやみのタネ,くさ,変化,-,100,10,相手1体,なし,なし,相手の特性を「ふみん」にする,相手の特性が「なまけ」 「バトルスイッチ」 「マルチタイプ」のいずれかの場合は失敗する, , , , , 
381,なりきり,エスパー,変化,-,-,10,相手1体,なし,なし,自分の特性を相手の特性と同じものにする。必ず命中する,場に出たときに発動する特性は技が成功した時点で発動するが、既に発動させたことのある特性だと発動しない,相手の特性が 「バトルスイッチ」 「ふしぎなまもり」「マルチタイプ」のいずれかの場合は失敗する, , , , 
382,ニードルアーム,くさ,物理,60,100,15,相手1体,あり,なし,30％の確率で相手を『ひるみ』状態にする, , , , , , 
383,ニードルガード,くさ,変化,-,-,10,自分,なし,なし,相手の攻撃を防ぐと同時に接触をした相手のHPを8分の1削る,連続で出すと失敗しやすくなる, , , , , 
384,にぎりつぶす,ノーマル,物理,-,100,5,相手1体,あり,なし,相手の残りHPの割合が多いほど威力が上がる。威力は1～120, , , , , , 
385,にどげり,かくとう,物理,30,100,30,相手1体,あり,なし,連続で2回攻撃する, , , , , , 
386,ニトロチャージ,ほのお,物理,50,100,20,相手1体,あり,なし,自分の『素早さ』を1段階上げる, , , , , , 
387,にほんばれ,ほのお,変化,-,-,5,全体の場,なし,なし,5ターンの間、天気を『日差しが強い』にする, , , , , , 
388,にらみつける,ノーマル,変化,-,100,30,相手複数,なし,なし,相手の『防御』を1段階下げる, , , , , , 
389,ねがいごと,ノーマル,変化,-,-,10,自分,なし,なし,次のターンに技を使ったポケモンの最大HPの半分だけ回復する,交代するとそのポケモンが回復する, , , , , 
390,ねこだまし,ノーマル,物理,40,100,10,相手1体,あり,なし,相手を『ひるみ』状態にする。場に出た直後でないと失敗する, , , , , , 
391,ねごと,ノーマル,変化,-,-,10,自分,なし,なし,『ねむり』状態のときに使わないと失敗する,覚えている技をランダムで1つ使う。「ねごと」を含む一部の技は選ばれない, , , , , 
392,ネコにこばん,ノーマル,物理,40,100,20,相手1体,なし,なし,戦闘終了後に(攻撃回数×レベル×5)円のお金が手に入る, , , , , , 
393,ねこのて,ノーマル,変化,-,-,20,自分,なし,なし,自分以外のポケモンの技をランダムで選んで自分が使う。一部の技は選ばれない,タマゴの「中身」が覚えている技も選ばれる, , , , , 
394,ねっとう,みず,特殊,80,100,15,相手1体,なし,なし,30％の確率で相手を『やけど』状態にする, , , , , , 
395,ねっぷう,ほのお,特殊,95,90,10,相手複数,なし,なし,10％の確率で相手を『やけど』状態にする, , , , , , 
396,ねばねばネット,むし,変化,-,-,20,相手の場,なし,なし,相手がポケモンを交代で出す度に素早さを1段階下げる,ひこうタイプや特性ふゆうには無効,こうそくスピンで解除可能, , , , 
397,ねむりごな,くさ,変化,-,75,15,相手1体,なし,なし,相手を『ねむり』状態にする,草タイプ・「ぼうじん」特性 ・および眠らない特性には効果がない, , , , , 
398,ねむる,エスパー,変化,-,-,10,自分,なし,なし,『ねむり』状態になり、HPと状態異常を回復する,『ねむり』状態は技を使ったターンの後、2ターン続く, , , , , 
399,ねをはる,くさ,変化,-,-,20,自分,なし,なし,毎ターン自分のHPを最大HPの1/16だけ回復するようにする,通常の交代ができなくなる。強制的に交代させられなくなる,本来じめんタイプの技が当たらない場合でも当たるようになる, , , , 
400,ねんりき,エスパー,特殊,50,100,25,相手1体,なし,なし,10％の確率で相手を『こんらん』状態にする, , , , , , 
401,のしかかり,ノーマル,物理,85,100,15,相手1体,あり,なし,30％の確率で相手を『まひ』状態にする,「ちいさくなる」を使用した相手に必中し、威力2倍, , , , , 
402,のみこむ,ノーマル,変化,-,-,10,自分,なし,なし,自分のHPを回復する。「たくわえる」を使っていないと失敗する,たくわえた回数に応じて回復量が変わり、自分の最大HPの1/4→半分→全てとなる,「たくわえる」で上昇した能力変化が元に戻る, , , , 
403,のろい,ゴースト,変化,-,-,10,不定,なし,なし,使うポケモンのタイプによって効果が異なる,ゴーストタイプ：相手を『のろい』状態にするが、自分のHPが最大HPの半分減る,他のタイプ：自分の『攻撃』と『防御』を1段階上げるが『素早さ』が1段階下がる, , , , 
404,バークアウト,あく,特殊,55,95,15,相手複数,なし,なし,100％の確率で相手の『特攻』を1段階下げる,相手の「みがわり」状態を貫通する, , , , , 
405,ハートスタンプ,エスパー,物理,60,100,25,相手1体,なし,あり,30％の確率で相手を『ひるみ』状態にする, , , , , , 
406,ハートスワップ,エスパー,変化,-,-,10,相手1体,なし,なし,自分と相手の能力変化を入れ換える。必ず命中する, , , , , , 
407,ハードプラント,くさ,特殊,150,90,5,相手1体,なし,なし,攻撃が成功した次のターンは行動ができなくなる, , , , , , 
408,ハードローラー,むし,物理,65,100,20,相手1体,なし,あり,30％の確率で相手を『ひるみ』状態にする,「ちいさくなる」を使用した相手に必中し、威力2倍, , , , , 
409,ハイドロカノン,みず,特殊,150,90,5,相手1体,なし,なし,攻撃が成功した次のターンは行動ができなくなる, , , , , , 
410,ハイドロポンプ,みず,特殊,110,80,5,相手1体,なし,なし,通常攻撃, , , , , , 
411,ハイパーボイス,ノーマル,特殊,90,100,10,相手複数,なし,なし,追加効果なし。 相手の「みがわり」状態を貫通する , , , , , , 
412,はかいこうせん,ノーマル,特殊,150,90,5,相手1体,なし,なし,攻撃が成功した次のターンは行動ができなくなる, , , , , , 
413,ばかぢから,かくとう,物理,120,100,5,相手1体,なし,あり,自分の『攻撃』と『防御』が1段階下がる, , , , , , 
414,はがねのつばさ,はがね,物理,70,90,25,相手1体,なし,あり,10％の確率で自分の『防御』を1段階上げる, , , , , , 
415,はきだす,ノーマル,特殊,-,100,10,相手1体,なし,なし,「たくわえる」を使っていないと失敗する,たくわえた回数に応じて威力が変わり、100→200→300となる,「たくわえる」で上昇した能力変化が元に戻る,ダメージがランダムで増減することがない, , , 
416,ばくおんぱ,ノーマル,特殊,140,100,10,自分以外,なし,なし,相手の「みがわり」状態を貫通する,特性ぼうおんで無効化される, , , , , 
417,ばくれつパンチ,かくとう,物理,100,50,5,相手1体,なし,あり,技が当たると、100％の確率で相手を『こんらん』状態にする, , , , , , 
418,ハサミギロチン,ノーマル,物理,-,30,5,相手1体,なし,あり,相手を『ひんし』状態にする。自分よりレベルの高い相手には当たらない,自分のレベルが相手より高いほど命中が上がり、1レベルにつき1上昇する,特性、持ち物、能力変化による『命中』と『回避』への影響を無視する, , , , 
419,はさむ,ノーマル,物理,55,100,30,相手1体,なし,あり,通常攻撃, , , , , , 
420,はじけるほのお,ほのお,特殊,70,100,15,相手1体,なし,なし,ダブルバトル・トリプルバトルのとき、攻撃が当たったポケモンの以外のポケモンにも最大HPの1/16だけダメージを与える, , , , , , 
421,はたきおとす,あく,物理,65,100,20,相手1体,なし,あり,相手の持ち物を手放させる。戦闘が終わると持ち物は戻る,「もちもの」を持つ相手には1.5倍のダメージを与える, , , , , 
422,はたく,ノーマル,物理,40,100,35,相手1体,なし,あり,通常攻撃, , , , , , 
423,はっけい,かくとう,物理,60,100,10,相手1体,なし,あり,30％の確率で相手を『まひ』状態にする, , , , , , 
424,はっぱカッター,くさ,物理,55,95,25,相手複数,なし,なし,急所に当たりやすい, , , , , , 
425,ハッピータイム,ノーマル,変化,-,-,30,自分,なし,なし,戦闘終了後にもらえる賞金が2倍になる, , , , , , 
426,はどうだん,かくとう,特殊,80,-,20,相手1体,あり,なし,必ず命中する,トリプルバトルでどこからでも攻撃可能, , , , , 
427,バトンタッチ,ノーマル,変化,-,-,40,自分,なし,なし,ポケモンを交代する。能力変化と一部の状態変化を交代したポケモンに引き継がせる, , , , , , 
428,はなびらのまい,くさ,特殊,120,100,10,ランダム,なし,あり,2～3ターンの間、攻撃し続ける。攻撃が続いている間は他の行動ができない,効果が切れた後『こんらん』状態になる,攻撃が外れるか防がれる、ひるみなどで命中させられないと攻撃をやめる,攻撃が終了するターンより前に攻撃をやめると『こんらん』状態にはならない, , , 
429,はなふぶき,くさ,物理,90,100,15,自分以外,なし,なし,追加効果なし, , , , , , 
430,はねやすめ,ひこう,変化,-,-,10,自分,なし,なし,自分のHPを最大HPの半分だけ回復する,使ってからターンが終了するまで、ひこうタイプの特徴が失われる,ひこうタイプでもHPが減っていない場合は失敗する, , , , 
431,はねる,ノーマル,変化,-,-,40,自分,なし,なし,何も起こらない。, , , , , , 
432,バブルこうせん,みず,特殊,65,100,20,相手1体,なし,なし,10％の確率で相手の『素早さ』を1段階下げる, , , , , , 
433,はめつのねがい,はがね,特殊,140,100,5,相手1体,なし,なし,2ターン後の終了時にダメージを与える,自分がその場からいなくなっても発動する。タイプ相性の効果を受ける(第五世代より), , , , , 
434,はめつのひかり,-,-,-,-,-,-,なし,なし,現在使用者不明のため詳細不明 ,ホテルのルームサービスに名前のみ登場, , , , , 
435,はらだいこ,ノーマル,変化,-,-,10,自分,なし,なし,最大HPの半分を消費するが、自分の『攻撃』を最大まで上げる, , , , , , 
436,パラボラチャージ,でんき,特殊,50,100,20,自分以外,なし,なし,与えたダメージの半分のHPを回復する, , , , , , 
437,バリアー,エスパー,変化,-,-,20,自分,なし,なし,自分の『防御』を2段階上げる, , , , , , 
438,バレットパンチ,はがね,物理,40,100,30,相手1体,なし,あり,先制技, , , , , , 
439,ハロウィン,ゴースト,変化,-,100,20,相手1体,なし,なし,対象にゴーストタイプを追加,2タイプの場合は一時的に3タイプとなる, , , , , 
440,パワーウィップ,くさ,物理,120,85,10,相手1体,なし,あり,通常攻撃, , , , , , 
441,パワーシェア,エスパー,変化,-,-,10,相手1体,なし,なし,自分と相手の『攻撃』と『特攻』を足して均等に分ける。必ず命中する, , , , , , 
442,パワージェム,いわ,特殊,80,100,20,相手1体,なし,なし,通常攻撃, , , , , , 
443,パワースワップ,エスパー,変化,-,-,10,相手1体,なし,なし,自分と相手の『攻撃』と『特攻』の能力変化を入れ換える。必ず命中する, , , , , , 
444,パワートリック,エスパー,変化,-,-,10,自分,なし,なし,自分の『攻撃』と『防御』の値を入れ換える。能力変化は入れ替わらない, , , , , , 
445,ヒートスタンプ,ほのお,物理,-,100,10,相手1体,なし,あり,自分が相手よりも重いほど威力が上がる。威力は40～120, , , , , , 
446,ひかりのかべ,エスパー,変化,-,-,30,味方の場,なし,なし,5ターンの間、特殊技のダメージを半分にする, , , , , , 
447,ひっかく,ノーマル,物理,40,100,35,相手1体,なし,あり,通常攻撃, , , , , , 
448,ひっくりかえす,あく,変化,-,-,20,相手1体,なし,なし,相手の能力変化の状態を逆にする, , , , , , 
449,ひっさつまえば,ノーマル,物理,80,90,15,相手1体,なし,あり,10％の確率で相手を『ひるみ』状態にする, , , , , , 
450,ひのこ,ほのお,特殊,40,100,25,相手1体,なし,なし,10％の確率で相手を『やけど』状態にする, , , , , , 
451,ひみつのちから,ノーマル,物理,70,100,20,相手1体,なし,なし,30％の確率で相手に追加効果を与える。追加効果は使った場所によって異なる,草むら、芝生、 グラスフィールド は「ねむり」状態にする,地面、砂地は命中率を1段階下げる,洞窟は「ひるませる」。水上、水たまり、浅瀬は「攻撃」を1段階下げる,湿原は「すばやさ」を1段階下げる。雪原、氷上は「こおり」状態にする,室内、 スカイバトル、エレキフィールド、通信対戦 は「まひ」状態にする,ミストフィールドは「特攻」を1段階下げる
452,ピヨピヨパンチ,ノーマル,物理,70,100,10,相手1体,なし,あり,20％の確率で相手を『こんらん』状態にする, , , , , , 
453,ビルドアップ,かくとう,変化,-,-,20,自分,なし,なし,自分の『攻撃』と『防御』を1段階上げる, , , , , , 
454,ファストガード,かくとう,変化,-,-,15,味方の場,なし,なし,先制攻撃技を防ぐ。元々優先度が+1以上の技に対して有効,味方への攻撃も防ぐ。 連続で使っても失敗しない , , , , , 
455,ふいうち,あく,物理,80,100,5,相手1体,なし,あり,相手が攻撃技を選び、自分が先に攻撃できると成功する,反動で動けない状態や攻撃のために溜めている相手にも成功する,相手が『ねむり』状態や『こおり』状態でも攻撃技を選んでいれば成功する, , , , 
456,Ｖジェネレート,ほのお,物理,180,95,5,相手1体,なし,あり,自分の『防御』と『特防』と『素早さ』が1段階下がる, , , , , , 
457,ふういん,エスパー,変化,-,-,10,自分,なし,なし,自分がいる間、自分の覚えている技を相手が使えなくなるようにする,相手が自分の覚えている技を覚えていなくても成功する, , , , , 
458,フェアリーロック,フェアリー,変化,-,-,10,全体の場,なし,なし,次のターン全てのポケモンを逃げられなくする, , , , , , 
459,フェイント,ノーマル,物理,30,100,10,相手1体,なし,なし,「まもる」などを使った相手にも攻撃ができ、その状態も解除する,「まもる」などを使っていない相手にも成功する, , , , , 
460,フェザーダンス,ひこう,変化,-,100,15,相手1体,なし,なし,相手の『攻撃』を2段階下げる, , , , , , 
461,ふきとばし,ノーマル,変化,-,-,20,相手1体,なし,なし,相手のポケモンを強制的に交代させる。交代するポケモンはランダム,必ず命中し、相手の「まもる」の系技・「みがわり」状態を貫通する ,相手に控えのポケモンがいない場合、技は失敗する,野生のポケモンに使うと戦闘が終了する,野生ポケモンのレベルが自分より高い場合、戦闘は終了しない,複数の野生ポケモンとの戦闘時には、戦闘は終了しない, 
462,ふくろだたき,あく,物理,-,100,10,相手1体,なし,なし,状態異常になっていない手持ちポケモンの数だけ、連続で攻撃する, , , , , , 
463,ふぶき,こおり,特殊,110,70,5,相手複数,なし,なし,10％の確率で相手を『こおり』状態にする。天気が『あられ』だと必ず命中する, , , , , , 
464,ふみつけ,ノーマル,物理,65,100,20,相手1体,なし,あり,30％の確率で相手を『ひるみ』状態にする,ちいさくなるを使用した相手に 必中し 、威力2倍, , , , , 
465,フライングプレス,かくとう,物理,80,95,-,相手1体,あり,あり,ひこうタイプを併せ持つち、攻撃対象には2タイプそれぞれの相性判定が適用される,(格闘/飛行の相手には抜群/半減で等倍、岩/悪の相手には4倍/半減で2倍となる),ちいさくなるを使用した相手に必中し、威力2倍, , , , 
466,ブラストバーン,ほのお,特殊,150,90,5,相手1体,なし,なし,攻撃が成功した次のターンは行動ができなくなる, , , , , , 
467,プラズマシャワー,でんき,変化,-,-,25,全体の場,なし,なし,優先度＋1以上有り,使用したターンのみ、ノーマルタイプの技をでんきタイプにする, , , , , 
468,フラッシュ,ノーマル,変化,-,100,20,相手1体,なし,なし,相手の『命中』を1段階下げる,(フィールド) 洞窟内で使うと視野が広がり、野生ポケモンが出にくくなる , , , , , 
469,フラフラダンス,ノーマル,変化,-,100,20,自分以外,なし,なし,相手を『こんらん』状態にする, , , , , , 
470,フラワーガード,フェアリー,変化,-,-,10,自分以外,あり,なし,くさタイプの「防御」を1段階上げる, , , , , , 
471,フリーズドライ,こおり,特殊,70,100,20,相手1体,なし,なし,10%の確率で「こおり」状態にすることがある,みずタイプにも効果抜群になる, , , , , 
472,フリーズボルト,こおり,物理,140,90,5,相手1体,なし,なし,1ターン目に溜め、2ターン目に攻撃する。30％の確率で相手を『まひ』状態にする, , , , , , 
473,フリーフォール,ひこう,物理,60,100,10,相手1体,あり,あり,1ターン目で空へ連れ去り、2ターン目に落とすことで攻撃する,連れ去られた状態では相手は行動できなくなる,ひこうタイプのポケモンにはダメージはないが、連れ去られている間は行動できない,体重200kg以上のポケモンは持ち上げられない,連れ去り中に技「じゅうりょく」を使われると、お互いが解放される, , 
474,ふるいたてる,ノーマル,変化,-,-,30,自分,なし,なし,自分の『攻撃』と『特攻』を1段階上げる, , , , , , 
475,フレアドライブ,ほのお,物理,120,100,15,相手1体,なし,あり,相手に与えたダメージの1/3だけ自分も反動を受ける,10％の確率で相手を『やけど』状態にする,『こおり』状態でも使え、自分の『こおり』状態を治すことができる, , , , 
476,ブレイククロー,ノーマル,物理,75,95,10,相手1体,なし,あり,50％の確率で相手の『防御』を1段階下げる, , , , , , 
477,ブレイズキック,ほのお,物理,85,90,10,相手1体,なし,あり,10％の確率で相手を『やけど』状態にする,急所に当たりやすい, , , , , 
478,ブレイブバード,ひこう,物理,120,100,15,相手1体,あり,あり,相手に与えたダメージの1/3だけ自分も反動を受ける, , , , , , 
479,プレゼント,ノーマル,物理,-,90,15,相手1体,なし,なし,使うたびに威力が変わる,威力は40、80、120のいずれかで、それぞれ40％、30％、10％の確率となっている,20％の確率で相手のHPを最大HPの1/4だけ回復することもある, , , , 
480,ふんえん,ほのお,特殊,80,100,15,自分以外,なし,なし,30％の確率で相手を『やけど』状態にする, , , , , , 
481,ふんか,ほのお,特殊,150,100,5,相手複数,なし,なし,自分の残りHPが少ないほど威力が下がる。威力は1～150, , , , , , 
482,ふんじん,むし,変化,-,100,20,相手1体,なし,なし,優先度1以上有り,この技を受けた相手がほのおタイプの技を使うと最大HPの4分の1のダメージを与える,草タイプ・「ぼうじん」特性の相手には効果がない, , , , 
483,ヘドロウェーブ,どく,特殊,95,100,10,自分以外,なし,なし,10％の確率で相手を『どく』状態にする, , , , , , 
484,ヘドロこうげき,どく,特殊,65,100,20,相手1体,なし,なし,30％の確率で相手を『どく』状態にする, , , , , , 
485,ヘドロばくだん,どく,特殊,90,100,10,相手1体,なし,なし,30％の確率で相手を『どく』状態にする, , , , , , 
486,ベノムショック,どく,特殊,65,100,10,相手1体,なし,なし,相手が『どく』か『もうどく』状態のとき、威力が2倍になる, , , , , , 
487,ベノムトラップ,どく,変化,-,100,20,相手複数,なし,なし,『どく』・『もうどく』状態の相手の「攻撃」「特攻」「素早さ」を1段階下げる, , , , , , 
488,ヘビーボンバー,はがね,物理,-,100,10,相手1体,なし,あり,自分が相手よりも重いほど威力が上がる。威力は40～120, , , , , , 
489,へびにらみ,ノーマル,変化,-,100,30,相手1体,なし,なし,相手を『まひ』状態にする, , , , , , 
490,へんしん,ノーマル,変化,-,-,10,相手1体,なし,なし,相手のポケモンに変身する。一部を除きステータスや覚えている技などが同じになる,技の残りPPはすべて5となる。必ず命中する, , , , , 
491,ポイズンテール,どく,物理,50,100,25,相手1体,なし,あり,10％の確率で相手を『どく』状態にする,急所に当たりやすい, , , , , 
492,ぼうぎょしれい,むし,変化,-,-,10,自分,なし,なし,自分の『防御』と『特防』を1段階上げる, , , , , , 
493,ほうでん,でんき,特殊,80,100,15,自分以外,なし,なし,30％の確率で相手を『まひ』状態にする, , , , , , 
494,ぼうふう,ひこう,特殊,110,70,10,相手1体,あり,なし,30％の確率で相手を『こんらん』状態にする。『上空』にいる相手にも命中する,『日差しが強い』と命中が50になる。『雨』のときは必ず命中する, , , , , 
495,ほえる,ノーマル,変化,-,-,20,相手1体,なし,なし,相手のポケモンを強制的に交代させる。交代するポケモンはランダム,必ず命中し、相手の「まもる」の系技・「みがわり」状態を貫通する ,相手に控えのポケモンがいない場合、技は失敗する,野生のポケモンに使うと戦闘が終了する,野生ポケモンのレベルが自分より高い場合、戦闘は終了しない,複数の野生ポケモンとの戦闘時には、戦闘は終了しない, 
496,ボーンラッシュ,じめん,物理,25,90,10,相手1体,なし,なし,連続で2～5回攻撃する, , , , , , 
497,ほごしょく,ノーマル,変化,-,-,20,自分,なし,なし,自分のタイプを変える。タイプは使った場所によって異なる,草・芝生・ グラスフィールド は「くさ」タイプ,地面・砂地・湿原は「じめん」タイプ。洞窟は「いわ」タイプ,水上・水たまり・浅瀬は「みず」タイプ。雪原・氷上は「こおり」タイプ,室内・ スカイバトル・通信対戦 は「ノーマル」タイプ,ミストフィールドは「フェアリー」タイプ。エレキフィールドは「でんき」タイプ, 
498,ほしがる,ノーマル,物理,60,100,25,相手1体,なし,あり,相手の持ち物を自分のものにする,野生のポケモンが使っても持ち物を取られることはない,トレーナーのポケモンの持ち物は戦闘後に元に戻る, , , , 
499,ほたるび,むし,変化,-,-,20,自分,なし,なし,自分の『特攻』を3段階上げる, , , , , , 
500,ほっぺすりすり,でんき,物理,20,100,20,相手1体,なし,あり,この技を当てた場合、100%の確率で相手をまひ状態にする, , , , , , 
501,ボディパージ,はがね,変化,-,-,15,自分,なし,なし,自分の『素早さ』2段階上げ、自分の重さをマイナス100kgにする, , , , , , 
502,ホネこんぼう,じめん,物理,65,85,20,相手1体,なし,なし,10％の確率で相手を『ひるみ』状態にする, , , , , , 
503,ホネブーメラン,じめん,物理,50,90,10,相手1体,なし,なし,連続で2回攻撃する, , , , , , 
504,ほのおのうず,ほのお,特殊,35,85,15,相手1体,なし,なし,4～5ターンの間、ターン終了時に相手に最大HPの 1/8 のダメージを与える,その間、相手は逃げられない, , , , , 
505,ほのおのキバ,ほのお,物理,65,95,15,相手1体,なし,あり,10％の確率で相手を『やけど』状態にする。10％の確率で相手を『ひるみ』状態にする,2つの効果は同時に発生することもある, , , , , 
506,ほのおのちかい,ほのお,特殊,80,100,10,相手1体,なし,なし,「くさのちかい」や「みずのちかい」と同時に使うと通常とは異なる効果になる, , , , , , 
507,ほのおのパンチ,ほのお,物理,75,100,15,相手1体,なし,あり,10％の確率で相手を『やけど』状態にする, , , , , , 
508,ほのおのまい,ほのお,特殊,80,100,10,相手1体,なし,なし,50％の確率で自分の『特攻』が1段階上がる, , , , , , 
509,ボルテッカー,でんき,物理,120,100,15,相手1体,なし,あり,相手に与えたダメージの1/3だけ自分も反動を受ける,10％の確率で相手を『まひ』状態にする, , , , , 
510,ボルトチェンジ,でんき,特殊,70,100,20,相手1体,なし,なし,攻撃を当てた後に交代する。相手の「おいうち」はダメージを与えた後に発動する, , , , , , 
511,ほろびのうた,ノーマル,変化,-,-,5,全体,あり,なし,3ターン後に『ひんし』状態になる。交代すると効果が切れる,相手の「みがわり」状態を貫通する ,トリプルバトルでどこからでも発動可能, , , , 
512,まきつく,ノーマル,物理,15,90,20,相手1体,なし,あり,4～5ターンの間、ターン終了時に相手に最大HPの 1/8 のダメージを与える,その間、相手は逃げられない, , , , , 
513,まきびし,じめん,変化,-,-,20,相手の場,なし,なし,交代した相手にダメージを与える,ひこうタイプや特性などで宙に浮いている相手には無効,使うたびに2回までダメージが増え、相手の最大HPの1/8→1/6→1/4となる, , , , 
514,マグニチュード,じめん,物理,-,100,30,自分以外,なし,なし,ランダムで威力が変わる。威力は10～150で、期待値は71,『地中』にいる相手にも2倍の威力で命中する, , , , , 
515,マグネットボム,はがね,物理,60,-,20,相手1体,なし,なし,必ず命中する, , , , , , 
516,マグマストーム,ほのお,特殊,120,75,5,相手1体,なし,なし,4～5ターンの間、ターン終了時に相手に最大HPの 1/8 のダメージを与える,その間、相手は逃げられない, , , , , 
517,マジカルシャイン,フェアリー,特殊,80,100,10,相手複数,なし,なし,追加効果なし, , , , , , 
518,マジカルフレイム,ほのお,特殊,65,100,10,相手1体,なし,なし,100%の確率で相手の「特攻」を1段階下げる, , , , , , 
519,マジカルリーフ,くさ,特殊,60,-,20,相手1体,なし,なし,必ず命中する, , , , , , 
520,マジックコート,エスパー,変化,-,-,15,自分,なし,なし,自分に対するほとんどの変化技を跳ね返す。, , , , , , 
521,マジックルーム,エスパー,変化,-,-,10,全体の場,なし,なし,5ターンの間、道具の効果を消す,技「なげつける」で道具を投げつけることもできなくなる,効果発動中にもう一度使うと、マジックルーム状態が解除される, , , , 
522,マッドショット,じめん,特殊,55,95,15,相手1体,なし,なし,相手の『素早さ』を1段階下げる, , , , , , 
523,マッハパンチ,かくとう,物理,40,100,30,相手1体,なし,あり,先制技, , , , , , 
524,まとわりつく,むし,特殊,20,100,20,相手1体,なし,あり,4～5ターンの間、ターン終了時に相手に最大HPの1/8のダメージを与える,その間、相手は逃げられない, , , , , 
525,まねっこ,ノーマル,変化,-,-,20,自分,なし,なし,相手・味方問わず、直前に使われた技を使う,対象を選べる技の場合、ランダムで決定される, , , , , 
526,まもる,ノーマル,変化,-,-,10,自分,なし,なし,相手の攻撃を防ぐ。必ず成功するが、同じポケモンが連続で使うと失敗しやすくなる,他の連続で使うと失敗しやすくなる技を交互に使っても失敗しやすくなる, , , , , 
527,まるくなる,ノーマル,変化,-,-,40,自分,なし,なし,自分の『防御』を1段階上げる,一度使うと「アイスボール」「ころがる」の威力が2倍になる, , , , , 
528,まわしげり,かくとう,物理,60,85,15,相手1体,なし,あり,30％の確率で相手を『ひるみ』状態にする, , , , , , 
529,みかづきのまい,エスパー,変化,-,-,10,自分,なし,なし,自分は『ひんし』状態になるが、次に出すポケモンのHPとPPと状態異常を回復させる,交代のタイミングはターン終了時,回復のタイミングは「どくびし」「まきびし」「ステルスロック」の効果の後, , , , 
530,みがわり,ノーマル,変化,-,-,10,自分,なし,なし,自分の最大HPの1/4を使って同量のHPを持つ身代わりを出す,自分への技を代わりに受けるが、一部の技は防げない, , , , , 
531,みきり,かくとう,変化,-,-,5,自分,なし,なし,相手の攻撃を防ぐ。必ず成功するが、同じポケモンが連続で使うと失敗しやすくなる, , , , , , 
532,ミサイルばり,むし,物理,25,95,20,相手1体,なし,なし,連続で2～5回攻撃する, , , , , , 
533,みずあそび,みず,変化,-,-,15,全体の場,なし,なし,５ターンの間 、ほのおタイプの技の威力を半分にする, , , , , , 
534,みずしゅりけん,みず,物理,15,100,20,相手1体,なし,なし,優先度＋1。2～5回攻撃する, , , , , , 
535,みずでっぽう,みず,特殊,40,100,25,相手1体,なし,なし,通常攻撃, , , , , , 
536,ミストフィールド,フェアリー,変化,-,-,10,全体の場,なし,なし,5ターンの間、地面を「ミストフィールド」状態にする,地上にいるポケモンは状態異常にならず、ドラゴンタイプの技を受けたときのダメージが半分になる,「しぜんのちから」は「ムーンフォース」、「ひみつのちから」は「特攻」を1段階下げる、「ほごしょく」はフェアリータイプになる, , , , 
537,ミストボール,エスパー,特殊,70,100,5,相手1体,なし,なし,50％の確率で相手の『特攻』を1段階下げる, , , , , , 
538,みずのちかい,みず,特殊,80,100,10,相手1体,なし,なし,「くさのちかい」や「ほのおのちかい」と同時に使うと通常とは異なる効果になる, , , , , , 
539,みずのはどう,みず,特殊,60,100,20,相手1体,あり,なし,20％の確率で相手を『こんらん』状態にする,トリプルバトルでどこからでも攻撃可能, , , , , 
540,みずびたし,みず,変化,-,100,20,相手1体,なし,なし,相手のタイプをみずタイプにする,タイプを複数持っている場合もみずタイプのみになる, , , , , 
541,みだれづき,ノーマル,物理,15,85,20,相手1体,なし,あり,連続で2～5回攻撃する, , , , , , 
542,みだれひっかき,ノーマル,物理,18,80,15,相手1体,なし,あり,連続で2～5回攻撃する, , , , , , 
543,みちづれ,ゴースト,変化,-,-,5,自分,なし,なし,次に自分が技を使うまでに相手の技で自分が『ひんし』状態になった場合、相手を『ひんし』状態にする, , , , , , 
544,みねうち,ノーマル,物理,40,100,40,相手1体,なし,あり,相手のHPを1だけ残すように攻撃する, , , , , , 
545,みやぶる,ノーマル,変化,-,-,40,相手1体,なし,なし,ゴーストタイプにノーマル／かくとうタイプの技が当たるようになる,相手の『回避』が上がっているときはそれを無視するようになる。必ず命中する, , , , , 
546,ミラーコート,エスパー,特殊,-,100,20,不定,なし,なし,ターン内の最後に受けた特殊攻撃技のダメージを2倍にして相手に与える, , , , , , 
547,ミラーショット,はがね,特殊,65,85,10,相手1体,なし,なし,30％の確率で相手の『命中』を1段階下げる, , , , , , 
548,ミラータイプ,ノーマル,変化,-,-,15,相手1体,なし,なし,自分のタイプを相手のタイプと同じものにする。必ず命中する, , , , , , 
549,みらいよち,エスパー,特殊,120,100,10,相手1体,なし,なし,2ターン後の終了時にダメージを与える,自分がその場からいなくなっても発動する。タイプ相性の効果を受ける(第五世代より), , , , , 
550,ミラクルアイ,エスパー,変化,-,-,40,相手1体,なし,なし,あくタイプにエスパータイプの技が当たるようになる,相手の『回避』が上がっているときはそれを無視するようになる。必ず命中する, , , , , 
551,ミルクのみ,ノーマル,変化,-,-,10,自分,なし,なし,自分のHPを最大HPの半分だけ回復する,(フィールド)自分の最大HPの1/5を他のポケモン1匹に分け与える, , , , , 
552,ムーンフォース,フェアリー,特殊,95,100,15,相手1体,なし,なし,30%の確率で相手の「特攻」を1段階下げることがある, , , , , , 
553,むしくい,むし,物理,60,100,20,相手1体,なし,あり,相手がきのみを持っていたらその効果を自分に対して使う,タンガのみは技を受ける直前に発動するため効果がある, , , , , 
554,むしのさざめき,むし,特殊,90,100,10,相手1体,なし,なし,10％の確率で相手の『特防』を1段階下げる,相手の「みがわり」状態を貫通する, , , , , 
555,むしのていこう,むし,特殊,50,100,20,相手複数,なし,なし,100％の確率で相手の『特攻』を1段階下げる, , , , , , 
556,めいそう,エスパー,変化,-,-,20,自分,なし,なし,自分の『特攻』と『特防』を1段階上げる, , , , , , 
557,メガドレイン,くさ,特殊,40,100,15,相手1体,なし,なし,相手に与えたダメージの半分だけ自分のHPを回復する, , , , , , 
558,メガトンキック,ノーマル,物理,120,75,5,相手1体,なし,あり,通常攻撃, , , , , , 
559,メガトンパンチ,ノーマル,物理,80,85,20,相手1体,なし,あり,通常攻撃, , , , , , 
560,メガホーン,むし,物理,120,85,10,相手1体,なし,あり,通常攻撃, , , , , , 
561,めざましビンタ,かくとう,物理,70,100,10,相手1体,なし,あり,相手が『ねむり』状態のとき、2倍の威力となるが『ねむり』状態から回復する, , , , , , 
562,めざめるパワー,ノーマル,特殊,60,100,15,相手1体,なし,なし,使うポケモンによってタイプが異なる。 威力は60固定 ,「ひらいしん」「よびみず」による攻撃対象変更の影響を受けないが、これらの特性を持つポケモンに該当のタイプで直接攻撃すると無効化される, , , , , 
563,メタルクロー,はがね,物理,50,95,35,相手1体,なし,あり,10％の確率で自分の『攻撃』を1段階上げる, , , , , , 
564,メタルバースト,はがね,物理,-,100,10,不定,なし,なし,ターン内の最後に受けた攻撃技のダメージを1.5倍にして相手に与える, , , , , , 
565,メロメロ,ノーマル,変化,-,100,15,相手1体,なし,なし,相手を『メロメロ』状態にする。自分がいる間、効果が続く,自分と相手が同じ性別のときと、どちらか一方でも性別不明のときは効果がない, , , , , 
566,ものまね,ノーマル,変化,-,-,10,相手1体,なし,なし,相手が直前に使った技を「ものまね」の代わりに覚える,覚えた技のPPは5で、交代すると元に戻る,相手が技を出す前に使うと失敗する, , , , 
567,もりののろい,くさ,変化,-,100,20,相手1体,なし,なし,対象にくさタイプを追加,(2タイプの場合は一時的に3タイプとなる）, , , , , 
568,もろはのずつき,いわ,物理,150,80,5,相手1体,なし,あり,相手に与えたダメージの半分だけ自分も反動を受ける, , , , , , 
569,らいげき,でんき,物理,130,85,5,相手1体,なし,あり,20％の確率で相手を『まひ』状態にする, , , , , , 
570,ラスターカノン,はがね,特殊,80,100,10,相手1体,なし,なし,10％の確率で相手の『特防』を1段階下げる, , , , , , 
571,ラスターパージ,エスパー,特殊,70,100,5,相手1体,なし,なし,50％の確率で相手の『特防』を1段階下げる, , , , , , 
572,リーフストーム,くさ,特殊,130,90,5,相手1体,なし,なし,自分の『特攻』が2段階下がる, , , , , , 
573,リーフブレード,くさ,物理,90,100,15,相手1体,なし,あり,急所に当たりやすい, , , , , , 
574,リサイクル,ノーマル,変化,-,-,10,自分,なし,なし,自分の位置で消費された持ち物を、もう一度使うことができるようにする, , , , , , 
575,リフレクター,エスパー,変化,-,-,20,味方の場,なし,なし,5ターンの間、物理技のダメージを半分にする, , , , , , 
576,リフレッシュ,ノーマル,変化,-,-,20,自分,なし,なし,自分の『どく』『もうどく』『まひ』『やけど』状態を治す, , , , , , 
577,リベンジ,かくとう,物理,60,100,10,相手1体,なし,あり,同じターンに相手から攻撃を受けていると、その相手に対しての攻撃が威力2倍になる,「とんぼがえり」「ボルトチェンジ」を受けた場合、出てきたポケモンに対しても有効, , , , , 
578,りゅうせいぐん,ドラゴン,特殊,130,90,5,相手1体,なし,なし,自分の『特攻』が2段階下がる, , , , , , 
579,りゅうのいかり,ドラゴン,特殊,-,100,10,相手1体,なし,なし,相手に40ダメージ与える,タイプ相性および、 特性「ふしぎなまもり」の影響を受ける, , , , , 
580,りゅうのいぶき,ドラゴン,特殊,60,100,20,相手1体,なし,なし,30％の確率で相手を『まひ』状態にする, , , , , , 
581,りゅうのはどう,ドラゴン,特殊,85,100,10,相手1体,あり,なし,トリプルバトルでどこからでも攻撃可能, , , , , , 
582,りゅうのまい,ドラゴン,変化,-,-,20,自分,なし,なし,自分の『攻撃』と『素早さ』を1段階上げる, , , , , , 
583,りんしょう,ノーマル,特殊,60,100,15,相手1体,なし,なし,同じターン中に2匹以上で使うと、2匹目からは威力が倍になる,相手の「みがわり」状態を貫通する,2匹目以降は1匹目の直後に技を出す, , , , 
584,れいとうパンチ,こおり,物理,75,100,15,相手1体,なし,あり,10％の確率で相手を『こおり』状態にする, , , , , , 
585,れいとうビーム,こおり,特殊,90,100,10,相手1体,なし,なし,10％の確率で相手を『こおり』状態にする, , , , , , 
586,れんごく,ほのお,特殊,100,50,5,体,なし,なし,技が当たると、100％の確率で相手を『やけど』状態にする, , , , , , 
587,れんぞくぎり,むし,物理,40,95,20,相手1体,なし,あり,連続で命中させるたびに、威力が2倍になる(最大で120),攻撃が外れるか、他の技を使うと威力がリセットされる, , , , , 
588,れんぞくパンチ,ノーマル,物理,18,85,15,相手1体,なし,あり,連続で2～5回攻撃する, , , , , , 
589,ローキック,かくとう,物理,65,100,20,相手1体,なし,あり,100％の確率で相手の『素早さ』を1段階下げる, , , , , , 
590,ロケットずつき,ノーマル,物理,130,100,15,相手1体,なし,あり,1ターン目で自分の『防御』を1段階上げ、2ターン目に攻撃する,「パワフルハーブ」を持たせておくと1ターンで『防御』を1段階上げ、攻撃もする, , , , , 
591,ロックオン,ノーマル,変化,-,-,5,相手1体,なし,なし,次のターンの自分の攻撃が必ず命中するようにする。必ず命中する, , , , , , 
592,ロックカット,いわ,変化,-,-,20,自分,なし,なし,自分の『素早さ』を2段階上げる, , , , , , 
593,ロッククライム,ノーマル,物理,90,85,20,相手1体,なし,あり,20％の確率で相手を『こんらん』状態にする, , , , , , 
594,ロックブラスト,いわ,物理,25,90,10,相手1体,なし,なし,連続で2～5回攻撃する, , , , , , 
595,らいげき,でんき,物理,130,85,5,相手1体,なし,あり,20％の確率で相手を『まひ』状態にする, , , , , , 
596,ラスターカノン,はがね,特殊,80,100,10,相手1体,なし,なし,10％の確率で相手の『特防』を1段階下げる, , , , , , 
597,ラスターパージ,エスパー,特殊,70,100,5,相手1体,なし,なし,50％の確率で相手の『特防』を1段階下げる, , , , , , 
598,リーフストーム,くさ,特殊,130,90,5,相手1体,なし,なし,自分の『特攻』が2段階下がる, , , , , , 
599,リーフブレード,くさ,物理,90,100,15,相手1体,なし,あり,急所に当たりやすい, , , , , , 
600,リサイクル,ノーマル,変化,-,-,10,自分,なし,なし,自分の位置で消費された持ち物を、もう一度使うことができるようにする, , , , , , 
601,リフレクター,エスパー,変化,-,-,20,味方の場,なし,なし,5ターンの間、物理技のダメージを半分にする, , , , , , 
602,リフレッシュ,ノーマル,変化,-,-,20,自分,なし,なし,自分の『どく』『もうどく』『まひ』『やけど』状態を治す, , , , , , 
603,リベンジ,かくとう,物理,60,100,10,相手1体,なし,あり,同じターンに相手から攻撃を受けていると、その相手に対しての攻撃が威力2倍になる,「とんぼがえり」「ボルトチェンジ」を受けた場合、出てきたポケモンに対しても有効, , , , , 
604,りゅうせいぐん,ドラゴン,特殊,130,90,5,相手1体,なし,なし,自分の『特攻』が2段階下がる, , , , , , 
605,りゅうのいかり,ドラゴン,特殊,-,100,10,相手1体,なし,なし,相手に40ダメージ与える,タイプ相性および、 特性「ふしぎなまもり」の影響を受ける, , , , , 
606,りゅうのいぶき,ドラゴン,特殊,60,100,20,相手1体,なし,なし,30％の確率で相手を『まひ』状態にする, , , , , , 
607,りゅうのはどう,ドラゴン,特殊,85,100,10,相手1体,あり,なし,トリプルバトルでどこからでも攻撃可能, , , , , , 
608,りゅうのまい,ドラゴン,変化,-,-,20,自分,なし,なし,自分の『攻撃』と『素早さ』を1段階上げる, , , , , , 
609,りんしょう,ノーマル,特殊,60,100,15,相手1体,なし,なし,同じターン中に2匹以上で使うと、2匹目からは威力が倍になる,2匹目以降は1匹目の直後に技を出す,相手の「みがわり」状態を貫通する, , , , 
610,れいとうパンチ,こおり,物理,75,100,15,相手1体,なし,あり,10％の確率で相手を『こおり』状態にする, , , , , , 
611,れいとうビーム,こおり,特殊,90,100,10,相手1体,なし,なし,10％の確率で相手を『こおり』状態にする, , , , , , 
612,れんごく,ほのお,特殊,100,50,5,体,なし,なし,技が当たると、100％の確率で相手を『やけど』状態にする, , , , , , 
613,れんぞくぎり,むし,物理,40,95,20,相手1体,なし,あり,連続で命中させるたびに、威力が2倍になる(最大で120),攻撃が外れるか、他の技を使うと威力がリセットされる, , , , , 
614,れんぞくパンチ,ノーマル,物理,18,85,15,相手1体,なし,あり,連続で2～5回攻撃する, , , , , , 
615,ローキック,かくとう,物理,65,100,20,相手1体,なし,あり,100％の確率で相手の『素早さ』を1段階下げる, , , , , , 
616,ロケットずつき,ノーマル,物理,130,100,15,相手1体,なし,あり,1ターン目で自分の『防御』を1段階上げ、2ターン目に攻撃する,「パワフルハーブ」を持たせておくと1ターンで『防御』を1段階上げ、攻撃もする, , , , , 
617,ロックオン,ノーマル,変化,-,-,5,相手1体,なし,なし,次のターンの自分の攻撃が必ず命中するようにする。必ず命中する, , , , , , 
618,ロックカット,いわ,変化,-,-,20,自分,なし,なし,自分の『素早さ』を2段階上げる, , , , , , 
619,ロッククライム,ノーマル,物理,90,85,20,相手1体,なし,あり,20％の確率で相手を『こんらん』状態にする, , , , , , 
620,ロックブラスト,いわ,物理,25,90,10,相手1体,なし,なし,連続で2～5回攻撃する, , , , , , 
621,ワイドガード,いわ,変化,-,-,10,味方の場,なし,なし,全体攻撃技を防ぐ。味方の使用した味方に当たる全体攻撃も防ぐ,使ったポケモンが『ひんし』状態になっても効果は消えない,連続で使っても失敗しない, , , , 
622,ワイルドボルト,でんき,物理,90,100,15,相手1体,あり,なし,相手に与えたダメージの1/4だけ自分も反動を受ける, , , , , , 
623,わたほうし,くさ,変化,-,100,40,相手1体,なし,なし,相手の『素早さ』を2段階下げる, , , , , , 
624,わるあがき,ノーマル,物理,50,-,1,ランダム,あり,なし,他に使える技が無いときに繰り出す技。自分の最大HPの1/4ダメージを受ける,自分へのダメージは防げない。必ず命中し、タイプの影響を受けない, , , , , 
625,わるだくみ,あく,変化,-,-,20,自分,なし,なし,自分の『特攻』を2段階上げる, , , , , , 
626,ワンダールーム,エスパー,変化,-,-,10,全体の場,なし,なし,5ターンの間、全てのポケモンの『防御』と『特防』が入れ換わる,効果発動中にもう一度使うと、ワンダールーム状態が解除される, , , , , 
627,やきつくす,ほのお,特殊,60,100,15,相手複数,なし,なし,きのみや ジュエル を焼失させる。オッカのみは技を受ける直前に発動するため効果がある, , , , , , 
628,やつあたり,ノーマル,物理,-,100,20,相手1体,あり,なし,なついていないほど威力が上がる。威力は1～102, , , , , , 
629,やどりぎのタネ,くさ,変化,-,90,10,相手1体,なし,なし,相手の最大HPの1/8を吸収する。自分が交代しても効果は続く。くさタイプには無効, , , , , , 
630,やまあらし,かくとう,物理,60,100,10,相手1体,あり,なし,必ず急所に当たる, , , , , , 
631,ゆうわく,ノーマル,変化,-,100,20,相手複数,なし,なし,異性の相手の『特攻』を2段階下げる,自分と相手が同じ性別のときと、どちらか一方でも性別不明のときは効果がない, , , , , 
632,ゆきなだれ,こおり,物理,60,100,10,通常,あり,なし,同じターンに相手から攻撃を受けていると、その相手に対しての攻撃が威力2倍になる,「とんぼがえり」「ボルトチェンジ」を受けた場合、出てきたポケモンに対しても有効, , , , , 
633,ゆびをふる,ノーマル,変化,-,-,10,自分,なし,なし,ほぼ全ての技の中からランダムで選ばれた技を使う, , , , , , 
634,ゆめくい,エスパー,特殊,100,100,15,相手1体,なし,なし,相手が『ねむり』状態のときだけ有効,相手に与えたダメージの半分だけ自分のHPを回復する, , , , , 
635,ようかいえき,どく,特殊,40,100,30,相手複数,なし,なし,1割の確率で相手の『特攻』を1段階下げる, , , , , , 
636,ようせいのかぜ,フェアリー,特殊,40,100,30,相手1体,なし,なし,追加効果なし, , , , , , 
637,ヨガのポーズ,エスパー,変化,-,-,40,自分,なし,なし,自分の『攻撃』を1段階上げる, , , , , , 
638,よこどり,あく,変化,-,-,10,自分,なし,なし,相手が使おうとした回復技や能力変化技を自分に使う。1ターンに1度だけよこどりできる, , , , , , 
639,ダイヤストーム,いわ,特殊,100,95,5,相手複数,なし,なし,自分の防御を上げることがある。, , , , , , 